2025-09-01 16:19:36,441 [INFO] Activator:176 - 


2025-09-01 16:19:36,444 [INFO] Activator:177 - !SESSION log4j initialized
2025-09-01 16:19:40,697 [INFO] LogOutputStream:77 - [STDOUT_REDIRECT] 
2025-09-01 16:19:47,101 [INFO] ApplicationProperties:184 - Using Application install path: E:\STM32CubeIDE_1.19.0\STM32CubeIDE\plugins\com.st.stm32cube.common.mx_6.15.0.202507011659
2025-09-01 16:19:47,114 [INFO] DbMcusXml:78 - Set database path to: E:\STM32CubeIDE_1.19.0\STM32CubeIDE\plugins\com.st.stm32cube.common.mx_6.15.0.202507011659\\db\/mcu/
2025-09-01 16:19:47,114 [INFO] ApiDb:274 - Set plugin database path to: E:\STM32CubeIDE_1.19.0\STM32CubeIDE\plugins\com.st.stm32cube.common.mx_6.15.0.202507011659\\db\/plugins/boardmanager/
2025-09-01 16:19:47,117 [WARN] ApiDb:259 - Overriding images path with different value:  => E:\STM32CubeIDE_1.19.0\STM32CubeIDE\plugins\com.st.stm32cube.common.mx_6.15.0.202507011659\\db\/plugins/mcufinder/images/
2025-09-01 16:19:47,128 [INFO] ApiDb:250 - Set database path to: C:\Users\nphis\.stmcufinder\plugins\mcufinder//mcu/
2025-09-01 16:19:47,129 [INFO] DbMcusAds:125 - Set database path to: C:\Users\nphis\.stmcufinder\plugins\mcufinder//mcu/
2025-09-01 16:19:47,131 [INFO] CrossReferenceDbSqlite:203 - Set database path to: C:\Users\nphis\.stmcufinder\plugins\mcufinder//mcu/cs/
2025-09-01 16:19:47,225 [INFO] RulesReader:64 - Compatibility file has been processed (317 Rules)
2025-09-01 16:19:47,292 [INFO] DbMcusXml:78 - Set database path to: E:\STM32CubeIDE_1.19.0\STM32CubeIDE\plugins\com.st.stm32cube.common.mx_6.15.0.202507011659\\db\/mcu/
2025-09-01 16:19:47,292 [INFO] ApiDb:274 - Set plugin database path to: E:\STM32CubeIDE_1.19.0\STM32CubeIDE\plugins\com.st.stm32cube.common.mx_6.15.0.202507011659\\db\/plugins/boardmanager/
2025-09-01 16:19:47,292 [INFO] ApiDb:261 - Set plugin images path to: E:\STM32CubeIDE_1.19.0\STM32CubeIDE\plugins\com.st.stm32cube.common.mx_6.15.0.202507011659\\db\/plugins/mcufinder/images/
2025-09-01 16:19:47,292 [WARN] DbFile:41 - Overriding database path with different value: C:\Users\nphis\.stmcufinder\plugins\mcufinder/ => C:\Users\nphis\.stmcufinder\plugins\mcufinder
2025-09-01 16:19:47,292 [INFO] ApiDb:250 - Set database path to: C:\Users\nphis\.stmcufinder\plugins\mcufinder//mcu/
2025-09-01 16:19:47,292 [WARN] DbFile:41 - Overriding database path with different value: C:\Users\nphis\.stmcufinder\plugins\mcufinder/ => C:\Users\nphis\.stmcufinder\plugins\mcufinder
2025-09-01 16:19:47,292 [INFO] DbMcusAds:125 - Set database path to: C:\Users\nphis\.stmcufinder\plugins\mcufinder//mcu/
2025-09-01 16:19:47,292 [WARN] DbFile:41 - Overriding database path with different value: C:\Users\nphis\.stmcufinder\plugins\mcufinder/ => C:\Users\nphis\.stmcufinder\plugins\mcufinder
2025-09-01 16:19:47,292 [WARN] DbFile:41 - Overriding database path with different value: C:\Users\nphis\.stmcufinder\plugins\mcufinder/ => C:\Users\nphis\.stmcufinder\plugins\mcufinder
2025-09-01 16:19:47,292 [INFO] CrossReferenceDbSqlite:203 - Set database path to: C:\Users\nphis\.stmcufinder\plugins\mcufinder//mcu/cs/
2025-09-01 16:19:47,382 [INFO] MainPanel:274 - HeapMemory: 268435456
2025-09-01 16:19:47,457 [INFO] DbMcusXml:78 - Set database path to: E:\STM32CubeIDE_1.19.0\STM32CubeIDE\plugins\com.st.stm32cube.common.mx_6.15.0.202507011659\\db\/mcu/
2025-09-01 16:19:47,457 [INFO] ApiDb:274 - Set plugin database path to: E:\STM32CubeIDE_1.19.0\STM32CubeIDE\plugins\com.st.stm32cube.common.mx_6.15.0.202507011659\\db\/plugins/boardmanager/
2025-09-01 16:19:47,457 [INFO] ApiDb:261 - Set plugin images path to: E:\STM32CubeIDE_1.19.0\STM32CubeIDE\plugins\com.st.stm32cube.common.mx_6.15.0.202507011659\\db\/plugins/mcufinder/images/
2025-09-01 16:19:47,457 [WARN] DbFile:41 - Overriding database path with different value: C:\Users\nphis\.stmcufinder\plugins\mcufinder/ => C:\Users\nphis\.stmcufinder\plugins\mcufinder
2025-09-01 16:19:47,457 [INFO] ApiDb:250 - Set database path to: C:\Users\nphis\.stmcufinder\plugins\mcufinder//mcu/
2025-09-01 16:19:47,457 [WARN] DbFile:41 - Overriding database path with different value: C:\Users\nphis\.stmcufinder\plugins\mcufinder/ => C:\Users\nphis\.stmcufinder\plugins\mcufinder
2025-09-01 16:19:47,457 [INFO] DbMcusAds:125 - Set database path to: C:\Users\nphis\.stmcufinder\plugins\mcufinder//mcu/
2025-09-01 16:19:47,457 [WARN] DbFile:41 - Overriding database path with different value: C:\Users\nphis\.stmcufinder\plugins\mcufinder/ => C:\Users\nphis\.stmcufinder\plugins\mcufinder
2025-09-01 16:19:47,457 [WARN] DbFile:41 - Overriding database path with different value: C:\Users\nphis\.stmcufinder\plugins\mcufinder/ => C:\Users\nphis\.stmcufinder\plugins\mcufinder
2025-09-01 16:19:47,458 [INFO] CrossReferenceDbSqlite:203 - Set database path to: C:\Users\nphis\.stmcufinder\plugins\mcufinder//mcu/cs/
2025-09-01 16:19:47,472 [INFO] ApplicationProperties:184 - Using Application install path: E:\STM32CubeIDE_1.19.0\STM32CubeIDE\plugins\com.st.stm32cube.common.mx_6.15.0.202507011659
2025-09-01 16:19:47,473 [INFO] PluginManage:196 - Search for loadable plugins [exclusion list=, ]
2025-09-01 16:19:47,474 [INFO] PluginManage:310 - Check plugin analytics
2025-09-01 16:19:52,585 [INFO] AnalyticsPlugin:253 - Accepted Software Licenses: STM32CubeMX.6.15.0
2025-09-01 16:19:52,585 [INFO] AnalyticsPlugin:255 - Accepted CMSIS Pack Licenses: 
2025-09-01 16:19:52,585 [INFO] AnalyticsPlugin:257 - Accepted Firmware Licenses: FW.F7.1.17.0,FW.F4.1.28.0
2025-09-01 16:19:52,587 [INFO] PluginManage:359 - Loaded plugin analytics (category:tool,tabindex:-1)
2025-09-01 16:19:52,587 [INFO] PluginManage:310 - Check plugin cadmodel
2025-09-01 16:19:52,600 [INFO] CADModel:105 - Init CAD model plugin
2025-09-01 16:19:52,601 [INFO] PluginManage:359 - Loaded plugin cadmodel (category:power,tabindex:5)
2025-09-01 16:19:52,601 [INFO] PluginManage:310 - Check plugin clock
2025-09-01 16:19:52,616 [INFO] PluginManage:359 - Loaded plugin clock (category:base,tabindex:2)
2025-09-01 16:19:52,617 [INFO] PluginManage:310 - Check plugin ddr
2025-09-01 16:19:52,618 [INFO] PluginManage:359 - Loaded plugin ddr (category:tool,tabindex:6)
2025-09-01 16:19:52,618 [INFO] PluginManage:310 - Check plugin filemanager
2025-09-01 16:19:52,721 [INFO] PluginManage:359 - Loaded plugin filemanager (category:base,tabindex:10)
2025-09-01 16:19:52,722 [INFO] PluginManage:310 - Check plugin ipmanager
2025-09-01 16:19:52,727 [INFO] PluginManage:359 - Loaded plugin ipmanager (category:base,tabindex:5)
2025-09-01 16:19:52,727 [INFO] PluginManage:310 - Check plugin lpbam
2025-09-01 16:19:52,742 [INFO] PluginManage:359 - Loaded plugin lpbam (category:base,tabindex:0)
2025-09-01 16:19:52,742 [INFO] PluginManage:310 - Check plugin memorymap
2025-09-01 16:19:52,761 [INFO] PluginManage:359 - Loaded plugin memorymap (category:base,tabindex:4)
2025-09-01 16:19:52,761 [INFO] PluginManage:310 - Check plugin pinoutandconfiguration
2025-09-01 16:19:52,777 [INFO] PluginManage:359 - Loaded plugin pinoutandconfiguration (category:base,tabindex:1)
2025-09-01 16:19:52,777 [INFO] PluginManage:310 - Check plugin pinoutconfig
2025-09-01 16:19:52,847 [WARN] SupportedApi:132 - Cannot load RTOS API schema: s4s-elt-must-match.1: The content of 'definitions' must match (annotation?, (simpleType | complexType)?, (unique | key | keyref)*)). A problem was found starting at: attribute.
2025-09-01 16:19:52,955 [INFO] PluginManage:359 - Loaded plugin pinoutconfig (category:base,tabindex:0)
2025-09-01 16:19:52,955 [INFO] PluginManage:310 - Check plugin power
2025-09-01 16:19:52,972 [INFO] PluginManage:359 - Loaded plugin power (category:power,tabindex:4)
2025-09-01 16:19:52,972 [INFO] PluginManage:310 - Check plugin projectmanager
2025-09-01 16:19:52,984 [INFO] PluginManage:359 - Loaded plugin projectmanager (category:projectmanager,tabindex:4)
2025-09-01 16:19:52,985 [INFO] PluginManage:310 - Check plugin rif
2025-09-01 16:19:53,003 [INFO] PluginManage:359 - Loaded plugin rif (category:base,tabindex:3)
2025-09-01 16:19:53,003 [INFO] PluginManage:310 - Check plugin thirdparty
2025-09-01 16:19:53,243 [INFO] PluginManage:359 - Loaded plugin thirdparty (category:base,tabindex:-1)
2025-09-01 16:19:53,243 [WARN] IntegrityCheckThread:84 - waiting for thirdparty lock release [integrity check]
2025-09-01 16:19:53,244 [INFO] PluginManage:310 - Check plugin tools
2025-09-01 16:19:53,244 [INFO] IntegrityCheckThread:86 - entering critical section [integrity check]
2025-09-01 16:19:53,244 [INFO] ThirdPartyUpdaterWithRetryManager:70 - Updater plugin not ready yet. [1/15]
2025-09-01 16:19:53,278 [INFO] PluginManage:359 - Loaded plugin tools (category:base,tabindex:7)
2025-09-01 16:19:53,278 [INFO] PluginManage:310 - Check plugin tutovideos
2025-09-01 16:19:53,450 [INFO] PluginManage:359 - Loaded plugin tutovideos (category:base,tabindex:-1)
2025-09-01 16:19:53,450 [INFO] PluginManage:310 - Check plugin updater
2025-09-01 16:19:53,465 [INFO] PluginManage:359 - Loaded plugin updater (category:base,tabindex:12)
2025-09-01 16:19:53,465 [INFO] PluginManage:310 - Check plugin userauth
2025-09-01 16:19:53,469 [INFO] UserAuth:118 - Init User Auth plugin
2025-09-01 16:19:53,469 [INFO] PluginManage:359 - Loaded plugin userauth (category:base,tabindex:14)
2025-09-01 16:19:53,470 [INFO] PluginManage:283 - PluginManage : Loaded plugins [18]
2025-09-01 16:19:53,626 [INFO] PinOutPanel:1589 - setPackage(No Configuration,No Configuration)
2025-09-01 16:19:53,684 [INFO] CADModel:165 - CPN selected for project level
2025-09-01 16:19:53,684 [INFO] CADModel:114 - Register for checkConnection events
2025-09-01 16:19:53,707 [INFO] IPUIPlugin:80 - create IPUIPlugin
2025-09-01 16:19:53,707 [INFO] PluginManager:220 - loadIPPluginJar : add adc
2025-09-01 16:19:53,742 [INFO] IPUIPlugin:80 - create IPUIPlugin
2025-09-01 16:19:53,742 [INFO] PluginManager:220 - loadIPPluginJar : add aes
2025-09-01 16:19:53,781 [INFO] IPUIPlugin:80 - create IPUIPlugin
2025-09-01 16:19:53,781 [INFO] PluginManager:220 - loadIPPluginJar : add can
2025-09-01 16:19:53,803 [INFO] IPUIPlugin:80 - create IPUIPlugin
2025-09-01 16:19:53,804 [INFO] PluginManager:220 - loadIPPluginJar : add comp
2025-09-01 16:19:53,834 [INFO] IPUIPlugin:80 - create IPUIPlugin
2025-09-01 16:19:53,835 [INFO] PluginManager:220 - loadIPPluginJar : add cryp
2025-09-01 16:19:53,846 [INFO] IPUIPlugin:80 - create IPUIPlugin
2025-09-01 16:19:53,847 [INFO] PluginManager:220 - loadIPPluginJar : add ddr_ctrl_phy
2025-09-01 16:19:53,873 [INFO] IPUIPlugin:80 - create IPUIPlugin
2025-09-01 16:19:53,873 [INFO] PluginManager:220 - loadIPPluginJar : add dfsdm
2025-09-01 16:19:53,885 [INFO] IPUIPlugin:80 - create IPUIPlugin
2025-09-01 16:19:53,886 [INFO] PluginManager:220 - loadIPPluginJar : add dma
2025-09-01 16:19:53,918 [INFO] IPUIPlugin:80 - create IPUIPlugin
2025-09-01 16:19:53,918 [INFO] PluginManager:220 - loadIPPluginJar : add dma3
2025-09-01 16:19:53,959 [INFO] IPUIPlugin:80 - create IPUIPlugin
2025-09-01 16:19:53,959 [INFO] PluginManager:220 - loadIPPluginJar : add extmemmanager
2025-09-01 16:19:53,979 [INFO] IPUIPlugin:80 - create IPUIPlugin
2025-09-01 16:19:53,979 [INFO] PluginManager:220 - loadIPPluginJar : add fatfs
2025-09-01 16:19:54,021 [INFO] IPUIPlugin:80 - create IPUIPlugin
2025-09-01 16:19:54,021 [INFO] PluginManager:220 - loadIPPluginJar : add fmc
2025-09-01 16:19:54,035 [INFO] IPUIPlugin:80 - create IPUIPlugin
2025-09-01 16:19:54,035 [INFO] PluginManager:220 - loadIPPluginJar : add freertos
2025-09-01 16:19:54,053 [INFO] IPUIPlugin:80 - create IPUIPlugin
2025-09-01 16:19:54,054 [INFO] PluginManager:220 - loadIPPluginJar : add genericplugin
2025-09-01 16:19:54,132 [INFO] IPUIPlugin:80 - create IPUIPlugin
2025-09-01 16:19:54,132 [INFO] PluginManager:220 - loadIPPluginJar : add gfxmmu
2025-09-01 16:19:54,249 [INFO] IPUIPlugin:80 - create IPUIPlugin
2025-09-01 16:19:54,250 [INFO] PluginManager:220 - loadIPPluginJar : add gic
2025-09-01 16:19:54,261 [INFO] IPUIPlugin:80 - create IPUIPlugin
2025-09-01 16:19:54,262 [INFO] PluginManager:220 - loadIPPluginJar : add gpio
2025-09-01 16:19:54,341 [INFO] IPUIPlugin:80 - create IPUIPlugin
2025-09-01 16:19:54,341 [INFO] PluginManager:220 - loadIPPluginJar : add gtzc
2025-09-01 16:19:54,371 [INFO] IPUIPlugin:80 - create IPUIPlugin
2025-09-01 16:19:54,371 [INFO] PluginManager:220 - loadIPPluginJar : add hash
2025-09-01 16:19:54,417 [INFO] IPUIPlugin:80 - create IPUIPlugin
2025-09-01 16:19:54,417 [INFO] PluginManager:220 - loadIPPluginJar : add i2c
2025-09-01 16:19:54,450 [INFO] IPUIPlugin:80 - create IPUIPlugin
2025-09-01 16:19:54,451 [INFO] PluginManager:220 - loadIPPluginJar : add i2s
2025-09-01 16:19:54,484 [INFO] IPUIPlugin:80 - create IPUIPlugin
2025-09-01 16:19:54,485 [INFO] PluginManager:220 - loadIPPluginJar : add i3c
2025-09-01 16:19:54,562 [INFO] IPUIPlugin:80 - create IPUIPlugin
2025-09-01 16:19:54,562 [INFO] PluginManager:220 - loadIPPluginJar : add ipddr
2025-09-01 16:19:54,640 [INFO] IPUIPlugin:80 - create IPUIPlugin
2025-09-01 16:19:54,640 [INFO] PluginManager:220 - loadIPPluginJar : add linkedlist
2025-09-01 16:19:54,675 [INFO] IPUIPlugin:80 - create IPUIPlugin
2025-09-01 16:19:54,675 [INFO] PluginManager:220 - loadIPPluginJar : add lorawan
2025-09-01 16:19:54,706 [INFO] IPUIPlugin:80 - create IPUIPlugin
2025-09-01 16:19:54,706 [INFO] PluginManager:220 - loadIPPluginJar : add ltdc
2025-09-01 16:19:54,720 [INFO] IPUIPlugin:80 - create IPUIPlugin
2025-09-01 16:19:54,720 [INFO] PluginManager:220 - loadIPPluginJar : add mdma
2025-09-01 16:19:54,730 [INFO] IPUIPlugin:80 - create IPUIPlugin
2025-09-01 16:19:54,730 [INFO] PluginManager:220 - loadIPPluginJar : add nvic
2025-09-01 16:19:54,765 [INFO] IPUIPlugin:80 - create IPUIPlugin
2025-09-01 16:19:54,765 [INFO] PluginManager:220 - loadIPPluginJar : add opamp
2025-09-01 16:19:54,817 [INFO] IPUIPlugin:80 - create IPUIPlugin
2025-09-01 16:19:54,817 [INFO] PluginManager:220 - loadIPPluginJar : add openamp
2025-09-01 16:19:54,853 [INFO] IPUIPlugin:80 - create IPUIPlugin
2025-09-01 16:19:54,853 [INFO] PluginManager:220 - loadIPPluginJar : add pdm2pcm
2025-09-01 16:19:54,865 [INFO] IPUIPlugin:80 - create IPUIPlugin
2025-09-01 16:19:54,867 [INFO] PluginManager:220 - loadIPPluginJar : add plateformsettings
2025-09-01 16:19:54,890 [INFO] IPUIPlugin:80 - create IPUIPlugin
2025-09-01 16:19:54,890 [INFO] PluginManager:220 - loadIPPluginJar : add quadspi
2025-09-01 16:19:54,915 [INFO] IPUIPlugin:80 - create IPUIPlugin
2025-09-01 16:19:54,915 [INFO] PluginManager:220 - loadIPPluginJar : add radio
2025-09-01 16:19:54,927 [INFO] IPUIPlugin:80 - create IPUIPlugin
2025-09-01 16:19:54,927 [INFO] PluginManager:220 - loadIPPluginJar : add resmgrutility
2025-09-01 16:19:54,965 [INFO] IPUIPlugin:80 - create IPUIPlugin
2025-09-01 16:19:54,965 [INFO] PluginManager:220 - loadIPPluginJar : add sai
2025-09-01 16:19:54,997 [INFO] IPUIPlugin:80 - create IPUIPlugin
2025-09-01 16:19:54,997 [INFO] PluginManager:220 - loadIPPluginJar : add spi
2025-09-01 16:19:55,058 [INFO] IPUIPlugin:80 - create IPUIPlugin
2025-09-01 16:19:55,058 [INFO] PluginManager:220 - loadIPPluginJar : add stm32_wpan
2025-09-01 16:19:55,081 [INFO] IPUIPlugin:80 - create IPUIPlugin
2025-09-01 16:19:55,081 [INFO] PluginManager:220 - loadIPPluginJar : add tim
2025-09-01 16:19:55,129 [INFO] IPUIPlugin:80 - create IPUIPlugin
2025-09-01 16:19:55,130 [INFO] PluginManager:220 - loadIPPluginJar : add touchsensing
2025-09-01 16:19:55,150 [INFO] IPUIPlugin:80 - create IPUIPlugin
2025-09-01 16:19:55,150 [INFO] PluginManager:220 - loadIPPluginJar : add tracer_emb
2025-09-01 16:19:55,173 [INFO] IPUIPlugin:80 - create IPUIPlugin
2025-09-01 16:19:55,173 [INFO] PluginManager:220 - loadIPPluginJar : add ts
2025-09-01 16:19:55,196 [INFO] IPUIPlugin:80 - create IPUIPlugin
2025-09-01 16:19:55,196 [INFO] PluginManager:220 - loadIPPluginJar : add tsc
2025-09-01 16:19:55,219 [INFO] IPUIPlugin:80 - create IPUIPlugin
2025-09-01 16:19:55,219 [INFO] PluginManager:220 - loadIPPluginJar : add ucpd
2025-09-01 16:19:55,255 [INFO] IPUIPlugin:80 - create IPUIPlugin
2025-09-01 16:19:55,255 [INFO] PluginManager:220 - loadIPPluginJar : add usart
2025-09-01 16:19:55,294 [INFO] IPUIPlugin:80 - create IPUIPlugin
2025-09-01 16:19:55,294 [INFO] PluginManager:220 - loadIPPluginJar : add usbx
2025-09-01 16:19:55,401 [FATAL] Updater:351 - Updater called before beeing initialized
2025-09-01 16:19:55,421 [INFO] RulesReader:64 - Compatibility file has been processed (317 Rules)
2025-09-01 16:19:55,430 [INFO] RulesReader:64 - Compatibility file has been processed (317 Rules)
2025-09-01 16:19:55,435 [INFO] CADModel:165 - CPN selected for project level
2025-09-01 16:19:55,435 [INFO] CADModel:114 - Register for checkConnection events
2025-09-01 16:19:55,436 [FATAL] Updater:351 - Updater called before beeing initialized
2025-09-01 16:19:55,436 [ERROR] CADModel:125 - Updater not yet initialized, retry later 
2025-09-01 16:19:55,529 [FATAL] Updater:351 - Updater called before beeing initialized
2025-09-01 16:19:55,531 [INFO] CADModel:165 - CPN selected for project level
2025-09-01 16:19:55,531 [INFO] CADModel:114 - Register for checkConnection events
2025-09-01 16:19:55,531 [FATAL] Updater:351 - Updater called before beeing initialized
2025-09-01 16:19:55,531 [ERROR] CADModel:125 - Updater not yet initialized, retry later 
2025-09-01 16:19:55,533 [FATAL] Updater:351 - Updater called before beeing initialized
2025-09-01 16:19:55,600 [FATAL] Updater:351 - Updater called before beeing initialized
2025-09-01 16:19:55,609 [INFO] DbMcusAds:53 - JSON generation date=Tue Jul 08 15:14:23 ICT 2025 (1751962463582)
2025-09-01 16:19:55,609 [FATAL] Updater:351 - Updater called before beeing initialized
2025-09-01 16:19:55,669 [WARN] DetailPanel:346 - Failed to get advertising image, set to default
2025-09-01 16:19:55,723 [FATAL] Updater:351 - Updater called before beeing initialized
2025-09-01 16:19:55,725 [FATAL] Updater:351 - Updater called before beeing initialized
2025-09-01 16:19:55,725 [FATAL] Updater:351 - Updater called before beeing initialized
2025-09-01 16:19:55,725 [WARN] DetailPanel:346 - Failed to get advertising image, set to default
2025-09-01 16:19:55,725 [FATAL] Updater:351 - Updater called before beeing initialized
2025-09-01 16:19:55,767 [ERROR] Updater:1198 - MainUpdater not yet initialized. External WinMGr cannot be set.
2025-09-01 16:19:55,776 [INFO] Updater:1134 - Updater Version found : 6.15.0
2025-09-01 16:19:55,789 [INFO] ApplicationProperties:184 - Using Application install path: E:\STM32CubeIDE_1.19.0\STM32CubeIDE\plugins\com.st.stm32cube.common.mx_6.15.0.202507011659
2025-09-01 16:19:56,245 [INFO] ThirdPartyUpdaterWithRetryManager:70 - Updater plugin not ready yet. [2/15]
2025-09-01 16:19:56,268 [INFO] MainUpdater:2872 - connection check result : 10
2025-09-01 16:19:56,268 [INFO] MainUpdater:3604 - Updater definition file requires update
2025-09-01 16:19:56,269 [INFO] MainUpdater:289 - Updater Check For Update Now.
2025-09-01 16:19:56,269 [INFO] MicroXplorer:498 - Change Database Version : DB.6.0.150
2025-09-01 16:19:56,285 [INFO] McuFinderGlobals:63 - Set McuFinder mode to 2 (CubeIDE integrated)
2025-09-01 16:19:56,285 [INFO] UserAuth:171 - activating auth plugin
2025-09-01 16:19:56,287 [INFO] UserAuth:487 - Internet connection configuration mode: 1
2025-09-01 16:19:56,308 [INFO] JxBrowserEngine:152 - Initiate JxBrowser Engine with user profile folder
2025-09-01 16:19:56,344 [INFO] ServerAccessManage:452 - Complete download http(s) 200
2025-09-01 16:19:56,345 [INFO] ServerAccessManage:509 - Download File updaters.zip
2025-09-01 16:19:56,575 [INFO] FileExtend:248 - Unzip File : updaters.zip
2025-09-01 16:19:56,575 [INFO] FileExtend:263 - Standard Zip Deflate
2025-09-01 16:19:57,129 [INFO] ServerAccessManage:452 - Complete download http(s) 200
2025-09-01 16:19:57,130 [INFO] ServerAccessManage:509 - Download File PacksControlFlags.xml
2025-09-01 16:19:57,259 [INFO] ServerAccessManage:452 - Complete download http(s) 200
2025-09-01 16:19:57,260 [INFO] ServerAccessManage:509 - Download File cubemx.pidx
2025-09-01 16:19:57,344 [INFO] LoadServerUpdatesThread:375 - End of LoadServerUpdate Thread
2025-09-01 16:19:57,521 [INFO] CheckServerUpdateThread:120 - End of CheckServer Thread
2025-09-01 16:19:57,751 [INFO] WebApp:169 - Instantiating new browser for Auth
2025-09-01 16:19:58,243 [INFO] WebApp:463 - Apply proxy settings
2025-09-01 16:19:58,244 [INFO] WebApp:548 - Chromium requires no authentication
2025-09-01 16:19:58,251 [INFO] WebApp:491 - Direct internet connection detected
2025-09-01 16:19:58,268 [INFO] WebApp:900 - Register for checkConnection events
2025-09-01 16:19:58,268 [INFO] WebApp:463 - Apply proxy settings
2025-09-01 16:19:58,269 [INFO] WebApp:548 - Chromium requires no authentication
2025-09-01 16:19:58,269 [INFO] WebApp:491 - Direct internet connection detected
2025-09-01 16:19:58,410 [INFO] WebApp:225 - Starting web application
2025-09-01 16:19:58,410 [INFO] WebApp:593 - Web application path used E:\STM32CubeIDE_1.19.0\STM32CubeIDE\plugins\com.st.stm32cube.common.mx_6.15.0.202507011659\db\plugins\mcufinder\reactClient1\index.html
2025-09-01 16:19:58,596 [INFO] WebApp:191 - Connection restablished
2025-09-01 16:19:59,439 [WARN] PackLoader:240 - Cannot read IP mode file for STMicroelectronics.FP-SNS-MOTENVWB1.1.4.0
2025-09-01 16:19:59,454 [WARN] PackLoader:240 - Cannot read IP mode file for STMicroelectronics.FP-ATR-ASTRA1.2.0.2
2025-09-01 16:19:59,468 [WARN] PackLoader:240 - Cannot read IP mode file for STMicroelectronics.X-CUBE-SMBUS.2.1.0
2025-09-01 16:19:59,480 [WARN] PackLoader:240 - Cannot read IP mode file for STMicroelectronics.X-CUBE-ST60.1.0.0
2025-09-01 16:19:59,512 [WARN] PackLoader:240 - Cannot read IP mode file for STMicroelectronics.X-CUBE-AZRTOS-F7.1.1.0
2025-09-01 16:19:59,538 [WARN] PackLoader:240 - Cannot read IP mode file for Infineon.AIROC-Wi-Fi-Bluetooth-STM32.1.7.1
2025-09-01 16:19:59,567 [WARN] PackLoader:240 - Cannot read IP mode file for STMicroelectronics.X-CUBE-AZRTOS-H7.3.4.0
2025-09-01 16:19:59,584 [WARN] PackLoader:240 - Cannot read IP mode file for STMicroelectronics.X-CUBE-DISPLAY.3.0.0
2025-09-01 16:19:59,600 [WARN] PackLoader:240 - Cannot read IP mode file for STMicroelectronics.X-CUBE-NFC10.1.0.0
2025-09-01 16:19:59,613 [WARN] PackLoader:240 - Cannot read IP mode file for emotas.I-CUBE-CANOPEN.1.3.0
2025-09-01 16:19:59,628 [WARN] PackLoader:240 - Cannot read IP mode file for STMicroelectronics.FP-SNS-STBOX1.2.1.0
2025-09-01 16:19:59,641 [WARN] PackLoader:240 - Cannot read IP mode file for STMicroelectronics.FP-SNS-SMARTAG2.1.2.0
2025-09-01 16:19:59,651 [WARN] PackLoader:240 - Cannot read IP mode file for STMicroelectronics.FP-SNS-FLIGHT1.5.1.0
2025-09-01 16:19:59,666 [INFO] LogOutputStream:77 - [STDOUT_REDIRECT] 1 : Invalid condition id : UX_CORESTACK_Condition cause : null
2025-09-01 16:19:59,666 [INFO] LogOutputStream:77 - [STDOUT_REDIRECT] 1 : Invalid condition id : UX_CORESTACK_Condition cause : null
2025-09-01 16:19:59,667 [INFO] LogOutputStream:77 - [STDOUT_REDIRECT] 1 : Invalid condition id : UX_CORESTACK_Condition cause : null
2025-09-01 16:19:59,668 [INFO] LogOutputStream:77 - [STDOUT_REDIRECT] 1 : Invalid condition id : UX_CORESTACK_Condition cause : null
2025-09-01 16:19:59,668 [INFO] LogOutputStream:77 - [STDOUT_REDIRECT] 1 : Invalid condition id : UX_CORESTACK_Condition cause : null
2025-09-01 16:19:59,670 [WARN] PackLoader:240 - Cannot read IP mode file for STMicroelectronics.X-CUBE-AZRTOS-WL.2.0.0
2025-09-01 16:19:59,682 [WARN] PackLoader:240 - Cannot read IP mode file for STMicroelectronics.FP-SNS-MOTENV1.5.0.0
2025-09-01 16:19:59,704 [WARN] PackLoader:240 - Cannot read IP mode file for WES.I-CUBE-Cesium.1.3.0
2025-09-01 16:19:59,716 [WARN] PackLoader:240 - Cannot read IP mode file for STMicroelectronics.X-CUBE-BLE2.3.3.0
2025-09-01 16:19:59,728 [WARN] PackLoader:240 - Cannot read IP mode file for STMicroelectronics.X-CUBE-NFC9.1.0.0
2025-09-01 16:19:59,741 [WARN] PackLoader:240 - Cannot read IP mode file for wolfSSL.I-CUBE-wolfSSL.5.8.0
2025-09-01 16:19:59,751 [WARN] PackLoader:240 - Cannot read IP mode file for wolfSSL.I-CUBE-wolfSSL.5.8.2
2025-09-01 16:19:59,763 [WARN] PackLoader:240 - Cannot read IP mode file for STMicroelectronics.X-CUBE-BLE1.7.1.0
2025-09-01 16:19:59,775 [WARN] PackLoader:240 - Cannot read IP mode file for wolfSSL.I-CUBE-wolfMQTT.1.19.2
2025-09-01 16:19:59,786 [WARN] PackLoader:240 - Cannot read IP mode file for STMicroelectronics.X-CUBE-EEPRMA1.5.2.0
2025-09-01 16:19:59,797 [WARN] PackLoader:240 - Cannot read IP mode file for STMicroelectronics.X-CUBE-AI.10.1.0
2025-09-01 16:19:59,816 [WARN] PackLoader:240 - Cannot read IP mode file for STMicroelectronics.X-CUBE-AZRTOS-G0.1.1.0
2025-09-01 16:19:59,828 [WARN] PackLoader:240 - Cannot read IP mode file for STMicroelectronics.X-CUBE-SAFEA1.1.2.2
2025-09-01 16:19:59,841 [WARN] PackLoader:240 - Cannot read IP mode file for STMicroelectronics.X-CUBE-NFC4.3.0.0
2025-09-01 16:19:59,854 [WARN] PackLoader:240 - Cannot read IP mode file for EmbeddedOffice.I-CUBE-FS-RTOS.1.0.1
2025-09-01 16:19:59,866 [WARN] PackLoader:240 - Cannot read IP mode file for STMicroelectronics.X-CUBE-WB05N.2.0.0
2025-09-01 16:19:59,876 [WARN] PackLoader:240 - Cannot read IP mode file for wolfSSL.I-CUBE-wolfTPM.3.8.0
2025-09-01 16:19:59,887 [WARN] PackLoader:240 - Cannot read IP mode file for STMicroelectronics.X-CUBE-TCPP.4.2.0
2025-09-01 16:19:59,899 [WARN] PackLoader:240 - Cannot read IP mode file for RealThread.X-CUBE-RT-Thread_Nano.4.1.1
2025-09-01 16:19:59,909 [WARN] PackLoader:240 - Cannot read IP mode file for STMicroelectronics.FP-ATR-SIGFOX1.3.2.0
2025-09-01 16:19:59,921 [WARN] PackLoader:240 - Cannot read IP mode file for ITTIA_DB.I-CUBE-ITTIADB.8.9.0
2025-09-01 16:19:59,932 [WARN] PackLoader:240 - Cannot read IP mode file for STMicroelectronics.X-CUBE-ST67W61.1.0.0
2025-09-01 16:19:59,942 [WARN] PackLoader:240 - Cannot read IP mode file for STMicroelectronics.X-CUBE-AI.10.2.0
2025-09-01 16:19:59,969 [WARN] PackLoader:240 - Cannot read IP mode file for SEGGER.I-CUBE-embOS.1.3.1
2025-09-01 16:19:59,998 [WARN] PackLoader:240 - Cannot read IP mode file for STMicroelectronics.X-CUBE-ALGOBUILD.1.4.0
2025-09-01 16:20:00,032 [WARN] PackLoader:240 - Cannot read IP mode file for STMicroelectronics.X-CUBE-MEMS1.11.3.0
2025-09-01 16:20:00,101 [WARN] PackLoader:240 - Cannot read IP mode file for STMicroelectronics.X-CUBE-PM33A1.1.0.0
2025-09-01 16:20:00,123 [WARN] PackLoader:240 - Cannot read IP mode file for STMicroelectronics.X-CUBE-AZRTOS-F4.1.1.0
2025-09-01 16:20:00,139 [WARN] PackLoader:240 - Cannot read IP mode file for Avnet-IotConnect.X-CUBE-IoTC-DA16k-PMOD.1.0.0
2025-09-01 16:20:00,150 [WARN] PackLoader:240 - Cannot read IP mode file for STMicroelectronics.X-CUBE-ISPU.2.1.0
2025-09-01 16:20:00,168 [WARN] PackLoader:240 - Cannot read IP mode file for STMicroelectronics.X-CUBE-NFC12.1.0.0
2025-09-01 16:20:00,192 [WARN] PackLoader:240 - Cannot read IP mode file for STMicroelectronics.X-CUBE-AZRTOS-L5.2.0.0
2025-09-01 16:20:00,210 [WARN] PackLoader:240 - Cannot read IP mode file for STMicroelectronics.X-CUBE-NFC6.3.1.0
2025-09-01 16:20:00,225 [WARN] PackLoader:240 - Cannot read IP mode file for STMicroelectronics.X-CUBE-FREERTOS.1.3.1
2025-09-01 16:20:00,237 [WARN] PackLoader:240 - Cannot read IP mode file for STMicroelectronics.FP-SNS-STAIOTCFT.1.0.0
2025-09-01 16:20:00,251 [WARN] PackLoader:240 - Cannot read IP mode file for STMicroelectronics.X-CUBE-DPower.1.3.0
2025-09-01 16:20:00,271 [WARN] ConditionMgr:438 - getConditionDescription Invalid condition id : LAN8742 Phy interface Condition cause : null
2025-09-01 16:20:00,271 [WARN] PackLoader:240 - Cannot read IP mode file for STMicroelectronics.X-CUBE-AZRTOS-L4.2.0.0
2025-09-01 16:20:00,272 [WARN] ConditionMgr:1044 - genDependencies : Invalid condition id : LAN8742 Phy interface Condition cause : null
2025-09-01 16:20:00,272 [WARN] ConditionMgr:1044 - genDependencies : Invalid condition id : LAN8742 Phy interface Condition cause : null
2025-09-01 16:20:00,272 [WARN] ConditionMgr:1044 - genDependencies : Invalid condition id : LAN8742 Phy interface Condition cause : null
2025-09-01 16:20:00,286 [WARN] PackLoader:240 - Cannot read IP mode file for STMicroelectronics.X-CUBE-SFXS2LP1.4.0.0
2025-09-01 16:20:00,301 [WARN] PackLoader:240 - Cannot read IP mode file for STMicroelectronics.X-CUBE-BLEMGR.4.1.0
2025-09-01 16:20:00,322 [WARN] ConditionMgr:438 - getConditionDescription Invalid condition id : UX DEVICE CLASS RTOS Condition cause : null
2025-09-01 16:20:00,322 [WARN] ConditionMgr:438 - getConditionDescription Invalid condition id : UX DEVICE CLASS RTOS Condition cause : null
2025-09-01 16:20:00,323 [WARN] PackLoader:240 - Cannot read IP mode file for STMicroelectronics.X-CUBE-AZRTOS-WB.2.0.0
2025-09-01 16:20:00,323 [WARN] ConditionMgr:1044 - genDependencies : Invalid condition id : UX DEVICE CLASS RTOS Condition cause : null
2025-09-01 16:20:00,323 [WARN] ConditionMgr:1044 - genDependencies : Invalid condition id : UX DEVICE CLASS RTOS Condition cause : null
2025-09-01 16:20:00,324 [WARN] ConditionMgr:1044 - genDependencies : Invalid condition id : UX DEVICE CLASS RTOS Condition cause : null
2025-09-01 16:20:00,324 [WARN] ConditionMgr:1044 - genDependencies : Invalid condition id : UX DEVICE CLASS RTOS Condition cause : null
2025-09-01 16:20:00,324 [WARN] ConditionMgr:1044 - genDependencies : Invalid condition id : UX DEVICE CLASS RTOS Condition cause : null
2025-09-01 16:20:00,336 [WARN] PackLoader:240 - Cannot read IP mode file for STMicroelectronics.X-CUBE-GNSS1.7.0.1
2025-09-01 16:20:00,351 [WARN] PackLoader:240 - Cannot read IP mode file for STMicroelectronics.X-CUBE-TOUCHGFX.4.25.0
2025-09-01 16:20:00,362 [WARN] PackLoader:240 - Cannot read IP mode file for STMicroelectronics.FP-SNS-STBOX1.2.0.0
2025-09-01 16:20:00,374 [WARN] ConditionMgr:438 - getConditionDescription Invalid condition id : Cortex-A Device cause : null
2025-09-01 16:20:00,393 [WARN] ConditionMgr:1044 - genDependencies : Invalid condition id : Cortex-A Device cause : null
2025-09-01 16:20:00,393 [WARN] ConditionMgr:1044 - genDependencies : Invalid condition id : Cortex-A Device cause : null
2025-09-01 16:20:00,393 [WARN] ConditionMgr:1044 - genDependencies : Invalid condition id : Cortex-A Device cause : null
2025-09-01 16:20:00,408 [WARN] PackLoader:240 - Cannot read IP mode file for STMicroelectronics.X-CUBE-SUBG2.5.0.0
2025-09-01 16:20:00,433 [WARN] PackLoader:240 - Cannot read IP mode file for STMicroelectronics.X-CUBE-AZRTOS-H7RS.1.1.0
2025-09-01 16:20:00,447 [WARN] PackLoader:240 - Cannot read IP mode file for Cesanta.I-CUBE-Mongoose.7.13.0
2025-09-01 16:20:00,468 [WARN] PackLoader:240 - Cannot read IP mode file for STMicroelectronics.X-CUBE-AZRTOS-G4.2.0.0
2025-09-01 16:20:00,481 [WARN] PackLoader:240 - Cannot read IP mode file for wolfSSL.I-CUBE-wolfSSH.1.4.20
2025-09-01 16:20:00,494 [WARN] PackLoader:240 - Cannot read IP mode file for STMicroelectronics.X-CUBE-NFC7.2.0.0
2025-09-01 16:20:00,508 [WARN] PackLoader:240 - Cannot read IP mode file for STMicroelectronics.X-CUBE-IPS.3.1.0
2025-09-01 16:20:00,522 [WARN] PackLoader:240 - Cannot read IP mode file for STMicroelectronics.X-CUBE-ALS.1.0.2
2025-09-01 16:20:00,536 [WARN] PackLoader:240 - Cannot read IP mode file for portGmbH.I-Cube-SoM-uGOAL.1.1.0
2025-09-01 16:20:00,551 [WARN] PackLoader:240 - Cannot read IP mode file for STMicroelectronics.X-CUBE-TOF1.3.4.3
2025-09-01 16:20:00,555 [INFO] ThirdParty:978 - Integrity check success = true
2025-09-01 16:20:00,555 [INFO] IntegrityCheckThread:100 - exiting critical section [integrity check]
2025-09-01 16:20:00,555 [INFO] IntegrityCheckThread:103 - End integrity checks thread
2025-09-01 16:20:01,893 [INFO] McuFinderGlobals:63 - Set McuFinder mode to 2 (CubeIDE integrated)
2025-09-01 16:20:01,918 [INFO] MainUpdater:2872 - connection check result : 10
2025-09-01 16:20:01,941 [INFO] McuFinderGlobals:76 - Set McuFinderConnectedMode to true
2025-09-01 16:20:02,307 [INFO] ServerAccessManage:452 - Complete download http(s) 200
2025-09-01 16:20:02,307 [INFO] ServerAccessManage:509 - Download File mcusAds.json._tmp_
2025-09-01 16:20:02,414 [INFO] LoadUrlFilesThread:156 - End of LoadUrlFiles Thread
2025-09-01 16:20:03,915 [INFO] ServerAccessManage:452 - Complete download http(s) 200
2025-09-01 16:20:03,915 [INFO] ServerAccessManage:509 - Download File cube-finder-db.zip
2025-09-01 16:20:06,188 [INFO] FileExtend:248 - Unzip File : cube-finder-db.zip
2025-09-01 16:20:06,189 [INFO] FileExtend:263 - Standard Zip Deflate
2025-09-01 16:20:06,866 [INFO] LoadUrlFilesThread:156 - End of LoadUrlFiles Thread
2025-09-01 16:20:08,119 [INFO] ServerAccessManage:452 - Complete download http(s) 200
2025-09-01 16:20:08,120 [INFO] ServerAccessManage:509 - Download File crdb.zip
2025-09-01 16:20:09,461 [INFO] FileExtend:248 - Unzip File : crdb.zip
2025-09-01 16:20:09,461 [INFO] FileExtend:263 - Standard Zip Deflate
2025-09-01 16:20:09,591 [INFO] LoadUrlFilesThread:156 - End of LoadUrlFiles Thread
2025-09-01 16:20:10,154 [INFO] ServerAccessManage:452 - Complete download http(s) 200
2025-09-01 16:20:10,155 [INFO] ServerAccessManage:509 - Download File tutoVideoDB.zip
2025-09-01 16:20:10,237 [INFO] FileExtend:248 - Unzip File : tutoVideoDB.zip
2025-09-01 16:20:10,237 [INFO] FileExtend:263 - Standard Zip Deflate
2025-09-01 16:20:10,358 [INFO] LoadUrlFilesThread:156 - End of LoadUrlFiles Thread
2025-09-01 16:20:10,361 [WARN] DbFile:41 - Overriding database path with different value: C:\Users\nphis\.stmcufinder\plugins\mcufinder/ => C:\Users\nphis\.stmcufinder\plugins\mcufinder
2025-09-01 16:20:11,286 [INFO] ServerAccessManage:452 - Complete download http(s) 200
2025-09-01 16:20:11,286 [INFO] ServerAccessManage:509 - Download File api_config.json
2025-09-01 16:20:11,394 [INFO] LoadUrlFilesThread:156 - End of LoadUrlFiles Thread
2025-09-01 16:20:11,396 [INFO] DbMcusAds:53 - JSON generation date=Tue Jul 08 15:14:23 ICT 2025 (1751962463582)
2025-09-01 16:20:11,411 [INFO] LoadUrlFilesThread:185 - End of LoadServerUrlFiles without Thread
2025-09-01 16:20:11,411 [INFO] TargetSelectorAdapter:259 - Refresh data is successful
2025-09-01 16:20:11,630 [INFO] ApiDb:581 - Connected to CubeFinder SQLite database (C:\Users\nphis\.stmcufinder\plugins\mcufinder\mcu\cube-finder-db.db)
2025-09-01 16:20:11,675 [INFO] ApiDb:668 - CubeFinder database Data Model version=2.1
2025-09-01 16:20:11,675 [INFO] ApiDb:669 - CubeFinder database Configuration version=3.0.39
2025-09-01 16:20:11,675 [INFO] ApiDb:670 - CubeFinder database generation date=2025-07-24 (1753349077)
2025-09-01 16:20:11,675 [INFO] ApiDb:671 - CubeFinder database FW Pack versions=[FP-ATR-ASTRA1_V2.0.0, FP-SNS-FLIGHT1_V5.1.0, FP-SNS-MOTENV1_V5.0.0, FP-SNS-MOTENVWB1_V1.4.0, FP-SNS-SMARTAG2_V1.2.0, FP-SNS-STBOX1_V2.0.0, STM32Cube_FW_C0_V1.4.0, STM32Cube_FW_F4_V1.28.2, STM32Cube_FW_F7_V1.17.3, STM32Cube_FW_G0_V1.6.2, STM32Cube_FW_G4_V1.6.1, STM32Cube_FW_H5_V1.5.0, STM32Cube_FW_H7RS_V1.2.0, STM32Cube_FW_H7_V1.12.1, STM32Cube_FW_L0_V1.12.2, STM32Cube_FW_L4_V1.18.1, STM32Cube_FW_L5_V1.5.1, STM32Cube_FW_N6_V1.2.0, STM32Cube_FW_U0_V1.3.0, STM32Cube_FW_U3_V1.2.0, STM32Cube_FW_U5_V1.8.0, STM32Cube_FW_WB0_V1.3.0, STM32Cube_FW_WBA_V1.7.0, STM32Cube_FW_WB_V1.23.0, STM32Cube_FW_WL3_V1.2.0, STM32Cube_FW_WL_V1.3.1, X-CUBE-ALGOBUILD_V1.4.0, X-CUBE-ALS_V1.0.2, X-CUBE-AZRTOS-F4_V1.1.0, X-CUBE-AZRTOS-F7_V1.1.0, X-CUBE-AZRTOS-G0_V1.1.0, X-CUBE-AZRTOS-G4_V2.0.0, X-CUBE-AZRTOS-H7RS_V1.1.0, X-CUBE-AZRTOS-H7_V3.4.0, X-CUBE-AZRTOS-L4_V2.0.0, X-CUBE-AZRTOS-L5_V2.0.0, X-CUBE-AZRTOS-WB_V2.0.0, X-CUBE-AZRTOS-WL_V2.0.0, X-CUBE-BLE1_V7.1.0, X-CUBE-BLE2_V3.3.0, X-CUBE-BLEMGR_V4.1.0, X-CUBE-EEPRMA1_V5.2.0, X-CUBE-FREERTOS_V1.3.1, X-CUBE-GNSS1_V6.0.0, X-CUBE-MEMS1_V11.3.0, X-CUBE-NFC4_V3.0.0, X-CUBE-NFC7_V2.0.0, X-CUBE-SFXS2LP1_V4.0.0, X-CUBE-ST67W61_V1.0.0, X-CUBE-SUBG2_V5.0.0, X-CUBE-TOF1_V3.4.3]
2025-09-01 16:20:13,058 [INFO] ApiDb:240 - Found 880 in-development CPN: [B-G473E-ZEST1S, B-WB1M-WPAN1, B-WBA5M-WPAN, B-WL5M-SUBG1, NUCLEO-C031C6, NUCLEO-C051C8, NUCLEO-C071RB, NUCLEO-C092RC, NUCLEO-H503RB, NUCLEO-H533RE, NUCLEO-H563ZI, NUCLEO-H7S3L8, NUCLEO-N657X0-Q, NUCLEO-U031R8, NUCLEO-U083RC, NUCLEO-U385RG-Q, NUCLEO-U545RE-Q, NUCLEO-U5A5ZJ-Q, NUCLEO-WB05KZ, NUCLEO-WB07CC, NUCLEO-WB09KE, NUCLEO-WBA52CG, NUCLEO-WBA55CG, NUCLEO-WL33CC1, NUCLEO-WL33CC2, STEVAL-PROTEUS1, STEVAL-SMARTAG2, STEVAL-STWINBX1, STM320518-EVAL, STM32C0116-DK, STM32C011D6Y3TR, STM32C011D6Y6TR, STM32C011F4P3, STM32C011F4P6, STM32C011F4U3, STM32C011F4U6TR, STM32C011F6P3, STM32C011F6P6, STM32C011F6U3, STM32C011F6U6TR, STM32C011J4M3, STM32C011J4M6, STM32C011J6M3, STM32C011J6M6, STM32C0316-DK, STM32C031C4T3, STM32C031C4T6, STM32C031C4U3, STM32C031C4U6, STM32C031C6T3, STM32C031C6T6, STM32C031C6U3, STM32C031C6U6, STM32C031F4P3, STM32C031F4P6, STM32C031F6P3, STM32C031F6P6, STM32C031G4U3, STM32C031G4U6, STM32C031G6U3, STM32C031G6U6, STM32C031K4T3, STM32C031K4T6, STM32C031K4U3, STM32C031K4U6, STM32C031K6T3, STM32C031K6T6, STM32C031K6U3, STM32C031K6U6, STM32C051C6T6, STM32C051C6U6, STM32C051C8T6, STM32C051C8U6, STM32C051D8Y6TR, STM32C051F6P6, STM32C051F8P6, STM32C051G6U6, STM32C051G8U6, STM32C051K6T6, STM32C051K6U6, STM32C051K8T6, STM32C071C8T6, STM32C071C8T6N, STM32C071C8U6, STM32C071C8U6N, STM32C071CBT6, STM32C071CBT6N, STM32C071CBU6, STM32C071CBU6N, STM32C071F8P6, STM32C071F8P6N, STM32C071FBP6, STM32C071FBP6N, STM32C071FBY6TR, STM32C071G8U6, STM32C071G8U6N, STM32C071GBU6, STM32C071GBU6N, STM32C071K8T6, STM32C071K8T6N, STM32C071K8U6, STM32C071K8U6N, STM32C071KBT6, STM32C071KBT6N, STM32C071KBU6, STM32C071KBU6N, STM32C071R8T6, STM32C071R8T6N, STM32C071RBI6N, STM32C071RBT6, STM32C071RBT6N, STM32C091CBT6, STM32C091CBU6, STM32C091CCT6, STM32C091CCU6, STM32C091ECY6TR, STM32C091FBP6, STM32C091FCP6, STM32C091GBU6, STM32C091GCU6, STM32C091KBT6, STM32C091KBU6, STM32C091KCT6, STM32C091KCU6, STM32C091RBT6, STM32C091RCI6, STM32C091RCT6, STM32C092CBT6, STM32C092CBU6, STM32C092CCT6, STM32C092CCU6, STM32C092ECY6TR, STM32C092FBP6, STM32C092FCP6, STM32C092GBU6, STM32C092GCU6, STM32C092KBT6, STM32C092KBU6, STM32C092KCT6, STM32C092KCU6, STM32C092RBT6, STM32C092RCI6, STM32C092RCT6, STM32G071K8TXN, STM32G071K8UXN, STM32G081GBU6N, STM32G081KBT6N, STM32G081KBUXN, STM32G0B1CCT6N, STM32G0B1KCT6, STM32G0B1NEY6TR, STM32G0B1RCT6N, STM32G0C1CCT6, STM32G0C1CCT6N, STM32G0C1CCU6N, STM32G0C1CET6N, STM32G0C1CEU6N, STM32G0C1KCT6, STM32G0C1NEY6TR, STM32G0C1RCI6N, STM32G0C1RCT6N, STM32G0C1REI6N, STM32G0C1RET6N, STM32G0C1VCI6, STM32G0C1VEI6, STM32G411C6T3, STM32G411C6T6, STM32G411C6U3, STM32G411C6U6, STM32G411C8T3, STM32G411C8T6, STM32G411C8U3, STM32G411C8U6, STM32G411CBT3, STM32G411CBT6, STM32G411CBU3, STM32G411CBU6, STM32G411K6T3, STM32G411K6T6, STM32G411K6U3, STM32G411K6U6, STM32G411K8T3, STM32G411K8T6, STM32G411K8U3, STM32G411K8U6, STM32G411KBT3, STM32G411KBT6, STM32G411KBU3, STM32G411KBU6, STM32G411M6T3, STM32G411M6T6, STM32G411M8T3, STM32G411M8T6, STM32G411MBT3, STM32G411MBT6, STM32G411R6T3, STM32G411R6T6, STM32G411R8T3, STM32G411R8T6, STM32G411RBT3, STM32G411RBT6, STM32G414CBT3, STM32G414CBT6, STM32G414CBU3, STM32G414CBU6, STM32G414CCT3, STM32G414CCT6, STM32G414CCU3, STM32G414CCU6, STM32G414MBT3, STM32G414MBT6, STM32G414MCT3, STM32G414MCT6, STM32G414RBT3, STM32G414RBT6, STM32G414RCT3, STM32G414RCT6, STM32G414VBT3, STM32G414VBT6, STM32G414VCT3, STM32G414VCT6, STM32G431CBT3Z, STM32G431RBT3Z, STM32G471CCT6, STM32G471CCU6, STM32G471CET3, STM32G471CET6, STM32G471CEU3, STM32G471CEU6, STM32G471MCT6, STM32G471MET3, STM32G471MET6, STM32G471MEY6TR, STM32G471QCT6, STM32G471QET3, STM32G471RCT6, STM32G471RET3, STM32G471RET6, STM32G471VCH6, STM32G471VCI6, STM32G471VCT6, STM32G471VEH3, STM32G471VEH6, STM32G471VEI3, STM32G471VEI6, STM32G471VET3, STM32G471VET6, STM32G473QET3Z, STM32G473RET3Z, STM32G474CCT6, STM32G491RET3Z, STM32H503CBT6, STM32H503CBU6, STM32H503EBY6TR, STM32H503KBU6, STM32H503RBT6, STM32H523CCT6, STM32H523CCU6, STM32H523CET6, STM32H523CEU6, STM32H523HEY6TR, STM32H523RCT6, STM32H523RET6, STM32H523VCI6, STM32H523VCT6, STM32H523VEI6, STM32H523VET6, STM32H523ZCJ6, STM32H523ZCT6, STM32H523ZEJ6, STM32H523ZET6, STM32H533CET6, STM32H533CEU6, STM32H533HEY6TR, STM32H533RET6, STM32H533VEI6, STM32H533VET6, STM32H533ZEJ6, STM32H533ZET6, STM32H562AGI6, STM32H562AII6, STM32H562IGK6, STM32H562IGT6, STM32H562IIK6, STM32H562IIT6, STM32H562RGT6, STM32H562RGV6, STM32H562RIT6, STM32H562RIV6, STM32H562VGT6, STM32H562VIT6, STM32H562ZGT6, STM32H562ZIT6, STM32H563AGI6, STM32H563AII3Q, STM32H563AII6, STM32H563IGK6, STM32H563IGT6, STM32H563IIK3Q, STM32H563IIK6, STM32H563IIT3Q, STM32H563IIT6, STM32H563MIY3QTR, STM32H563RGT6, STM32H563RGV6, STM32H563RIT6, STM32H563RIV6, STM32H563VGT6, STM32H563VIT3Q, STM32H563VIT6, STM32H563ZGT6, STM32H563ZIT3Q, STM32H563ZIT6, STM32H573AII3Q, STM32H573AII6, STM32H573I-DK, STM32H573IIK3Q, STM32H573IIK6, STM32H573IIT3Q, STM32H573IIT6, STM32H573MIY3QTR, STM32H573RIT6, STM32H573RIV6, STM32H573VIT3Q, STM32H573VIT6, STM32H573ZIT3Q, STM32H573ZIT6, STM32H7R3A8I6, STM32H7R3I8K6, STM32H7R3I8T6, STM32H7R3L8H6, STM32H7R3L8H6H, STM32H7R3R8V6, STM32H7R3V8H6, STM32H7R3V8T6, STM32H7R3V8Y6TR, STM32H7R3Z8J6, STM32H7R3Z8T6, STM32H7R7A8I6, STM32H7R7I8K6, STM32H7R7I8T6, STM32H7R7L8H6, STM32H7R7L8H6H, STM32H7R7Z8J6, STM32H7S3A8I6, STM32H7S3I8K6, STM32H7S3I8T6, STM32H7S3L8H6, STM32H7S3L8H6H, STM32H7S3R8V6, STM32H7S3V8H6, STM32H7S3V8T6, STM32H7S3V8Y6TR, STM32H7S3Z8J6, STM32H7S3Z8T6, STM32H7S78-DK, STM32H7S7A8I6, STM32H7S7I8K6, STM32H7S7I8T6, STM32H7S7L8H6, STM32H7S7L8H6H, STM32H7S7Z8J6, STM32L4R5QGI6STR, STM32MP131AAE3, STM32MP131AAF3, STM32MP131AAG3, STM32MP131CAE3, STM32MP131CAF3, STM32MP131CAG3, STM32MP131DAE7, STM32MP131DAF7, STM32MP131DAG7, STM32MP131FAE7, STM32MP131FAF7, STM32MP131FAG7, STM32MP133AAE3, STM32MP133AAF3, STM32MP133AAG3, STM32MP133CAE3, STM32MP133CAF3, STM32MP133CAG3, STM32MP133DAE7, STM32MP133DAF7, STM32MP133DAG7, STM32MP133FAE7, STM32MP133FAF7, STM32MP133FAG7, STM32MP135AAE3, STM32MP135AAF3, STM32MP135AAG3, STM32MP135CAE3, STM32MP135CAF3, STM32MP135CAG3, STM32MP135DAE7, STM32MP135DAF7, STM32MP135DAG7, STM32MP135F-DK, STM32MP135FAE7, STM32MP135FAF7, STM32MP135FAF7T, STM32MP135FAF7U, STM32MP135FAG7, STM32MP211AAL3, STM32MP211AAM3, STM32MP211AAN3, STM32MP211AAO3, STM32MP211CAL3, STM32MP211CAM3, STM32MP211CAN3, STM32MP211CAO3, STM32MP211DAL3, STM32MP211DAM3, STM32MP211DAN3, STM32MP211DAO3, STM32MP211FAL3, STM32MP211FAM3, STM32MP211FAN3, STM32MP211FAO3, STM32MP213AAL3, STM32MP213AAM3, STM32MP213AAN3, STM32MP213AAO3, STM32MP213CAL3, STM32MP213CAM3, STM32MP213CAN3, STM32MP213CAO3, STM32MP213DAL3, STM32MP213DAM3, STM32MP213DAN3, STM32MP213DAO3, STM32MP213FAL3, STM32MP213FAM3, STM32MP213FAN3, STM32MP213FAO3, STM32MP215AAL3, STM32MP215AAM3, STM32MP215AAN3, STM32MP215AAO3, STM32MP215CAL3, STM32MP215CAM3, STM32MP215CAN3, STM32MP215CAO3, STM32MP215DAL3, STM32MP215DAM3, STM32MP215DAN3, STM32MP215DAO3, STM32MP215F-DK, STM32MP215FAL3, STM32MP215FAM3, STM32MP215FAN3, STM32MP215FAO3, STM32MP231AAJ3, STM32MP231AAK3, STM32MP231AAL3, STM32MP231CAJ3, STM32MP231CAK3, STM32MP231CAL3, STM32MP231DAJ3, STM32MP231DAK3, STM32MP231DAL3, STM32MP231FAJ3, STM32MP231FAK3, STM32MP231FAL3, STM32MP233AAJ3, STM32MP233AAK3, STM32MP233AAL3, STM32MP233CAJ3, STM32MP233CAK3, STM32MP233CAL3, STM32MP233DAJ3, STM32MP233DAK3, STM32MP233DAL3, STM32MP233FAJ3, STM32MP233FAK3, STM32MP233FAL3, STM32MP235AAJ3, STM32MP235AAK3, STM32MP235AAL3, STM32MP235CAJ3, STM32MP235CAK3, STM32MP235CAL3, STM32MP235DAJ3, STM32MP235DAK3, STM32MP235DAL3, STM32MP235FAJ3, STM32MP235FAK3, STM32MP235FAL3, STM32MP251AAI3, STM32MP251AAK3, STM32MP251AAL3, STM32MP251CAI3, STM32MP251CAK3, STM32MP251CAL3, STM32MP251DAI3, STM32MP251DAK3, STM32MP251DAL3, STM32MP251FAI3, STM32MP251FAK3, STM32MP251FAL3, STM32MP253AAI3, STM32MP253AAK3, STM32MP253AAL3, STM32MP253CAI3, STM32MP253CAK3, STM32MP253CAL3, STM32MP253DAI3, STM32MP253DAK3, STM32MP253DAL3, STM32MP253FAI3, STM32MP253FAK3, STM32MP253FAL3, STM32MP255AAI3, STM32MP255AAK3, STM32MP255AAL3, STM32MP255CAI3, STM32MP255CAK3, STM32MP255CAL3, STM32MP255DAI3, STM32MP255DAK3, STM32MP255DAL3, STM32MP255FAI3, STM32MP255FAK3, STM32MP255FAL3, STM32MP257AAI3, STM32MP257AAK3, STM32MP257AAL3, STM32MP257CAI3, STM32MP257CAK3, STM32MP257CAL3, STM32MP257DAI3, STM32MP257DAK3, STM32MP257DAL3, STM32MP257F-DK, STM32MP257F-EV1, STM32MP257FAI3, STM32MP257FAK3, STM32MP257FAL3, STM32N645A0H3Q, STM32N645B0H3Q, STM32N645I0H3Q, STM32N645L0H3Q, STM32N645X0H3Q, STM32N645Z0H3Q, STM32N647A0H3Q, STM32N647B0H3Q, STM32N647I0H3Q, STM32N647L0H3Q, STM32N647X0H3Q, STM32N647Z0H3Q, STM32N655A0H3Q, STM32N655B0H3Q, STM32N655I0H3Q, STM32N655L0H3Q, STM32N655X0H3Q, STM32N655Z0H3Q, STM32N6570-DK, STM32N657A0H3Q, STM32N657B0H3Q, STM32N657I0H3Q, STM32N657L0H3Q, STM32N657X0H3Q, STM32N657Z0H3Q, STM32U031C6T6, STM32U031C6U6, STM32U031C8T6, STM32U031C8U6, STM32U031F4P6, STM32U031F6P6, STM32U031F8P6, STM32U031G6Y6TR, STM32U031G8Y6TR, STM32U031K4U6, STM32U031K6U6, STM32U031K8U6, STM32U031R6I6, STM32U031R6T6, STM32U031R8I6, STM32U031R8T6, STM32U073C8T6, STM32U073C8U6, STM32U073CBT6, STM32U073CBU6, STM32U073CCT6, STM32U073CCU6, STM32U073H8Y6TR, STM32U073HBY6TR, STM32U073HCY6TR, STM32U073K8U6, STM32U073KBU6, STM32U073KCU6, STM32U073M8I6, STM32U073M8T6, STM32U073MBI6, STM32U073MBT6, STM32U073MCI6, STM32U073MCT6, STM32U073R8I6, STM32U073R8T6, STM32U073RBI6, STM32U073RBT6, STM32U073RCI6, STM32U073RCT6, STM32U083C-DK, STM32U083CCT6, STM32U083CCU6, STM32U083HCY6TR, STM32U083KCU6, STM32U083MCI6, STM32U083MCT6, STM32U083RCI6, STM32U083RCT6, STM32U375CET6, STM32U375CET6Q, STM32U375CEU6, STM32U375CEU6Q, STM32U375CEY6QTR, STM32U375CGT6, STM32U375CGT6Q, STM32U375CGU6, STM32U375CGU6Q, STM32U375CGY6QTR, STM32U375KEU6, STM32U375KGU6, STM32U375REI6, STM32U375REI6Q, STM32U375RET6, STM32U375RET6Q, STM32U375REY6GTR, STM32U375REY6QTR, STM32U375RGI6, STM32U375RGI6Q, STM32U375RGT6, STM32U375RGT6Q, STM32U375RGY6GTR, STM32U375RGY6QTR, STM32U375VEI6, STM32U375VEI6Q, STM32U375VET6, STM32U375VET6Q, STM32U375VGI6, STM32U375VGI6Q, STM32U375VGT6, STM32U375VGT6Q, STM32U385CGT6, STM32U385CGT6Q, STM32U385CGU6, STM32U385CGU6Q, STM32U385CGY6QTR, STM32U385KGU6, STM32U385RGI6, STM32U385RGI6Q, STM32U385RGT6, STM32U385RGT6Q, STM32U385RGY6GTR, STM32U385RGY6QTR, STM32U385VGI6, STM32U385VGI6Q, STM32U385VGT6, STM32U385VGT6Q, STM32U535CBT6, STM32U535CBT6Q, STM32U535CBU6, STM32U535CBU6Q, STM32U535CCT6, STM32U535CCT6Q, STM32U535CCU6, STM32U535CCU6Q, STM32U535CET6, STM32U535CET6Q, STM32U535CEU6, STM32U535CEU6Q, STM32U535JEY6QTR, STM32U535NCY6QTR, STM32U535NEY6QTR, STM32U535RBI6, STM32U535RBI6Q, STM32U535RBT6, STM32U535RBT6Q, STM32U535RCI6, STM32U535RCI6Q, STM32U535RCT6, STM32U535RCT6Q, STM32U535REI6, STM32U535REI6Q, STM32U535RET6, STM32U535RET6Q, STM32U535VCI6, STM32U535VCI6Q, STM32U535VCT6, STM32U535VCT6Q, STM32U535VEI6, STM32U535VEI6Q, STM32U535VET6, STM32U535VET6Q, STM32U545CET6, STM32U545CET6Q, STM32U545CEU6, STM32U545CEU6Q, STM32U545JEY6QTR, STM32U545NEY6QTR, STM32U545REI6, STM32U545REI6Q, STM32U545RET6, STM32U545RET6Q, STM32U545VEI6, STM32U545VEI6Q, STM32U545VET6, STM32U545VET6Q, STM32U595AIH6, STM32U595AIH6Q, STM32U595AJH6, STM32U595AJH6Q, STM32U595QII6, STM32U595QII6Q, STM32U595QJI6, STM32U595QJI6Q, STM32U595RIT6, STM32U595RIT6Q, STM32U595RJT6, STM32U595RJT6Q, STM32U595VIT6, STM32U595VIT6Q, STM32U595VJT6, STM32U595VJT6Q, STM32U595ZIT6, STM32U595ZIT6Q, STM32U595ZIY6QTR, STM32U595ZJT6, STM32U595ZJT6Q, STM32U595ZJY6QTR, STM32U599BJY6QTR, STM32U599NIH6Q, STM32U599NJH6Q, STM32U599VIT6Q, STM32U599VJT6, STM32U599VJT6Q, STM32U599ZIT6Q, STM32U599ZIY6QTR, STM32U599ZJT6Q, STM32U599ZJY6QTR, STM32U5A5AJH6, STM32U5A5AJH6Q, STM32U5A5QII3Q , STM32U5A5QJI6, STM32U5A5QJI6Q, STM32U5A5RJT6, STM32U5A5RJT6Q, STM32U5A5VJT6, STM32U5A5VJT6Q, STM32U5A5ZJT6, STM32U5A5ZJT6Q, STM32U5A5ZJY6QTR, STM32U5A9BJY6QTR, STM32U5A9J-DK, STM32U5A9NJH6Q, STM32U5A9VJT6Q, STM32U5A9ZJT6Q, STM32U5A9ZJY6QTR, STM32U5F7VIT6, STM32U5F7VIT6Q, STM32U5F7VJT6, STM32U5F7VJT6Q, STM32U5F9BJY6QTR, STM32U5F9NJH6Q, STM32U5F9VIT6Q, STM32U5F9VJT6Q, STM32U5F9ZIJ6QTR, STM32U5F9ZIT6Q, STM32U5F9ZJJ6QTR, STM32U5F9ZJT6Q, STM32U5G7VJT6, STM32U5G7VJT6Q, STM32U5G9BJY6QTR, STM32U5G9J-DK1, STM32U5G9J-DK2, STM32U5G9NJH6Q, STM32U5G9VJT6Q, STM32U5G9ZJJ6QTR, STM32U5G9ZJT6Q, STM32WB05KZV6TR, STM32WB05KZV7TR, STM32WB05TZF6TR, STM32WB05TZF7TR, STM32WB06CCF6TR, STM32WB06CCF7TR, STM32WB06CCV6TR, STM32WB06CCV7TR, STM32WB06KCV6TR, STM32WB06KCV7TR, STM32WB07CCF6TR, STM32WB07CCF7TR, STM32WB07CCV6TR, STM32WB07CCV7TR, STM32WB07KCV6TR, STM32WB07KCV7TR, STM32WB09KEV6TR, STM32WB09KEV7TR, STM32WB09TEF6TR, STM32WB09TEF7TR, STM32WB1MMCH6, STM32WBA50KGU6, STM32WBA50KGU6TR, STM32WBA52CEU6, STM32WBA52CEU6TR, STM32WBA52CEU7, STM32WBA52CEU7TR, STM32WBA52CGU6, STM32WBA52CGU6TR, STM32WBA52CGU6U, STM32WBA52CGU7, STM32WBA52CGU7TR, STM32WBA52KEU6, STM32WBA52KEU6TR, STM32WBA52KGU6, STM32WBA52KGU6TR, STM32WBA54CEU6, STM32WBA54CEU6TR, STM32WBA54CEU7, STM32WBA54CEU7TR, STM32WBA54CGU6, STM32WBA54CGU6TR, STM32WBA54CGU7, STM32WBA54CGU7TR, STM32WBA54KEU6, STM32WBA54KEU6TR, STM32WBA54KEU7, STM32WBA54KEU7TR, STM32WBA54KGU6, STM32WBA54KGU6TR, STM32WBA54KGU7, STM32WBA54KGU7TR, STM32WBA55CEU6, STM32WBA55CEU6TR, STM32WBA55CEU7, STM32WBA55CEU7TR, STM32WBA55CGU6, STM32WBA55CGU6TR, STM32WBA55CGU6U, STM32WBA55CGU7, STM32WBA55CGU7TR, STM32WBA55G-DK1, STM32WBA55HEF6, STM32WBA55HEF7, STM32WBA55HGF6, STM32WBA55HGF7, STM32WBA55UEI6, STM32WBA55UEI6TR, STM32WBA55UEI7, STM32WBA55UEI7TR, STM32WBA55UGI6, STM32WBA55UGI6TR, STM32WBA55UGI7, STM32WBA55UGI7TR, STM32WBA5MMGH6TR, STM32WBA62MGF6, STM32WBA62MIF6, STM32WBA65MGF7, STM32WBA65MIF6, STM32WBA65MIF7, STM32WL30K8V6, STM32WL30KBV6, STM32WL31C8V6, STM32WL31CBV6, STM32WL31K8V6, STM32WL31KBV6, STM32WL33C8V6, STM32WL33C8V6X, STM32WL33CBV6, STM32WL33CBV6X, STM32WL33CCV6, STM32WL33CCV6A, STM32WL33CCV6X, STM32WL33K8V7, STM32WL33K8V7X, STM32WL33KBV7 , STM32WL33KBV7X, STM32WL33KCV7, STM32WL33KCV7X, STM32WL5MOCH6, STM32WL5MOCH6TR]
2025-09-01 16:20:13,063 [INFO] DbMcus:218 - Found 4801 MCUs, 4801 are supported
2025-09-01 16:20:13,070 [INFO] ApiDb:423 - Load user favorites file C:\Users\nphis/.stm32cubeide/favorites.mcus.txt: 1 item(s)
2025-09-01 16:20:13,070 [INFO] ApiDb:427 - User favorites MCUs=[STM32F767ZIT6]
2025-09-01 16:20:13,070 [INFO] DbMcus:224 - Set 1 / 1 favorites MCUs
2025-09-01 16:20:13,331 [INFO] ApiDb:668 - CubeFinder database Data Model version=2.1
2025-09-01 16:20:13,331 [INFO] ApiDb:669 - CubeFinder database Configuration version=3.0.39
2025-09-01 16:20:13,331 [INFO] ApiDb:670 - CubeFinder database generation date=2025-07-24 (1753349077)
2025-09-01 16:20:13,331 [INFO] ApiDb:671 - CubeFinder database FW Pack versions=[FP-ATR-ASTRA1_V2.0.0, FP-SNS-FLIGHT1_V5.1.0, FP-SNS-MOTENV1_V5.0.0, FP-SNS-MOTENVWB1_V1.4.0, FP-SNS-SMARTAG2_V1.2.0, FP-SNS-STBOX1_V2.0.0, STM32Cube_FW_C0_V1.4.0, STM32Cube_FW_F4_V1.28.2, STM32Cube_FW_F7_V1.17.3, STM32Cube_FW_G0_V1.6.2, STM32Cube_FW_G4_V1.6.1, STM32Cube_FW_H5_V1.5.0, STM32Cube_FW_H7RS_V1.2.0, STM32Cube_FW_H7_V1.12.1, STM32Cube_FW_L0_V1.12.2, STM32Cube_FW_L4_V1.18.1, STM32Cube_FW_L5_V1.5.1, STM32Cube_FW_N6_V1.2.0, STM32Cube_FW_U0_V1.3.0, STM32Cube_FW_U3_V1.2.0, STM32Cube_FW_U5_V1.8.0, STM32Cube_FW_WB0_V1.3.0, STM32Cube_FW_WBA_V1.7.0, STM32Cube_FW_WB_V1.23.0, STM32Cube_FW_WL3_V1.2.0, STM32Cube_FW_WL_V1.3.1, X-CUBE-ALGOBUILD_V1.4.0, X-CUBE-ALS_V1.0.2, X-CUBE-AZRTOS-F4_V1.1.0, X-CUBE-AZRTOS-F7_V1.1.0, X-CUBE-AZRTOS-G0_V1.1.0, X-CUBE-AZRTOS-G4_V2.0.0, X-CUBE-AZRTOS-H7RS_V1.1.0, X-CUBE-AZRTOS-H7_V3.4.0, X-CUBE-AZRTOS-L4_V2.0.0, X-CUBE-AZRTOS-L5_V2.0.0, X-CUBE-AZRTOS-WB_V2.0.0, X-CUBE-AZRTOS-WL_V2.0.0, X-CUBE-BLE1_V7.1.0, X-CUBE-BLE2_V3.3.0, X-CUBE-BLEMGR_V4.1.0, X-CUBE-EEPRMA1_V5.2.0, X-CUBE-FREERTOS_V1.3.1, X-CUBE-GNSS1_V6.0.0, X-CUBE-MEMS1_V11.3.0, X-CUBE-NFC4_V3.0.0, X-CUBE-NFC7_V2.0.0, X-CUBE-SFXS2LP1_V4.0.0, X-CUBE-ST67W61_V1.0.0, X-CUBE-SUBG2_V5.0.0, X-CUBE-TOF1_V3.4.3]
2025-09-01 16:20:13,363 [INFO] DbBoardsSqlite:226 - include board P-NUCLEO-WB55-NUCLEO as a kit item of type 'Nucleo-64'
2025-09-01 16:20:13,363 [INFO] DbBoardsSqlite:226 - include board P-NUCLEO-WB55-USBDONGLE as a kit item of type 'Nucleo USB Dongle'
2025-09-01 16:20:13,363 [INFO] DbBoardsSqlite:226 - include board STEVAL-IDP005V1 as a kit item of type 'Evaluation Board'
2025-09-01 16:20:13,363 [INFO] DbBoardsSqlite:226 - include board STEVAL-IDP005V2 as a kit item of type 'Evaluation Board'
2025-09-01 16:20:13,402 [INFO] ApiDb:240 - Found 880 in-development CPN: [B-G473E-ZEST1S, B-WB1M-WPAN1, B-WBA5M-WPAN, B-WL5M-SUBG1, NUCLEO-C031C6, NUCLEO-C051C8, NUCLEO-C071RB, NUCLEO-C092RC, NUCLEO-H503RB, NUCLEO-H533RE, NUCLEO-H563ZI, NUCLEO-H7S3L8, NUCLEO-N657X0-Q, NUCLEO-U031R8, NUCLEO-U083RC, NUCLEO-U385RG-Q, NUCLEO-U545RE-Q, NUCLEO-U5A5ZJ-Q, NUCLEO-WB05KZ, NUCLEO-WB07CC, NUCLEO-WB09KE, NUCLEO-WBA52CG, NUCLEO-WBA55CG, NUCLEO-WL33CC1, NUCLEO-WL33CC2, STEVAL-PROTEUS1, STEVAL-SMARTAG2, STEVAL-STWINBX1, STM320518-EVAL, STM32C0116-DK, STM32C011D6Y3TR, STM32C011D6Y6TR, STM32C011F4P3, STM32C011F4P6, STM32C011F4U3, STM32C011F4U6TR, STM32C011F6P3, STM32C011F6P6, STM32C011F6U3, STM32C011F6U6TR, STM32C011J4M3, STM32C011J4M6, STM32C011J6M3, STM32C011J6M6, STM32C0316-DK, STM32C031C4T3, STM32C031C4T6, STM32C031C4U3, STM32C031C4U6, STM32C031C6T3, STM32C031C6T6, STM32C031C6U3, STM32C031C6U6, STM32C031F4P3, STM32C031F4P6, STM32C031F6P3, STM32C031F6P6, STM32C031G4U3, STM32C031G4U6, STM32C031G6U3, STM32C031G6U6, STM32C031K4T3, STM32C031K4T6, STM32C031K4U3, STM32C031K4U6, STM32C031K6T3, STM32C031K6T6, STM32C031K6U3, STM32C031K6U6, STM32C051C6T6, STM32C051C6U6, STM32C051C8T6, STM32C051C8U6, STM32C051D8Y6TR, STM32C051F6P6, STM32C051F8P6, STM32C051G6U6, STM32C051G8U6, STM32C051K6T6, STM32C051K6U6, STM32C051K8T6, STM32C071C8T6, STM32C071C8T6N, STM32C071C8U6, STM32C071C8U6N, STM32C071CBT6, STM32C071CBT6N, STM32C071CBU6, STM32C071CBU6N, STM32C071F8P6, STM32C071F8P6N, STM32C071FBP6, STM32C071FBP6N, STM32C071FBY6TR, STM32C071G8U6, STM32C071G8U6N, STM32C071GBU6, STM32C071GBU6N, STM32C071K8T6, STM32C071K8T6N, STM32C071K8U6, STM32C071K8U6N, STM32C071KBT6, STM32C071KBT6N, STM32C071KBU6, STM32C071KBU6N, STM32C071R8T6, STM32C071R8T6N, STM32C071RBI6N, STM32C071RBT6, STM32C071RBT6N, STM32C091CBT6, STM32C091CBU6, STM32C091CCT6, STM32C091CCU6, STM32C091ECY6TR, STM32C091FBP6, STM32C091FCP6, STM32C091GBU6, STM32C091GCU6, STM32C091KBT6, STM32C091KBU6, STM32C091KCT6, STM32C091KCU6, STM32C091RBT6, STM32C091RCI6, STM32C091RCT6, STM32C092CBT6, STM32C092CBU6, STM32C092CCT6, STM32C092CCU6, STM32C092ECY6TR, STM32C092FBP6, STM32C092FCP6, STM32C092GBU6, STM32C092GCU6, STM32C092KBT6, STM32C092KBU6, STM32C092KCT6, STM32C092KCU6, STM32C092RBT6, STM32C092RCI6, STM32C092RCT6, STM32G071K8TXN, STM32G071K8UXN, STM32G081GBU6N, STM32G081KBT6N, STM32G081KBUXN, STM32G0B1CCT6N, STM32G0B1KCT6, STM32G0B1NEY6TR, STM32G0B1RCT6N, STM32G0C1CCT6, STM32G0C1CCT6N, STM32G0C1CCU6N, STM32G0C1CET6N, STM32G0C1CEU6N, STM32G0C1KCT6, STM32G0C1NEY6TR, STM32G0C1RCI6N, STM32G0C1RCT6N, STM32G0C1REI6N, STM32G0C1RET6N, STM32G0C1VCI6, STM32G0C1VEI6, STM32G411C6T3, STM32G411C6T6, STM32G411C6U3, STM32G411C6U6, STM32G411C8T3, STM32G411C8T6, STM32G411C8U3, STM32G411C8U6, STM32G411CBT3, STM32G411CBT6, STM32G411CBU3, STM32G411CBU6, STM32G411K6T3, STM32G411K6T6, STM32G411K6U3, STM32G411K6U6, STM32G411K8T3, STM32G411K8T6, STM32G411K8U3, STM32G411K8U6, STM32G411KBT3, STM32G411KBT6, STM32G411KBU3, STM32G411KBU6, STM32G411M6T3, STM32G411M6T6, STM32G411M8T3, STM32G411M8T6, STM32G411MBT3, STM32G411MBT6, STM32G411R6T3, STM32G411R6T6, STM32G411R8T3, STM32G411R8T6, STM32G411RBT3, STM32G411RBT6, STM32G414CBT3, STM32G414CBT6, STM32G414CBU3, STM32G414CBU6, STM32G414CCT3, STM32G414CCT6, STM32G414CCU3, STM32G414CCU6, STM32G414MBT3, STM32G414MBT6, STM32G414MCT3, STM32G414MCT6, STM32G414RBT3, STM32G414RBT6, STM32G414RCT3, STM32G414RCT6, STM32G414VBT3, STM32G414VBT6, STM32G414VCT3, STM32G414VCT6, STM32G431CBT3Z, STM32G431RBT3Z, STM32G471CCT6, STM32G471CCU6, STM32G471CET3, STM32G471CET6, STM32G471CEU3, STM32G471CEU6, STM32G471MCT6, STM32G471MET3, STM32G471MET6, STM32G471MEY6TR, STM32G471QCT6, STM32G471QET3, STM32G471RCT6, STM32G471RET3, STM32G471RET6, STM32G471VCH6, STM32G471VCI6, STM32G471VCT6, STM32G471VEH3, STM32G471VEH6, STM32G471VEI3, STM32G471VEI6, STM32G471VET3, STM32G471VET6, STM32G473QET3Z, STM32G473RET3Z, STM32G474CCT6, STM32G491RET3Z, STM32H503CBT6, STM32H503CBU6, STM32H503EBY6TR, STM32H503KBU6, STM32H503RBT6, STM32H523CCT6, STM32H523CCU6, STM32H523CET6, STM32H523CEU6, STM32H523HEY6TR, STM32H523RCT6, STM32H523RET6, STM32H523VCI6, STM32H523VCT6, STM32H523VEI6, STM32H523VET6, STM32H523ZCJ6, STM32H523ZCT6, STM32H523ZEJ6, STM32H523ZET6, STM32H533CET6, STM32H533CEU6, STM32H533HEY6TR, STM32H533RET6, STM32H533VEI6, STM32H533VET6, STM32H533ZEJ6, STM32H533ZET6, STM32H562AGI6, STM32H562AII6, STM32H562IGK6, STM32H562IGT6, STM32H562IIK6, STM32H562IIT6, STM32H562RGT6, STM32H562RGV6, STM32H562RIT6, STM32H562RIV6, STM32H562VGT6, STM32H562VIT6, STM32H562ZGT6, STM32H562ZIT6, STM32H563AGI6, STM32H563AII3Q, STM32H563AII6, STM32H563IGK6, STM32H563IGT6, STM32H563IIK3Q, STM32H563IIK6, STM32H563IIT3Q, STM32H563IIT6, STM32H563MIY3QTR, STM32H563RGT6, STM32H563RGV6, STM32H563RIT6, STM32H563RIV6, STM32H563VGT6, STM32H563VIT3Q, STM32H563VIT6, STM32H563ZGT6, STM32H563ZIT3Q, STM32H563ZIT6, STM32H573AII3Q, STM32H573AII6, STM32H573I-DK, STM32H573IIK3Q, STM32H573IIK6, STM32H573IIT3Q, STM32H573IIT6, STM32H573MIY3QTR, STM32H573RIT6, STM32H573RIV6, STM32H573VIT3Q, STM32H573VIT6, STM32H573ZIT3Q, STM32H573ZIT6, STM32H7R3A8I6, STM32H7R3I8K6, STM32H7R3I8T6, STM32H7R3L8H6, STM32H7R3L8H6H, STM32H7R3R8V6, STM32H7R3V8H6, STM32H7R3V8T6, STM32H7R3V8Y6TR, STM32H7R3Z8J6, STM32H7R3Z8T6, STM32H7R7A8I6, STM32H7R7I8K6, STM32H7R7I8T6, STM32H7R7L8H6, STM32H7R7L8H6H, STM32H7R7Z8J6, STM32H7S3A8I6, STM32H7S3I8K6, STM32H7S3I8T6, STM32H7S3L8H6, STM32H7S3L8H6H, STM32H7S3R8V6, STM32H7S3V8H6, STM32H7S3V8T6, STM32H7S3V8Y6TR, STM32H7S3Z8J6, STM32H7S3Z8T6, STM32H7S78-DK, STM32H7S7A8I6, STM32H7S7I8K6, STM32H7S7I8T6, STM32H7S7L8H6, STM32H7S7L8H6H, STM32H7S7Z8J6, STM32L4R5QGI6STR, STM32MP131AAE3, STM32MP131AAF3, STM32MP131AAG3, STM32MP131CAE3, STM32MP131CAF3, STM32MP131CAG3, STM32MP131DAE7, STM32MP131DAF7, STM32MP131DAG7, STM32MP131FAE7, STM32MP131FAF7, STM32MP131FAG7, STM32MP133AAE3, STM32MP133AAF3, STM32MP133AAG3, STM32MP133CAE3, STM32MP133CAF3, STM32MP133CAG3, STM32MP133DAE7, STM32MP133DAF7, STM32MP133DAG7, STM32MP133FAE7, STM32MP133FAF7, STM32MP133FAG7, STM32MP135AAE3, STM32MP135AAF3, STM32MP135AAG3, STM32MP135CAE3, STM32MP135CAF3, STM32MP135CAG3, STM32MP135DAE7, STM32MP135DAF7, STM32MP135DAG7, STM32MP135F-DK, STM32MP135FAE7, STM32MP135FAF7, STM32MP135FAF7T, STM32MP135FAF7U, STM32MP135FAG7, STM32MP211AAL3, STM32MP211AAM3, STM32MP211AAN3, STM32MP211AAO3, STM32MP211CAL3, STM32MP211CAM3, STM32MP211CAN3, STM32MP211CAO3, STM32MP211DAL3, STM32MP211DAM3, STM32MP211DAN3, STM32MP211DAO3, STM32MP211FAL3, STM32MP211FAM3, STM32MP211FAN3, STM32MP211FAO3, STM32MP213AAL3, STM32MP213AAM3, STM32MP213AAN3, STM32MP213AAO3, STM32MP213CAL3, STM32MP213CAM3, STM32MP213CAN3, STM32MP213CAO3, STM32MP213DAL3, STM32MP213DAM3, STM32MP213DAN3, STM32MP213DAO3, STM32MP213FAL3, STM32MP213FAM3, STM32MP213FAN3, STM32MP213FAO3, STM32MP215AAL3, STM32MP215AAM3, STM32MP215AAN3, STM32MP215AAO3, STM32MP215CAL3, STM32MP215CAM3, STM32MP215CAN3, STM32MP215CAO3, STM32MP215DAL3, STM32MP215DAM3, STM32MP215DAN3, STM32MP215DAO3, STM32MP215F-DK, STM32MP215FAL3, STM32MP215FAM3, STM32MP215FAN3, STM32MP215FAO3, STM32MP231AAJ3, STM32MP231AAK3, STM32MP231AAL3, STM32MP231CAJ3, STM32MP231CAK3, STM32MP231CAL3, STM32MP231DAJ3, STM32MP231DAK3, STM32MP231DAL3, STM32MP231FAJ3, STM32MP231FAK3, STM32MP231FAL3, STM32MP233AAJ3, STM32MP233AAK3, STM32MP233AAL3, STM32MP233CAJ3, STM32MP233CAK3, STM32MP233CAL3, STM32MP233DAJ3, STM32MP233DAK3, STM32MP233DAL3, STM32MP233FAJ3, STM32MP233FAK3, STM32MP233FAL3, STM32MP235AAJ3, STM32MP235AAK3, STM32MP235AAL3, STM32MP235CAJ3, STM32MP235CAK3, STM32MP235CAL3, STM32MP235DAJ3, STM32MP235DAK3, STM32MP235DAL3, STM32MP235FAJ3, STM32MP235FAK3, STM32MP235FAL3, STM32MP251AAI3, STM32MP251AAK3, STM32MP251AAL3, STM32MP251CAI3, STM32MP251CAK3, STM32MP251CAL3, STM32MP251DAI3, STM32MP251DAK3, STM32MP251DAL3, STM32MP251FAI3, STM32MP251FAK3, STM32MP251FAL3, STM32MP253AAI3, STM32MP253AAK3, STM32MP253AAL3, STM32MP253CAI3, STM32MP253CAK3, STM32MP253CAL3, STM32MP253DAI3, STM32MP253DAK3, STM32MP253DAL3, STM32MP253FAI3, STM32MP253FAK3, STM32MP253FAL3, STM32MP255AAI3, STM32MP255AAK3, STM32MP255AAL3, STM32MP255CAI3, STM32MP255CAK3, STM32MP255CAL3, STM32MP255DAI3, STM32MP255DAK3, STM32MP255DAL3, STM32MP255FAI3, STM32MP255FAK3, STM32MP255FAL3, STM32MP257AAI3, STM32MP257AAK3, STM32MP257AAL3, STM32MP257CAI3, STM32MP257CAK3, STM32MP257CAL3, STM32MP257DAI3, STM32MP257DAK3, STM32MP257DAL3, STM32MP257F-DK, STM32MP257F-EV1, STM32MP257FAI3, STM32MP257FAK3, STM32MP257FAL3, STM32N645A0H3Q, STM32N645B0H3Q, STM32N645I0H3Q, STM32N645L0H3Q, STM32N645X0H3Q, STM32N645Z0H3Q, STM32N647A0H3Q, STM32N647B0H3Q, STM32N647I0H3Q, STM32N647L0H3Q, STM32N647X0H3Q, STM32N647Z0H3Q, STM32N655A0H3Q, STM32N655B0H3Q, STM32N655I0H3Q, STM32N655L0H3Q, STM32N655X0H3Q, STM32N655Z0H3Q, STM32N6570-DK, STM32N657A0H3Q, STM32N657B0H3Q, STM32N657I0H3Q, STM32N657L0H3Q, STM32N657X0H3Q, STM32N657Z0H3Q, STM32U031C6T6, STM32U031C6U6, STM32U031C8T6, STM32U031C8U6, STM32U031F4P6, STM32U031F6P6, STM32U031F8P6, STM32U031G6Y6TR, STM32U031G8Y6TR, STM32U031K4U6, STM32U031K6U6, STM32U031K8U6, STM32U031R6I6, STM32U031R6T6, STM32U031R8I6, STM32U031R8T6, STM32U073C8T6, STM32U073C8U6, STM32U073CBT6, STM32U073CBU6, STM32U073CCT6, STM32U073CCU6, STM32U073H8Y6TR, STM32U073HBY6TR, STM32U073HCY6TR, STM32U073K8U6, STM32U073KBU6, STM32U073KCU6, STM32U073M8I6, STM32U073M8T6, STM32U073MBI6, STM32U073MBT6, STM32U073MCI6, STM32U073MCT6, STM32U073R8I6, STM32U073R8T6, STM32U073RBI6, STM32U073RBT6, STM32U073RCI6, STM32U073RCT6, STM32U083C-DK, STM32U083CCT6, STM32U083CCU6, STM32U083HCY6TR, STM32U083KCU6, STM32U083MCI6, STM32U083MCT6, STM32U083RCI6, STM32U083RCT6, STM32U375CET6, STM32U375CET6Q, STM32U375CEU6, STM32U375CEU6Q, STM32U375CEY6QTR, STM32U375CGT6, STM32U375CGT6Q, STM32U375CGU6, STM32U375CGU6Q, STM32U375CGY6QTR, STM32U375KEU6, STM32U375KGU6, STM32U375REI6, STM32U375REI6Q, STM32U375RET6, STM32U375RET6Q, STM32U375REY6GTR, STM32U375REY6QTR, STM32U375RGI6, STM32U375RGI6Q, STM32U375RGT6, STM32U375RGT6Q, STM32U375RGY6GTR, STM32U375RGY6QTR, STM32U375VEI6, STM32U375VEI6Q, STM32U375VET6, STM32U375VET6Q, STM32U375VGI6, STM32U375VGI6Q, STM32U375VGT6, STM32U375VGT6Q, STM32U385CGT6, STM32U385CGT6Q, STM32U385CGU6, STM32U385CGU6Q, STM32U385CGY6QTR, STM32U385KGU6, STM32U385RGI6, STM32U385RGI6Q, STM32U385RGT6, STM32U385RGT6Q, STM32U385RGY6GTR, STM32U385RGY6QTR, STM32U385VGI6, STM32U385VGI6Q, STM32U385VGT6, STM32U385VGT6Q, STM32U535CBT6, STM32U535CBT6Q, STM32U535CBU6, STM32U535CBU6Q, STM32U535CCT6, STM32U535CCT6Q, STM32U535CCU6, STM32U535CCU6Q, STM32U535CET6, STM32U535CET6Q, STM32U535CEU6, STM32U535CEU6Q, STM32U535JEY6QTR, STM32U535NCY6QTR, STM32U535NEY6QTR, STM32U535RBI6, STM32U535RBI6Q, STM32U535RBT6, STM32U535RBT6Q, STM32U535RCI6, STM32U535RCI6Q, STM32U535RCT6, STM32U535RCT6Q, STM32U535REI6, STM32U535REI6Q, STM32U535RET6, STM32U535RET6Q, STM32U535VCI6, STM32U535VCI6Q, STM32U535VCT6, STM32U535VCT6Q, STM32U535VEI6, STM32U535VEI6Q, STM32U535VET6, STM32U535VET6Q, STM32U545CET6, STM32U545CET6Q, STM32U545CEU6, STM32U545CEU6Q, STM32U545JEY6QTR, STM32U545NEY6QTR, STM32U545REI6, STM32U545REI6Q, STM32U545RET6, STM32U545RET6Q, STM32U545VEI6, STM32U545VEI6Q, STM32U545VET6, STM32U545VET6Q, STM32U595AIH6, STM32U595AIH6Q, STM32U595AJH6, STM32U595AJH6Q, STM32U595QII6, STM32U595QII6Q, STM32U595QJI6, STM32U595QJI6Q, STM32U595RIT6, STM32U595RIT6Q, STM32U595RJT6, STM32U595RJT6Q, STM32U595VIT6, STM32U595VIT6Q, STM32U595VJT6, STM32U595VJT6Q, STM32U595ZIT6, STM32U595ZIT6Q, STM32U595ZIY6QTR, STM32U595ZJT6, STM32U595ZJT6Q, STM32U595ZJY6QTR, STM32U599BJY6QTR, STM32U599NIH6Q, STM32U599NJH6Q, STM32U599VIT6Q, STM32U599VJT6, STM32U599VJT6Q, STM32U599ZIT6Q, STM32U599ZIY6QTR, STM32U599ZJT6Q, STM32U599ZJY6QTR, STM32U5A5AJH6, STM32U5A5AJH6Q, STM32U5A5QII3Q , STM32U5A5QJI6, STM32U5A5QJI6Q, STM32U5A5RJT6, STM32U5A5RJT6Q, STM32U5A5VJT6, STM32U5A5VJT6Q, STM32U5A5ZJT6, STM32U5A5ZJT6Q, STM32U5A5ZJY6QTR, STM32U5A9BJY6QTR, STM32U5A9J-DK, STM32U5A9NJH6Q, STM32U5A9VJT6Q, STM32U5A9ZJT6Q, STM32U5A9ZJY6QTR, STM32U5F7VIT6, STM32U5F7VIT6Q, STM32U5F7VJT6, STM32U5F7VJT6Q, STM32U5F9BJY6QTR, STM32U5F9NJH6Q, STM32U5F9VIT6Q, STM32U5F9VJT6Q, STM32U5F9ZIJ6QTR, STM32U5F9ZIT6Q, STM32U5F9ZJJ6QTR, STM32U5F9ZJT6Q, STM32U5G7VJT6, STM32U5G7VJT6Q, STM32U5G9BJY6QTR, STM32U5G9J-DK1, STM32U5G9J-DK2, STM32U5G9NJH6Q, STM32U5G9VJT6Q, STM32U5G9ZJJ6QTR, STM32U5G9ZJT6Q, STM32WB05KZV6TR, STM32WB05KZV7TR, STM32WB05TZF6TR, STM32WB05TZF7TR, STM32WB06CCF6TR, STM32WB06CCF7TR, STM32WB06CCV6TR, STM32WB06CCV7TR, STM32WB06KCV6TR, STM32WB06KCV7TR, STM32WB07CCF6TR, STM32WB07CCF7TR, STM32WB07CCV6TR, STM32WB07CCV7TR, STM32WB07KCV6TR, STM32WB07KCV7TR, STM32WB09KEV6TR, STM32WB09KEV7TR, STM32WB09TEF6TR, STM32WB09TEF7TR, STM32WB1MMCH6, STM32WBA50KGU6, STM32WBA50KGU6TR, STM32WBA52CEU6, STM32WBA52CEU6TR, STM32WBA52CEU7, STM32WBA52CEU7TR, STM32WBA52CGU6, STM32WBA52CGU6TR, STM32WBA52CGU6U, STM32WBA52CGU7, STM32WBA52CGU7TR, STM32WBA52KEU6, STM32WBA52KEU6TR, STM32WBA52KGU6, STM32WBA52KGU6TR, STM32WBA54CEU6, STM32WBA54CEU6TR, STM32WBA54CEU7, STM32WBA54CEU7TR, STM32WBA54CGU6, STM32WBA54CGU6TR, STM32WBA54CGU7, STM32WBA54CGU7TR, STM32WBA54KEU6, STM32WBA54KEU6TR, STM32WBA54KEU7, STM32WBA54KEU7TR, STM32WBA54KGU6, STM32WBA54KGU6TR, STM32WBA54KGU7, STM32WBA54KGU7TR, STM32WBA55CEU6, STM32WBA55CEU6TR, STM32WBA55CEU7, STM32WBA55CEU7TR, STM32WBA55CGU6, STM32WBA55CGU6TR, STM32WBA55CGU6U, STM32WBA55CGU7, STM32WBA55CGU7TR, STM32WBA55G-DK1, STM32WBA55HEF6, STM32WBA55HEF7, STM32WBA55HGF6, STM32WBA55HGF7, STM32WBA55UEI6, STM32WBA55UEI6TR, STM32WBA55UEI7, STM32WBA55UEI7TR, STM32WBA55UGI6, STM32WBA55UGI6TR, STM32WBA55UGI7, STM32WBA55UGI7TR, STM32WBA5MMGH6TR, STM32WBA62MGF6, STM32WBA62MIF6, STM32WBA65MGF7, STM32WBA65MIF6, STM32WBA65MIF7, STM32WL30K8V6, STM32WL30KBV6, STM32WL31C8V6, STM32WL31CBV6, STM32WL31K8V6, STM32WL31KBV6, STM32WL33C8V6, STM32WL33C8V6X, STM32WL33CBV6, STM32WL33CBV6X, STM32WL33CCV6, STM32WL33CCV6A, STM32WL33CCV6X, STM32WL33K8V7, STM32WL33K8V7X, STM32WL33KBV7 , STM32WL33KBV7X, STM32WL33KCV7, STM32WL33KCV7X, STM32WL5MOCH6, STM32WL5MOCH6TR]
2025-09-01 16:20:13,475 [INFO] BoardInfo:889 - No configuration file found for board P-NUCLEO-WB55
2025-09-01 16:20:13,475 [INFO] DbBoards:161 - Kit is not supported: P-NUCLEO-WB55
2025-09-01 16:20:13,477 [INFO] BoardInfo:889 - No configuration file found for board STEVAL-BFA001V1B
2025-09-01 16:20:13,478 [INFO] DbBoards:161 - Kit is not supported: STEVAL-BFA001V1B
2025-09-01 16:20:13,478 [INFO] BoardInfo:889 - No configuration file found for board STEVAL-BFA001V2B
2025-09-01 16:20:13,479 [INFO] DbBoards:161 - Kit is not supported: STEVAL-BFA001V2B
2025-09-01 16:20:13,544 [INFO] DbBoards:168 - Found 212 boards, 209 are supported
2025-09-01 16:20:13,544 [INFO] DbBoards:169 - Found 212 boards, 43 of them is supported for  Bsp
2025-09-01 16:20:13,546 [INFO] ApiDb:423 - Load user favorites file C:\Users\nphis/.stm32cubeide/favorites.boards.txt: 0 item(s)
2025-09-01 16:20:13,546 [INFO] ApiDb:427 - User favorites Boards=[]
2025-09-01 16:20:13,546 [INFO] DbBoards:198 - Set 0 / 0 favorites Boards
2025-09-01 16:20:13,548 [INFO] ApiDb:668 - CubeFinder database Data Model version=2.1
2025-09-01 16:20:13,548 [INFO] ApiDb:669 - CubeFinder database Configuration version=3.0.39
2025-09-01 16:20:13,548 [INFO] ApiDb:670 - CubeFinder database generation date=2025-07-24 (1753349077)
2025-09-01 16:20:13,548 [INFO] ApiDb:671 - CubeFinder database FW Pack versions=[FP-ATR-ASTRA1_V2.0.0, FP-SNS-FLIGHT1_V5.1.0, FP-SNS-MOTENV1_V5.0.0, FP-SNS-MOTENVWB1_V1.4.0, FP-SNS-SMARTAG2_V1.2.0, FP-SNS-STBOX1_V2.0.0, STM32Cube_FW_C0_V1.4.0, STM32Cube_FW_F4_V1.28.2, STM32Cube_FW_F7_V1.17.3, STM32Cube_FW_G0_V1.6.2, STM32Cube_FW_G4_V1.6.1, STM32Cube_FW_H5_V1.5.0, STM32Cube_FW_H7RS_V1.2.0, STM32Cube_FW_H7_V1.12.1, STM32Cube_FW_L0_V1.12.2, STM32Cube_FW_L4_V1.18.1, STM32Cube_FW_L5_V1.5.1, STM32Cube_FW_N6_V1.2.0, STM32Cube_FW_U0_V1.3.0, STM32Cube_FW_U3_V1.2.0, STM32Cube_FW_U5_V1.8.0, STM32Cube_FW_WB0_V1.3.0, STM32Cube_FW_WBA_V1.7.0, STM32Cube_FW_WB_V1.23.0, STM32Cube_FW_WL3_V1.2.0, STM32Cube_FW_WL_V1.3.1, X-CUBE-ALGOBUILD_V1.4.0, X-CUBE-ALS_V1.0.2, X-CUBE-AZRTOS-F4_V1.1.0, X-CUBE-AZRTOS-F7_V1.1.0, X-CUBE-AZRTOS-G0_V1.1.0, X-CUBE-AZRTOS-G4_V2.0.0, X-CUBE-AZRTOS-H7RS_V1.1.0, X-CUBE-AZRTOS-H7_V3.4.0, X-CUBE-AZRTOS-L4_V2.0.0, X-CUBE-AZRTOS-L5_V2.0.0, X-CUBE-AZRTOS-WB_V2.0.0, X-CUBE-AZRTOS-WL_V2.0.0, X-CUBE-BLE1_V7.1.0, X-CUBE-BLE2_V3.3.0, X-CUBE-BLEMGR_V4.1.0, X-CUBE-EEPRMA1_V5.2.0, X-CUBE-FREERTOS_V1.3.1, X-CUBE-GNSS1_V6.0.0, X-CUBE-MEMS1_V11.3.0, X-CUBE-NFC4_V3.0.0, X-CUBE-NFC7_V2.0.0, X-CUBE-SFXS2LP1_V4.0.0, X-CUBE-ST67W61_V1.0.0, X-CUBE-SUBG2_V5.0.0, X-CUBE-TOF1_V3.4.3]
2025-09-01 16:20:13,968 [ERROR] DbExamplesSqlite:437 - Missing JSON key: board_cpn
2025-09-01 16:20:13,968 [ERROR] DbExamplesSqlite:437 - Missing JSON key: board_cpn
2025-09-01 16:20:13,969 [ERROR] DbExamplesSqlite:437 - Missing JSON key: board_cpn
2025-09-01 16:20:13,969 [ERROR] DbExamplesSqlite:437 - Missing JSON key: board_cpn
2025-09-01 16:20:14,047 [ERROR] DbExamplesSqlite:437 - Missing JSON key: board_cpn
2025-09-01 16:20:14,047 [ERROR] DbExamplesSqlite:437 - Missing JSON key: board_cpn
2025-09-01 16:20:14,047 [ERROR] DbExamplesSqlite:437 - Missing JSON key: board_cpn
2025-09-01 16:20:14,048 [ERROR] DbExamplesSqlite:437 - Missing JSON key: board_cpn
2025-09-01 16:20:14,048 [ERROR] DbExamplesSqlite:437 - Missing JSON key: board_cpn
2025-09-01 16:20:14,048 [ERROR] DbExamplesSqlite:437 - Missing JSON key: board_cpn
2025-09-01 16:20:14,048 [ERROR] DbExamplesSqlite:437 - Missing JSON key: board_cpn
2025-09-01 16:20:14,048 [ERROR] DbExamplesSqlite:437 - Missing JSON key: board_cpn
2025-09-01 16:20:14,048 [ERROR] DbExamplesSqlite:437 - Missing JSON key: board_cpn
2025-09-01 16:20:14,153 [ERROR] DbExamplesSqlite:437 - Missing JSON key: board_cpn
2025-09-01 16:20:14,153 [ERROR] DbExamplesSqlite:437 - Missing JSON key: board_cpn
2025-09-01 16:20:14,154 [INFO] DbExamplesSqlite:395 - Ignored 33 examples not supported by CubeIDE
2025-09-01 16:20:14,155 [INFO] DbExamplesSqlite:396 - Found 10866 examples active
2025-09-01 16:20:14,155 [INFO] DbExamplesSqlite:397 - Found 0 examples obsolete
2025-09-01 16:20:14,155 [INFO] DbExamplesSqlite:398 - Found 0 examples under development
2025-09-01 16:20:14,155 [INFO] DbExamplesSqlite:399 - Found 65 examples not building
2025-09-01 16:20:14,157 [INFO] DbExamples:125 - Found 10898 examples
2025-09-01 16:20:14,168 [INFO] DbExamples:222 - Found 134 boards with related examples
2025-09-01 16:20:14,169 [INFO] DbExamples:235 - Found 111 MCUs with related examples
2025-09-01 16:20:14,185 [INFO] ApiDb:414 - User favorites file not found: C:\Users\nphis/.stm32cubeide/favorites.examples.txt
2025-09-01 16:20:14,185 [INFO] DbExamples:250 - Set 0 / 0 favorites Examples
2025-09-01 16:20:14,466 [INFO] McuFinderGlobals:76 - Set McuFinderConnectedMode to true
2025-09-01 16:20:14,473 [INFO] MultiScanPanel:200 - Auto-refresh data requested => check proxy status ongoing
2025-09-01 16:20:14,476 [INFO] FinderPluginLoader:96 - Searching for filters in installed packs
2025-09-01 16:20:15,430 [INFO] LoadUrlFilesThread:185 - End of LoadServerUrlFiles without Thread
2025-09-01 16:20:15,487 [INFO] DetailPanel:341 - Set advertising image to C:/Users/nphis/STM32Cube/Repository/\en.2400x1350px.jpeg
2025-09-01 16:20:39,662 [INFO] MainUpdater:2872 - connection check result : 10
2025-09-01 16:20:39,662 [INFO] MainUpdater:2872 - connection check result : 10
2025-09-01 16:20:45,981 [INFO] MicroXplorer:468 - Change Database Path : 
2025-09-01 16:20:45,981 [INFO] MicroXplorer:498 - Change Database Version : DB.6.0.150
2025-09-01 16:20:45,985 [WARN] ThirdParty:871 - waiting for thirdparty lock release [close project]
2025-09-01 16:20:45,985 [INFO] ThirdParty:873 - entering critical section [close project]
2025-09-01 16:20:45,985 [INFO] ThirdParty:883 - exiting critical section [close project]
2025-09-01 16:20:45,987 [INFO] PinOutPanel:1589 - setPackage(No Configuration,No Configuration)
2025-09-01 16:20:45,988 [INFO] UtilMem:75 - Begin LoadConfig() Used Memory: 598620240 Bytes (681574400)
2025-09-01 16:20:45,989 [INFO] MicroXplorer:468 - Change Database Path : 
2025-09-01 16:20:45,989 [INFO] MicroXplorer:498 - Change Database Version : DB.6.0.150
2025-09-01 16:20:45,989 [INFO] OpenFileManager:355 - Change cursor
2025-09-01 16:20:46,013 [INFO] Mcu:2029 - Initializing MCU STM32F767ZITx STM32F767ZITx STM32F767ZIT6
2025-09-01 16:20:47,968 [INFO] Context:786 - Trying to add GPIOservice into a context  which must be forbidden
2025-09-01 16:20:48,436 [INFO] ImportTextPane:234 - (OptionalMessage_ERROR) Unable to find key (Mcu.ThirdPartyNb) in loaded IOC file
2025-09-01 16:20:48,437 [INFO] ImportTextPane:234 - (OptionalMessage_ERROR) Unable to find key (Mcu.PinsNb) in loaded IOC file
2025-09-01 16:20:48,438 [INFO] ImportTextPane:234 - (OptionalMessage_ERROR) Pin0 (VP_RIF_VS_RIF1) cannot be retrieved for this MCU
2025-09-01 16:20:48,438 [INFO] ImportTextPane:234 - (OptionalMessage_ERROR) Unable to find key (Mcu.IPNb) in loaded IOC file
2025-09-01 16:20:48,508 [INFO] RtosManager:558 - Registered RTOS mode: class=CMSIS, group=RTOS, mode=CMSIS_V1, owner=FREERTOS
2025-09-01 16:20:48,508 [INFO] RtosManager:558 - Registered RTOS mode: class=CMSIS, group=RTOS2, mode=CMSIS_V2, owner=FREERTOS
2025-09-01 16:20:48,508 [INFO] RtosManager:558 - Registered RTOS mode: class=RTOS, group=Core, mode=CMSIS_V1, owner=FREERTOS
2025-09-01 16:20:48,508 [INFO] RtosManager:558 - Registered RTOS mode: class=RTOS, group=Core, mode=CMSIS_V2, owner=FREERTOS
2025-09-01 16:20:48,508 [WARN] ModelIntegratedComponent:184 - Missing modes for component STMicroelectronics:FreeRTOS:0.0.1:STMicroelectronics:RTOS:FreeRTOS:Core:::10.2.0:
2025-09-01 16:20:48,522 [WARN] ModelIntegratedComponent:63 - No mode defined for component null
2025-09-01 16:20:48,523 [WARN] ModelIntegratedComponent:63 - No mode defined for component null
2025-09-01 16:20:48,523 [WARN] ModelIntegratedComponent:63 - No mode defined for component null
2025-09-01 16:20:48,523 [WARN] ModelIntegratedComponent:63 - No mode defined for component null
2025-09-01 16:20:48,523 [WARN] ModelIntegratedComponent:63 - No mode defined for component null
2025-09-01 16:20:48,523 [WARN] ModelIntegratedComponent:63 - No mode defined for component null
2025-09-01 16:20:48,523 [WARN] ModelIntegratedComponent:63 - No mode defined for component null
2025-09-01 16:20:48,523 [WARN] ModelIntegratedComponent:63 - No mode defined for component null
2025-09-01 16:20:48,523 [WARN] ModelIntegratedComponent:63 - No mode defined for component null
2025-09-01 16:20:48,523 [WARN] ModelIntegratedComponent:63 - No mode defined for component null
2025-09-01 16:20:48,523 [WARN] ModelIntegratedComponent:63 - No mode defined for component null
2025-09-01 16:20:48,523 [WARN] ModelIntegratedComponent:63 - No mode defined for component null
2025-09-01 16:20:48,523 [WARN] ModelIntegratedComponent:63 - No mode defined for component null
2025-09-01 16:20:48,523 [WARN] ModelIntegratedComponent:63 - No mode defined for component null
2025-09-01 16:20:48,523 [WARN] ModelIntegratedComponent:63 - No mode defined for component null
2025-09-01 16:20:48,523 [WARN] ModelIntegratedComponent:63 - No mode defined for component null
2025-09-01 16:20:48,523 [WARN] ModelIntegratedComponent:63 - No mode defined for component null
2025-09-01 16:20:48,523 [WARN] ModelIntegratedComponent:63 - No mode defined for component null
2025-09-01 16:20:48,523 [WARN] ModelIntegratedComponent:63 - No mode defined for component null
2025-09-01 16:20:48,523 [WARN] ModelIntegratedComponent:63 - No mode defined for component null
2025-09-01 16:20:48,523 [WARN] ModelIntegratedComponent:63 - No mode defined for component null
2025-09-01 16:20:48,523 [WARN] ModelIntegratedComponent:63 - No mode defined for component null
2025-09-01 16:20:48,523 [WARN] ModelIntegratedComponent:63 - No mode defined for component null
2025-09-01 16:20:48,523 [WARN] ModelIntegratedComponent:63 - No mode defined for component null
2025-09-01 16:20:48,523 [WARN] ModelIntegratedComponent:63 - No mode defined for component null
2025-09-01 16:20:48,523 [WARN] ModelIntegratedComponent:63 - No mode defined for component null
2025-09-01 16:20:48,523 [WARN] ModelIntegratedComponent:63 - No mode defined for component null
2025-09-01 16:20:48,523 [WARN] ModelIntegratedComponent:63 - No mode defined for component null
2025-09-01 16:20:48,523 [WARN] ModelIntegratedComponent:63 - No mode defined for component null
2025-09-01 16:20:48,523 [WARN] ModelIntegratedComponent:63 - No mode defined for component null
2025-09-01 16:20:48,523 [WARN] ModelIntegratedComponent:63 - No mode defined for component null
2025-09-01 16:20:48,523 [WARN] ModelIntegratedComponent:63 - No mode defined for component null
2025-09-01 16:20:48,523 [WARN] ModelIntegratedComponent:63 - No mode defined for component null
2025-09-01 16:20:48,523 [WARN] ModelIntegratedComponent:63 - No mode defined for component null
2025-09-01 16:20:48,523 [WARN] ModelIntegratedComponent:63 - No mode defined for component null
2025-09-01 16:20:48,523 [WARN] ModelPack:524 - Component already loaded: STMicroelectronics:HAL Drivers:0.0.0:STMicroelectronics:Device:STMicro_Driver:XSPI:HAL::0.0.1:HAL_XSPI
2025-09-01 16:20:48,595 [INFO] ThirdPartyModel:298 - Start build external matchings
2025-09-01 16:20:48,845 [INFO] ThirdPartyModel:316 - End build external matchings
2025-09-01 16:20:49,292 [INFO] UtilMem:75 - End LoadConfig() Used Memory: 706266536 Bytes (959447040)
2025-09-01 16:20:49,321 [WARN] ThirdParty:833 - waiting for thirdparty lock release [change project]
2025-09-01 16:20:49,321 [INFO] ThirdParty:835 - entering critical section [change project]
2025-09-01 16:20:49,321 [INFO] ThirdParty:1030 - CMSIS Pack Vendor :STMicroelectronics X-CUBE-PM33A1 1.0.0
2025-09-01 16:20:49,321 [INFO] ThirdParty:1030 - CMSIS Pack Vendor :STMicroelectronics USBPD 4.1
2025-09-01 16:20:49,321 [INFO] ThirdParty:1030 - CMSIS Pack Vendor :STMicroelectronics X-CUBE-NFC9 1.0.0
2025-09-01 16:20:49,321 [INFO] ThirdParty:1030 - CMSIS Pack Vendor :wolfSSL I-CUBE-wolfSSL 5.8.0
2025-09-01 16:20:49,321 [INFO] ThirdParty:1030 - CMSIS Pack Vendor :STMicroelectronics USB_HOST 2.0.0
2025-09-01 16:20:49,321 [INFO] ThirdParty:1030 - CMSIS Pack Vendor :STMicroelectronics FP-SNS-MOTENVWB1 1.4.0
2025-09-01 16:20:49,321 [INFO] ThirdParty:1030 - CMSIS Pack Vendor :STMicroelectronics X-CUBE-AZRTOS-F4 1.1.0
2025-09-01 16:20:49,321 [INFO] ThirdParty:1030 - CMSIS Pack Vendor :STMicroelectronics LIBJPEG 8.0.0
2025-09-01 16:20:49,322 [INFO] ThirdParty:1030 - CMSIS Pack Vendor :STMicroelectronics FP-ATR-ASTRA1 2.0.2
2025-09-01 16:20:49,322 [INFO] ThirdParty:1030 - CMSIS Pack Vendor :wolfSSL I-CUBE-wolfSSL 5.8.2
2025-09-01 16:20:49,322 [INFO] ThirdParty:1030 - CMSIS Pack Vendor :STMicroelectronics X-CUBE-BLE1 7.1.0
2025-09-01 16:20:49,322 [INFO] ThirdParty:1030 - CMSIS Pack Vendor :Avnet-IotConnect X-CUBE-IoTC-DA16k-PMOD 1.0.0
2025-09-01 16:20:49,322 [INFO] ThirdParty:1030 - CMSIS Pack Vendor :STMicroelectronics X-CUBE-SMBUS 2.1.0
2025-09-01 16:20:49,322 [INFO] ThirdParty:1030 - CMSIS Pack Vendor :wolfSSL I-CUBE-wolfMQTT 1.19.2
2025-09-01 16:20:49,322 [INFO] ThirdParty:1030 - CMSIS Pack Vendor :STMicroelectronics USB_DEVICE 3.0.0
2025-09-01 16:20:49,322 [INFO] ThirdParty:1030 - CMSIS Pack Vendor :STMicroelectronics X-CUBE-ISPU 2.1.0
2025-09-01 16:20:49,322 [INFO] ThirdParty:1030 - CMSIS Pack Vendor :STMicroelectronics X-CUBE-EEPRMA1 5.2.0
2025-09-01 16:20:49,322 [INFO] ThirdParty:1030 - CMSIS Pack Vendor :STMicroelectronics X-CUBE-BLEMGR 4.1.0
2025-09-01 16:20:49,322 [INFO] ThirdParty:1030 - CMSIS Pack Vendor :STMicroelectronics X-CUBE-AZRTOS-WB 2.0.0
2025-09-01 16:20:49,322 [INFO] ThirdParty:1030 - CMSIS Pack Vendor :STMicroelectronics X-CUBE-ST60 1.0.0
2025-09-01 16:20:49,322 [INFO] ThirdParty:1030 - CMSIS Pack Vendor :STMicroelectronics X-CUBE-GNSS1 7.0.1
2025-09-01 16:20:49,322 [INFO] ThirdParty:1030 - CMSIS Pack Vendor :STMicroelectronics X-CUBE-NFC12 1.0.0
2025-09-01 16:20:49,322 [INFO] ThirdParty:1030 - CMSIS Pack Vendor :STMicroelectronics X-CUBE-AZRTOS-F7 1.1.0
2025-09-01 16:20:49,322 [INFO] ThirdParty:1030 - CMSIS Pack Vendor :STMicroelectronics X-CUBE-AZRTOS-L5 2.0.0
2025-09-01 16:20:49,322 [INFO] ThirdParty:1030 - CMSIS Pack Vendor :STMicroelectronics X-CUBE-TOUCHGFX 4.25.0
2025-09-01 16:20:49,322 [INFO] ThirdParty:1030 - CMSIS Pack Vendor :STMicroelectronics USB_DEVICE 2.0.0
2025-09-01 16:20:49,322 [INFO] ThirdParty:1030 - CMSIS Pack Vendor :STMicroelectronics X-CUBE-NFC6 3.1.0
2025-09-01 16:20:49,322 [INFO] ThirdParty:1030 - CMSIS Pack Vendor :STMicroelectronics X-CUBE-AI 10.1.0
2025-09-01 16:20:49,322 [INFO] ThirdParty:1030 - CMSIS Pack Vendor :STMicroelectronics FP-SNS-STBOX1 2.0.0
2025-09-01 16:20:49,322 [INFO] ThirdParty:1030 - CMSIS Pack Vendor :quantropi X-CUBE-qispace-sdk-base 2.1.0
2025-09-01 16:20:49,322 [INFO] ThirdParty:1030 - CMSIS Pack Vendor :STMicroelectronics FreeRTOS 0.0.1
2025-09-01 16:20:49,322 [INFO] ThirdParty:1030 - CMSIS Pack Vendor :STMicroelectronics X-CUBE-AZRTOS-G0 1.1.0
2025-09-01 16:20:49,322 [INFO] ThirdParty:1030 - CMSIS Pack Vendor :STMicroelectronics X-CUBE-SAFEA1 1.2.2
2025-09-01 16:20:49,322 [INFO] ThirdParty:1030 - CMSIS Pack Vendor :STMicroelectronics X-CUBE-NFC4 3.0.0
2025-09-01 16:20:49,322 [INFO] ThirdParty:1030 - CMSIS Pack Vendor :STMicroelectronics X-CUBE-SUBG2 5.0.0
2025-09-01 16:20:49,322 [INFO] ThirdParty:1030 - CMSIS Pack Vendor :STMicroelectronics X-CUBE-AZRTOS-H7RS 1.1.0
2025-09-01 16:20:49,322 [INFO] ThirdParty:1030 - CMSIS Pack Vendor :STMicroelectronics STM32_WPAN 1.0.0
2025-09-01 16:20:49,322 [INFO] ThirdParty:1030 - CMSIS Pack Vendor :EmbeddedOffice I-CUBE-FS-RTOS 1.0.1
2025-09-01 16:20:49,322 [INFO] ThirdParty:1030 - CMSIS Pack Vendor :STMicroelectronics lwIP 2.0.3
2025-09-01 16:20:49,322 [INFO] ThirdParty:1030 - CMSIS Pack Vendor :Cesanta I-CUBE-Mongoose 7.13.0
2025-09-01 16:20:49,322 [INFO] ThirdParty:1030 - CMSIS Pack Vendor :STMicroelectronics USB_HOST 1.0.0
2025-09-01 16:20:49,322 [INFO] ThirdParty:1030 - CMSIS Pack Vendor :Infineon AIROC-Wi-Fi-Bluetooth-STM32 1.7.1
2025-09-01 16:20:49,322 [INFO] ThirdParty:1030 - CMSIS Pack Vendor :STMicroelectronics X-CUBE-AZRTOS-G4 2.0.0
2025-09-01 16:20:49,322 [INFO] ThirdParty:1030 - CMSIS Pack Vendor :STMicroelectronics X-CUBE-WB05N 2.0.0
2025-09-01 16:20:49,322 [INFO] ThirdParty:1030 - CMSIS Pack Vendor :STMicroelectronics PDM2PCM 3.1.0
2025-09-01 16:20:49,323 [INFO] ThirdParty:1030 - CMSIS Pack Vendor :STMicroelectronics PDM2PCM 3.3.0
2025-09-01 16:20:49,323 [INFO] ThirdParty:1030 - CMSIS Pack Vendor :wolfSSL I-CUBE-wolfTPM 3.8.0
2025-09-01 16:20:49,323 [INFO] ThirdParty:1030 - CMSIS Pack Vendor :STMicroelectronics X-CUBE-AZRTOS-H7 3.4.0
2025-09-01 16:20:49,323 [INFO] ThirdParty:1030 - CMSIS Pack Vendor :STMicroelectronics X-CUBE-DISPLAY 3.0.0
2025-09-01 16:20:49,323 [INFO] ThirdParty:1030 - CMSIS Pack Vendor :wolfSSL I-CUBE-wolfSSH 1.4.20
2025-09-01 16:20:49,323 [INFO] ThirdParty:1030 - CMSIS Pack Vendor :STMicroelectronics X-CUBE-NFC7 2.0.0
2025-09-01 16:20:49,323 [INFO] ThirdParty:1030 - CMSIS Pack Vendor :STMicroelectronics X-CUBE-TCPP 4.2.0
2025-09-01 16:20:49,323 [INFO] ThirdParty:1030 - CMSIS Pack Vendor :RealThread X-CUBE-RT-Thread_Nano 4.1.1
2025-09-01 16:20:49,323 [INFO] ThirdParty:1030 - CMSIS Pack Vendor :STMicroelectronics FP-ATR-SIGFOX1 3.2.0
2025-09-01 16:20:49,323 [INFO] ThirdParty:1030 - CMSIS Pack Vendor :STMicroelectronics X-CUBE-NFC10 1.0.0
2025-09-01 16:20:49,323 [INFO] ThirdParty:1030 - CMSIS Pack Vendor :STMicroelectronics X-CUBE-FREERTOS 1.3.1
2025-09-01 16:20:49,323 [INFO] ThirdParty:1030 - CMSIS Pack Vendor :STMicroelectronics HAL Drivers 0.0.0
2025-09-01 16:20:49,323 [INFO] ThirdParty:1030 - CMSIS Pack Vendor :STMicroelectronics MBEDTLS 2.16.2
2025-09-01 16:20:49,323 [INFO] ThirdParty:1030 - CMSIS Pack Vendor :STMicroelectronics X-CUBE-IPS 3.1.0
2025-09-01 16:20:49,323 [INFO] ThirdParty:1030 - CMSIS Pack Vendor :STMicroelectronics X-CUBE-ALS 1.0.2
2025-09-01 16:20:49,323 [INFO] ThirdParty:1030 - CMSIS Pack Vendor :emotas I-CUBE-CANOPEN 1.3.0
2025-09-01 16:20:49,323 [INFO] ThirdParty:1030 - CMSIS Pack Vendor :STMicroelectronics MBEDTLS 2.14.1
2025-09-01 16:20:49,323 [INFO] ThirdParty:1030 - CMSIS Pack Vendor :ITTIA_DB I-CUBE-ITTIADB 8.9.0
2025-09-01 16:20:49,323 [INFO] ThirdParty:1030 - CMSIS Pack Vendor :portGmbH I-Cube-SoM-uGOAL 1.1.0
2025-09-01 16:20:49,323 [INFO] ThirdParty:1030 - CMSIS Pack Vendor :STMicroelectronics X-CUBE-ST67W61 1.0.0
2025-09-01 16:20:49,323 [INFO] ThirdParty:1030 - CMSIS Pack Vendor :STMicroelectronics FP-SNS-STBOX1 2.1.0
2025-09-01 16:20:49,323 [INFO] ThirdParty:1030 - CMSIS Pack Vendor :STMicroelectronics X-CUBE-AI 10.2.0
2025-09-01 16:20:49,323 [INFO] ThirdParty:1030 - CMSIS Pack Vendor :STMicroelectronics FP-SNS-STAIOTCFT 1.0.0
2025-09-01 16:20:49,323 [INFO] ThirdParty:1030 - CMSIS Pack Vendor :STMicroelectronics ThreadX 1.0.0
2025-09-01 16:20:49,323 [INFO] ThirdParty:1030 - CMSIS Pack Vendor :STMicroelectronics FP-SNS-SMARTAG2 1.2.0
2025-09-01 16:20:49,323 [INFO] ThirdParty:1030 - CMSIS Pack Vendor :STMicroelectronics FP-SNS-FLIGHT1 5.1.0
2025-09-01 16:20:49,323 [INFO] ThirdParty:1030 - CMSIS Pack Vendor :STMicroelectronics X-CUBE-AZRTOS-WL 2.0.0
2025-09-01 16:20:49,323 [INFO] ThirdParty:1030 - CMSIS Pack Vendor :SEGGER I-CUBE-embOS 1.3.1
2025-09-01 16:20:49,323 [INFO] ThirdParty:1030 - CMSIS Pack Vendor :STMicroelectronics X-CUBE-ALGOBUILD 1.4.0
2025-09-01 16:20:49,323 [INFO] ThirdParty:1030 - CMSIS Pack Vendor :STMicroelectronics X-CUBE-DPower 1.3.0
2025-09-01 16:20:49,323 [INFO] ThirdParty:1030 - CMSIS Pack Vendor :STMicroelectronics X-CUBE-MEMS1 11.3.0
2025-09-01 16:20:49,323 [INFO] ThirdParty:1030 - CMSIS Pack Vendor :STMicroelectronics FP-SNS-MOTENV1 5.0.0
2025-09-01 16:20:49,323 [INFO] ThirdParty:1030 - CMSIS Pack Vendor :STMicroelectronics USB_DEVICE 1.0.0
2025-09-01 16:20:49,323 [INFO] ThirdParty:1030 - CMSIS Pack Vendor :STMicroelectronics X-CUBE-AZRTOS-L4 2.0.0
2025-09-01 16:20:49,323 [INFO] ThirdParty:1030 - CMSIS Pack Vendor :STMicroelectronics ThreadX 0.0.2
2025-09-01 16:20:49,323 [INFO] ThirdParty:1030 - CMSIS Pack Vendor :WES I-CUBE-Cesium 1.3.0
2025-09-01 16:20:49,323 [INFO] ThirdParty:1030 - CMSIS Pack Vendor :STMicroelectronics lwIP 2.1.2
2025-09-01 16:20:49,323 [INFO] ThirdParty:1030 - CMSIS Pack Vendor :STMicroelectronics X-CUBE-SFXS2LP1 4.0.0
2025-09-01 16:20:49,323 [INFO] ThirdParty:1030 - CMSIS Pack Vendor :STMicroelectronics X-CUBE-BLE2 3.3.0
2025-09-01 16:20:49,323 [INFO] ThirdParty:1030 - CMSIS Pack Vendor :STMicroelectronics X-CUBE-TOF1 3.4.3
2025-09-01 16:20:49,323 [INFO] ThirdParty:1030 - CMSIS Pack Vendor :STMicroelectronics PDM2PCM 3.2.0
2025-09-01 16:20:49,323 [INFO] ThirdParty:841 - exiting critical section [change project]
2025-09-01 16:20:49,712 [INFO] PinOutPanel:1589 - setPackage(No Configuration,No Configuration)
2025-09-01 16:20:49,713 [INFO] PinOutPanel:1589 - setPackage(STM32F767ZITx,LQFP144)
2025-09-01 16:20:50,151 [INFO] UtilMem:75 - Before build in PCC Used Memory: 517381032 Bytes (959447040)
2025-09-01 16:20:50,775 [INFO] UtilMem:75 - After build in PCC Used Memory: 591797056 Bytes (959447040)
2025-09-01 16:20:50,798 [INFO] IPUIPlugin:80 - create IPUIPlugin
2025-09-01 16:20:50,798 [INFO] IPUIPlugin:80 - create IPUIPlugin
2025-09-01 16:20:50,798 [INFO] IPUIPlugin:80 - create IPUIPlugin
2025-09-01 16:20:50,798 [INFO] IPUIPlugin:80 - create IPUIPlugin
2025-09-01 16:20:50,798 [INFO] IPUIPlugin:80 - create IPUIPlugin
2025-09-01 16:20:50,799 [INFO] IPUIPlugin:80 - create IPUIPlugin
2025-09-01 16:20:50,799 [INFO] IPUIPlugin:80 - create IPUIPlugin
2025-09-01 16:20:50,799 [INFO] IPUIPlugin:80 - create IPUIPlugin
2025-09-01 16:20:50,799 [INFO] IPUIPlugin:80 - create IPUIPlugin
2025-09-01 16:20:50,799 [INFO] IPUIPlugin:80 - create IPUIPlugin
2025-09-01 16:20:50,799 [INFO] IPUIPlugin:80 - create IPUIPlugin
2025-09-01 16:20:50,799 [INFO] IPUIPlugin:80 - create IPUIPlugin
2025-09-01 16:20:50,799 [INFO] IPUIPlugin:80 - create IPUIPlugin
2025-09-01 16:20:50,799 [INFO] IPUIPlugin:80 - create IPUIPlugin
2025-09-01 16:20:50,799 [INFO] IPUIPlugin:80 - create IPUIPlugin
2025-09-01 16:20:50,799 [INFO] IPUIPlugin:80 - create IPUIPlugin
2025-09-01 16:20:50,799 [INFO] IPUIPlugin:80 - create IPUIPlugin
2025-09-01 16:20:50,799 [INFO] IPUIPlugin:80 - create IPUIPlugin
2025-09-01 16:20:50,799 [INFO] IPUIPlugin:80 - create IPUIPlugin
2025-09-01 16:20:50,799 [INFO] IPUIPlugin:80 - create IPUIPlugin
2025-09-01 16:20:50,799 [INFO] IPUIPlugin:80 - create IPUIPlugin
2025-09-01 16:20:50,799 [INFO] IPUIPlugin:80 - create IPUIPlugin
2025-09-01 16:20:50,800 [INFO] IPUIPlugin:80 - create IPUIPlugin
2025-09-01 16:20:50,800 [INFO] IPUIPlugin:80 - create IPUIPlugin
2025-09-01 16:20:50,800 [INFO] IPUIPlugin:80 - create IPUIPlugin
2025-09-01 16:20:50,800 [INFO] IPUIPlugin:80 - create IPUIPlugin
2025-09-01 16:20:50,800 [INFO] IPUIPlugin:80 - create IPUIPlugin
2025-09-01 16:20:50,800 [INFO] IPUIPlugin:80 - create IPUIPlugin
2025-09-01 16:20:50,800 [INFO] IPUIPlugin:80 - create IPUIPlugin
2025-09-01 16:20:50,800 [INFO] IPUIPlugin:80 - create IPUIPlugin
2025-09-01 16:20:50,800 [INFO] IPUIPlugin:80 - create IPUIPlugin
2025-09-01 16:20:50,800 [INFO] IPUIPlugin:80 - create IPUIPlugin
2025-09-01 16:20:50,800 [INFO] IPUIPlugin:80 - create IPUIPlugin
2025-09-01 16:20:50,801 [INFO] IPUIPlugin:80 - create IPUIPlugin
2025-09-01 16:20:50,801 [INFO] IPUIPlugin:80 - create IPUIPlugin
2025-09-01 16:20:50,801 [INFO] IPUIPlugin:80 - create IPUIPlugin
2025-09-01 16:20:50,801 [INFO] IPUIPlugin:80 - create IPUIPlugin
2025-09-01 16:20:50,801 [INFO] IPUIPlugin:80 - create IPUIPlugin
2025-09-01 16:20:50,801 [INFO] IPUIPlugin:80 - create IPUIPlugin
2025-09-01 16:20:50,801 [INFO] IPUIPlugin:80 - create IPUIPlugin
2025-09-01 16:20:50,801 [INFO] IPUIPlugin:80 - create IPUIPlugin
2025-09-01 16:20:50,801 [INFO] IPUIPlugin:80 - create IPUIPlugin
2025-09-01 16:20:50,801 [INFO] IPUIPlugin:80 - create IPUIPlugin
2025-09-01 16:20:50,802 [INFO] IPUIPlugin:80 - create IPUIPlugin
2025-09-01 16:20:50,802 [INFO] IPUIPlugin:80 - create IPUIPlugin
2025-09-01 16:20:50,802 [INFO] IPUIPlugin:80 - create IPUIPlugin
2025-09-01 16:20:50,802 [INFO] IPUIPlugin:80 - create IPUIPlugin
2025-09-01 16:20:50,802 [INFO] IPUIPlugin:80 - create IPUIPlugin
2025-09-01 16:20:50,802 [INFO] IPUIPlugin:80 - create IPUIPlugin
2025-09-01 16:20:50,802 [INFO] IPUIPlugin:80 - create IPUIPlugin
2025-09-01 16:20:50,802 [INFO] IPUIPlugin:80 - create IPUIPlugin
2025-09-01 16:20:50,802 [INFO] IPUIPlugin:80 - create IPUIPlugin
2025-09-01 16:20:50,803 [INFO] IPUIPlugin:80 - create IPUIPlugin
2025-09-01 16:20:50,803 [INFO] IPUIPlugin:80 - create IPUIPlugin
2025-09-01 16:20:50,803 [INFO] IPUIPlugin:80 - create IPUIPlugin
2025-09-01 16:20:50,803 [INFO] IPUIPlugin:80 - create IPUIPlugin
2025-09-01 16:20:50,803 [INFO] IPUIPlugin:80 - create IPUIPlugin
2025-09-01 16:20:50,803 [INFO] IPUIPlugin:80 - create IPUIPlugin
2025-09-01 16:20:50,803 [INFO] IPUIPlugin:80 - create IPUIPlugin
2025-09-01 16:20:50,803 [INFO] IPUIPlugin:80 - create IPUIPlugin
2025-09-01 16:20:50,803 [INFO] IPUIPlugin:80 - create IPUIPlugin
2025-09-01 16:20:50,804 [INFO] IPUIPlugin:80 - create IPUIPlugin
2025-09-01 16:20:50,804 [INFO] IPUIPlugin:80 - create IPUIPlugin
2025-09-01 16:20:50,804 [INFO] IPUIPlugin:80 - create IPUIPlugin
2025-09-01 16:20:50,804 [INFO] IPUIPlugin:80 - create IPUIPlugin
2025-09-01 16:20:50,804 [INFO] IPUIPlugin:80 - create IPUIPlugin
2025-09-01 16:20:50,805 [INFO] IPUIPlugin:80 - create IPUIPlugin
2025-09-01 16:20:50,805 [INFO] IPUIPlugin:80 - create IPUIPlugin
2025-09-01 16:20:50,805 [INFO] IPUIPlugin:80 - create IPUIPlugin
2025-09-01 16:20:50,805 [INFO] IPUIPlugin:80 - create IPUIPlugin
2025-09-01 16:20:50,805 [INFO] IPUIPlugin:80 - create IPUIPlugin
2025-09-01 16:20:50,805 [INFO] IPUIPlugin:80 - create IPUIPlugin
2025-09-01 16:20:50,806 [INFO] IPUIPlugin:80 - create IPUIPlugin
2025-09-01 16:20:50,806 [INFO] IPUIPlugin:80 - create IPUIPlugin
2025-09-01 16:20:50,806 [INFO] IPUIPlugin:80 - create IPUIPlugin
2025-09-01 16:20:50,806 [INFO] IPUIPlugin:80 - create IPUIPlugin
2025-09-01 16:20:50,806 [INFO] IPUIPlugin:80 - create IPUIPlugin
2025-09-01 16:20:50,807 [INFO] IPUIPlugin:80 - create IPUIPlugin
2025-09-01 16:20:50,807 [INFO] IPUIPlugin:80 - create IPUIPlugin
2025-09-01 16:20:50,883 [INFO] ApiDbMcu:532 - Load IP Config File for PDM2PCM
2025-09-01 16:20:51,012 [INFO] CADModel:165 - CPN selected for project levelSTM32F767ZIT6
2025-09-01 16:20:51,013 [INFO] CADModel:114 - Register for checkConnection events
2025-09-01 16:20:51,058 [INFO] OpenFileManager:386 - Restore cursor
2025-09-01 16:20:52,545 [INFO] UtilMem:75 - End SaveConfig() Used Memory: 882347776 Bytes (959447040)
2025-09-01 16:21:02,019 [INFO] McuFinderGlobals:76 - Set McuFinderConnectedMode to true
2025-09-01 16:21:02,022 [INFO] ApiDb:448 - Save user favorites file C:\Users\nphis/.stm32cubeide/favorites.mcus.txt: 1 item(s)
2025-09-01 16:21:02,022 [INFO] ApiDb:452 - User favorites MCUs=[STM32F767ZIT6]
2025-09-01 16:21:18,777 [INFO] MainUpdater:2872 - connection check result : 10
2025-09-01 16:21:18,856 [INFO] McuFinderGlobals:76 - Set McuFinderConnectedMode to true
2025-09-01 16:21:18,856 [INFO] MultiScanPanel:200 - Auto-refresh data requested => check proxy status ongoing
2025-09-01 16:21:18,856 [INFO] FinderPluginLoader:96 - Searching for filters in installed packs
2025-09-01 16:21:19,525 [INFO] LoadUrlFilesThread:185 - End of LoadServerUrlFiles without Thread
2025-09-01 16:21:19,526 [INFO] DetailPanel:341 - Set advertising image to C:/Users/nphis/STM32Cube/Repository/\en.2400x1350px.jpeg
2025-09-01 16:21:23,164 [INFO] McuResultTable:1403 - Unmark MCU STM32F767ZIT6 as favorite
2025-09-01 16:21:23,168 [INFO] ApiDb:581 - Connected to CubeFinder SQLite database (C:\Users\nphis\.stmcufinder\plugins\mcufinder\mcu\cube-finder-db.db)
2025-09-01 16:21:33,282 [INFO] MainUpdater:2872 - connection check result : 10
2025-09-01 16:21:33,282 [INFO] MainUpdater:2872 - connection check result : 10
2025-09-01 16:21:33,436 [INFO] MicroXplorer:468 - Change Database Path : 
2025-09-01 16:21:33,436 [INFO] MicroXplorer:498 - Change Database Version : DB.6.0.150
2025-09-01 16:21:33,443 [ERROR] ProjectManagerView:395 - 
java.lang.NullPointerException: Cannot invoke "javax.swing.JTextField.getText()" because the return value of "java.util.List.get(int)" is null
	at com.st.microxplorer.plugins.projectmanager.gui.ProjectChoiceTab$9.caretUpdate(ProjectChoiceTab.java:2706) ~[filemanager.jar:?]
	at javax.swing.text.JTextComponent.fireCaretUpdate(JTextComponent.java:408) ~[?:?]
	at javax.swing.text.JTextComponent$MutableCaretEvent.fire(JTextComponent.java:4484) ~[?:?]
	at javax.swing.text.JTextComponent$MutableCaretEvent.stateChanged(JTextComponent.java:4506) ~[?:?]
	at javax.swing.text.DefaultCaret.fireStateChanged(DefaultCaret.java:857) ~[?:?]
	at javax.swing.text.DefaultCaret.changeCaretPosition(DefaultCaret.java:1343) ~[?:?]
	at javax.swing.text.DefaultCaret.handleSetDot(DefaultCaret.java:1242) ~[?:?]
	at javax.swing.text.DefaultCaret.setDot(DefaultCaret.java:1223) ~[?:?]
	at javax.swing.text.DefaultCaret$Handler.insertUpdate(DefaultCaret.java:1819) ~[?:?]
	at javax.swing.text.AbstractDocument.fireInsertUpdate(AbstractDocument.java:227) ~[?:?]
	at javax.swing.text.AbstractDocument.handleInsertString(AbstractDocument.java:781) ~[?:?]
	at javax.swing.text.AbstractDocument.insertString(AbstractDocument.java:740) ~[?:?]
	at javax.swing.text.PlainDocument.insertString(PlainDocument.java:131) ~[?:?]
	at javax.swing.text.AbstractDocument.replace(AbstractDocument.java:699) ~[?:?]
	at javax.swing.text.JTextComponent.setText(JTextComponent.java:1725) ~[?:?]
	at com.st.microxplorer.plugins.projectmanager.gui.ProjectChoiceTab.createHeapStackFields(ProjectChoiceTab.java:993) ~[filemanager.jar:?]
	at com.st.microxplorer.plugins.projectmanager.gui.ProjectChoiceTab.buildLinkSettingsPanel(ProjectChoiceTab.java:3813) ~[filemanager.jar:?]
	at com.st.microxplorer.plugins.projectmanager.gui.ProjectChoiceTab.defineWindowsFields(ProjectChoiceTab.java:1987) ~[filemanager.jar:?]
	at com.st.microxplorer.plugins.projectmanager.gui.ProjectChoiceTab.updateSettings(ProjectChoiceTab.java:558) ~[filemanager.jar:?]
	at com.st.microxplorer.plugins.projectmanager.gui.ProjectSettingsPanel.UpdateDialog(ProjectSettingsPanel.java:247) ~[filemanager.jar:?]
	at com.st.microxplorer.plugins.projectmanager.ProjectManagerView.propertyChange(ProjectManagerView.java:392) ~[filemanager.jar:?]
	at java.beans.PropertyChangeSupport.fire(PropertyChangeSupport.java:343) ~[?:?]
	at java.beans.PropertyChangeSupport.firePropertyChange(PropertyChangeSupport.java:335) ~[?:?]
	at java.beans.PropertyChangeSupport.firePropertyChange(PropertyChangeSupport.java:268) ~[?:?]
	at com.st.microxplorer.util.MXPropertyChangeSupport.firePropertyChange(MXPropertyChangeSupport.java:54) ~[STM32CubeMX.jar:?]
	at com.st.microxplorer.mxsystem.MxSystem.closeConfig(MxSystem.java:899) ~[STM32CubeMX.jar:?]
	at com.st.microxplorer.maingui.MainPanel.closeConfig(MainPanel.java:792) ~[STM32CubeMX.jar:?]
	at com.st.microxplorer.plugins.filemanager.engine.OpenFileManager.loadConfigurationFile(OpenFileManager.java:288) ~[filemanager.jar:?]
	at com.st.microxplorer.plugins.filemanager.engine.MainFileManager.userLoadConfig(MainFileManager.java:364) ~[filemanager.jar:?]
	at com.st.microxplorer.plugins.filemanager.engine.MainFileManager.userLoadConfig(MainFileManager.java:342) ~[filemanager.jar:?]
	at com.st.microxplorer.plugins.filemanager.FileManagerView.getSpecificTask(FileManagerView.java:264) ~[filemanager.jar:?]
	at com.st.stm32cube.common.mx.editor.CubeMxEditor.getMxTabbedPaneInstance(CubeMxEditor.java:1198) ~[com.st.stm32cube.common.mx_6.15.0.202507011659/:?]
	at com.st.stm32cube.common.mx.editor.CubeMxEditor$12$1.createSwingComponent(CubeMxEditor.java:1068) ~[com.st.stm32cube.common.mx_6.15.0.202507011659/:?]
	at com.st.stm32cube.common.mx.oss.core.awtswtbridge.EmbeddedSwingComposite.doComponentCreation(EmbeddedSwingComposite.java:492) ~[com.st.stm32cube.common.mx.oss_6.15.0.202507011659/:?]
	at com.st.stm32cube.common.mx.oss.core.awtswtbridge.EmbeddedSwingComposite$4.run(EmbeddedSwingComposite.java:291) ~[com.st.stm32cube.common.mx.oss_6.15.0.202507011659/:?]
	at com.st.stm32cube.common.mx.oss.core.awtswtbridge.AwtEnvironment$2.run(AwtEnvironment.java:166) ~[com.st.stm32cube.common.mx.oss_6.15.0.202507011659/:?]
	at java.awt.event.InvocationEvent.dispatch(InvocationEvent.java:318) ~[?:?]
	at java.awt.EventQueue.dispatchEventImpl(EventQueue.java:773) ~[?:?]
	at java.awt.EventQueue$4.run(EventQueue.java:720) ~[?:?]
	at java.awt.EventQueue$4.run(EventQueue.java:714) ~[?:?]
	at java.security.AccessController.doPrivileged(AccessController.java:400) ~[?:?]
	at java.security.ProtectionDomain$JavaSecurityAccessImpl.doIntersectionPrivilege(ProtectionDomain.java:87) ~[?:?]
	at java.awt.EventQueue.dispatchEvent(EventQueue.java:742) ~[?:?]
	at java.awt.EventDispatchThread.pumpOneEventForFilters(EventDispatchThread.java:203) ~[?:?]
	at java.awt.EventDispatchThread.pumpEventsForFilter(EventDispatchThread.java:124) ~[?:?]
	at java.awt.EventDispatchThread.pumpEventsForHierarchy(EventDispatchThread.java:113) ~[?:?]
	at java.awt.EventDispatchThread.pumpEvents(EventDispatchThread.java:109) ~[?:?]
	at java.awt.EventDispatchThread.pumpEvents(EventDispatchThread.java:101) ~[?:?]
	at java.awt.EventDispatchThread.run(EventDispatchThread.java:90) ~[?:?]
2025-09-01 16:21:33,450 [WARN] ThirdParty:871 - waiting for thirdparty lock release [close project]
2025-09-01 16:21:33,450 [INFO] ThirdParty:873 - entering critical section [close project]
2025-09-01 16:21:33,450 [INFO] ThirdParty:883 - exiting critical section [close project]
2025-09-01 16:21:33,452 [INFO] PinOutPanel:1589 - setPackage(No Configuration,No Configuration)
2025-09-01 16:21:33,462 [WARN] IpParametersView:155 - Warning: This peripheral hasn't parameters
2025-09-01 16:21:33,475 [WARN] MainPanel:289 - <html><b><center>Warning: This peripheral has no parameters to be configured<br></b></html>
2025-09-01 16:21:33,482 [INFO] UtilMem:75 - Begin LoadConfig() Used Memory: 655042016 Bytes (1055916032)
2025-09-01 16:21:33,483 [INFO] MicroXplorer:468 - Change Database Path : 
2025-09-01 16:21:33,483 [INFO] MicroXplorer:498 - Change Database Version : DB.6.0.150
2025-09-01 16:21:33,483 [INFO] OpenFileManager:355 - Change cursor
2025-09-01 16:21:33,490 [INFO] RulesReader:64 - Compatibility file has been processed (317 Rules)
2025-09-01 16:21:33,492 [INFO] Mcu:2029 - Initializing MCU STM32F767ZITx STM32F767ZITx STM32F767ZIT6
2025-09-01 16:21:34,692 [INFO] Context:786 - Trying to add GPIOservice into a context  which must be forbidden
2025-09-01 16:21:35,215 [INFO] ImportTextPane:234 - (OptionalMessage_ERROR) Pin0 (VP_RIF_VS_RIF1) cannot be retrieved for this MCU
2025-09-01 16:21:35,239 [INFO] RtosManager:558 - Registered RTOS mode: class=CMSIS, group=RTOS, mode=CMSIS_V1, owner=FREERTOS
2025-09-01 16:21:35,239 [INFO] RtosManager:558 - Registered RTOS mode: class=CMSIS, group=RTOS2, mode=CMSIS_V2, owner=FREERTOS
2025-09-01 16:21:35,239 [INFO] RtosManager:558 - Registered RTOS mode: class=RTOS, group=Core, mode=CMSIS_V1, owner=FREERTOS
2025-09-01 16:21:35,239 [INFO] RtosManager:558 - Registered RTOS mode: class=RTOS, group=Core, mode=CMSIS_V2, owner=FREERTOS
2025-09-01 16:21:35,239 [WARN] ModelIntegratedComponent:184 - Missing modes for component STMicroelectronics:FreeRTOS:0.0.1:STMicroelectronics:RTOS:FreeRTOS:Core:::10.2.0:
2025-09-01 16:21:35,244 [WARN] ModelIntegratedComponent:63 - No mode defined for component null
2025-09-01 16:21:35,245 [WARN] ModelIntegratedComponent:63 - No mode defined for component null
2025-09-01 16:21:35,245 [WARN] ModelIntegratedComponent:63 - No mode defined for component null
2025-09-01 16:21:35,245 [WARN] ModelIntegratedComponent:63 - No mode defined for component null
2025-09-01 16:21:35,245 [WARN] ModelIntegratedComponent:63 - No mode defined for component null
2025-09-01 16:21:35,245 [WARN] ModelIntegratedComponent:63 - No mode defined for component null
2025-09-01 16:21:35,245 [WARN] ModelIntegratedComponent:63 - No mode defined for component null
2025-09-01 16:21:35,245 [WARN] ModelIntegratedComponent:63 - No mode defined for component null
2025-09-01 16:21:35,245 [WARN] ModelIntegratedComponent:63 - No mode defined for component null
2025-09-01 16:21:35,245 [WARN] ModelIntegratedComponent:63 - No mode defined for component null
2025-09-01 16:21:35,245 [WARN] ModelIntegratedComponent:63 - No mode defined for component null
2025-09-01 16:21:35,245 [WARN] ModelIntegratedComponent:63 - No mode defined for component null
2025-09-01 16:21:35,245 [WARN] ModelIntegratedComponent:63 - No mode defined for component null
2025-09-01 16:21:35,245 [WARN] ModelIntegratedComponent:63 - No mode defined for component null
2025-09-01 16:21:35,245 [WARN] ModelIntegratedComponent:63 - No mode defined for component null
2025-09-01 16:21:35,245 [WARN] ModelIntegratedComponent:63 - No mode defined for component null
2025-09-01 16:21:35,245 [WARN] ModelIntegratedComponent:63 - No mode defined for component null
2025-09-01 16:21:35,245 [WARN] ModelIntegratedComponent:63 - No mode defined for component null
2025-09-01 16:21:35,245 [WARN] ModelIntegratedComponent:63 - No mode defined for component null
2025-09-01 16:21:35,245 [WARN] ModelIntegratedComponent:63 - No mode defined for component null
2025-09-01 16:21:35,245 [WARN] ModelIntegratedComponent:63 - No mode defined for component null
2025-09-01 16:21:35,245 [WARN] ModelIntegratedComponent:63 - No mode defined for component null
2025-09-01 16:21:35,245 [WARN] ModelIntegratedComponent:63 - No mode defined for component null
2025-09-01 16:21:35,245 [WARN] ModelIntegratedComponent:63 - No mode defined for component null
2025-09-01 16:21:35,245 [WARN] ModelIntegratedComponent:63 - No mode defined for component null
2025-09-01 16:21:35,245 [WARN] ModelIntegratedComponent:63 - No mode defined for component null
2025-09-01 16:21:35,245 [WARN] ModelIntegratedComponent:63 - No mode defined for component null
2025-09-01 16:21:35,245 [WARN] ModelIntegratedComponent:63 - No mode defined for component null
2025-09-01 16:21:35,245 [WARN] ModelIntegratedComponent:63 - No mode defined for component null
2025-09-01 16:21:35,245 [WARN] ModelIntegratedComponent:63 - No mode defined for component null
2025-09-01 16:21:35,245 [WARN] ModelIntegratedComponent:63 - No mode defined for component null
2025-09-01 16:21:35,245 [WARN] ModelIntegratedComponent:63 - No mode defined for component null
2025-09-01 16:21:35,245 [WARN] ModelIntegratedComponent:63 - No mode defined for component null
2025-09-01 16:21:35,245 [WARN] ModelIntegratedComponent:63 - No mode defined for component null
2025-09-01 16:21:35,245 [WARN] ModelIntegratedComponent:63 - No mode defined for component null
2025-09-01 16:21:35,245 [WARN] ModelPack:524 - Component already loaded: STMicroelectronics:HAL Drivers:0.0.0:STMicroelectronics:Device:STMicro_Driver:XSPI:HAL::0.0.1:HAL_XSPI
2025-09-01 16:21:35,286 [INFO] ThirdPartyModel:298 - Start build external matchings
2025-09-01 16:21:35,604 [INFO] ThirdPartyModel:316 - End build external matchings
2025-09-01 16:21:35,901 [INFO] UtilMem:75 - End LoadConfig() Used Memory: 902958480 Bytes (1073741824)
2025-09-01 16:21:35,917 [WARN] ThirdParty:833 - waiting for thirdparty lock release [change project]
2025-09-01 16:21:35,917 [INFO] ThirdParty:835 - entering critical section [change project]
2025-09-01 16:21:35,917 [INFO] ThirdParty:1030 - CMSIS Pack Vendor :STMicroelectronics X-CUBE-PM33A1 1.0.0
2025-09-01 16:21:35,917 [INFO] ThirdParty:1030 - CMSIS Pack Vendor :STMicroelectronics USBPD 4.1
2025-09-01 16:21:35,917 [INFO] ThirdParty:1030 - CMSIS Pack Vendor :STMicroelectronics X-CUBE-NFC9 1.0.0
2025-09-01 16:21:35,917 [INFO] ThirdParty:1030 - CMSIS Pack Vendor :wolfSSL I-CUBE-wolfSSL 5.8.0
2025-09-01 16:21:35,917 [INFO] ThirdParty:1030 - CMSIS Pack Vendor :STMicroelectronics USB_HOST 2.0.0
2025-09-01 16:21:35,917 [INFO] ThirdParty:1030 - CMSIS Pack Vendor :STMicroelectronics FP-SNS-MOTENVWB1 1.4.0
2025-09-01 16:21:35,917 [INFO] ThirdParty:1030 - CMSIS Pack Vendor :STMicroelectronics X-CUBE-AZRTOS-F4 1.1.0
2025-09-01 16:21:35,917 [INFO] ThirdParty:1030 - CMSIS Pack Vendor :STMicroelectronics LIBJPEG 8.0.0
2025-09-01 16:21:35,917 [INFO] ThirdParty:1030 - CMSIS Pack Vendor :STMicroelectronics FP-ATR-ASTRA1 2.0.2
2025-09-01 16:21:35,917 [INFO] ThirdParty:1030 - CMSIS Pack Vendor :wolfSSL I-CUBE-wolfSSL 5.8.2
2025-09-01 16:21:35,917 [INFO] ThirdParty:1030 - CMSIS Pack Vendor :STMicroelectronics X-CUBE-BLE1 7.1.0
2025-09-01 16:21:35,917 [INFO] ThirdParty:1030 - CMSIS Pack Vendor :Avnet-IotConnect X-CUBE-IoTC-DA16k-PMOD 1.0.0
2025-09-01 16:21:35,917 [INFO] ThirdParty:1030 - CMSIS Pack Vendor :STMicroelectronics X-CUBE-SMBUS 2.1.0
2025-09-01 16:21:35,917 [INFO] ThirdParty:1030 - CMSIS Pack Vendor :wolfSSL I-CUBE-wolfMQTT 1.19.2
2025-09-01 16:21:35,917 [INFO] ThirdParty:1030 - CMSIS Pack Vendor :STMicroelectronics USB_DEVICE 3.0.0
2025-09-01 16:21:35,917 [INFO] ThirdParty:1030 - CMSIS Pack Vendor :STMicroelectronics X-CUBE-ISPU 2.1.0
2025-09-01 16:21:35,917 [INFO] ThirdParty:1030 - CMSIS Pack Vendor :STMicroelectronics X-CUBE-EEPRMA1 5.2.0
2025-09-01 16:21:35,917 [INFO] ThirdParty:1030 - CMSIS Pack Vendor :STMicroelectronics X-CUBE-BLEMGR 4.1.0
2025-09-01 16:21:35,917 [INFO] ThirdParty:1030 - CMSIS Pack Vendor :STMicroelectronics X-CUBE-AZRTOS-WB 2.0.0
2025-09-01 16:21:35,917 [INFO] ThirdParty:1030 - CMSIS Pack Vendor :STMicroelectronics X-CUBE-ST60 1.0.0
2025-09-01 16:21:35,917 [INFO] ThirdParty:1030 - CMSIS Pack Vendor :STMicroelectronics X-CUBE-GNSS1 7.0.1
2025-09-01 16:21:35,917 [INFO] ThirdParty:1030 - CMSIS Pack Vendor :STMicroelectronics X-CUBE-NFC12 1.0.0
2025-09-01 16:21:35,917 [INFO] ThirdParty:1030 - CMSIS Pack Vendor :STMicroelectronics X-CUBE-AZRTOS-F7 1.1.0
2025-09-01 16:21:35,917 [INFO] ThirdParty:1030 - CMSIS Pack Vendor :STMicroelectronics X-CUBE-AZRTOS-L5 2.0.0
2025-09-01 16:21:35,917 [INFO] ThirdParty:1030 - CMSIS Pack Vendor :STMicroelectronics X-CUBE-TOUCHGFX 4.25.0
2025-09-01 16:21:35,917 [INFO] ThirdParty:1030 - CMSIS Pack Vendor :STMicroelectronics USB_DEVICE 2.0.0
2025-09-01 16:21:35,917 [INFO] ThirdParty:1030 - CMSIS Pack Vendor :STMicroelectronics X-CUBE-NFC6 3.1.0
2025-09-01 16:21:35,917 [INFO] ThirdParty:1030 - CMSIS Pack Vendor :STMicroelectronics X-CUBE-AI 10.1.0
2025-09-01 16:21:35,917 [INFO] ThirdParty:1030 - CMSIS Pack Vendor :STMicroelectronics FP-SNS-STBOX1 2.0.0
2025-09-01 16:21:35,917 [INFO] ThirdParty:1030 - CMSIS Pack Vendor :quantropi X-CUBE-qispace-sdk-base 2.1.0
2025-09-01 16:21:35,917 [INFO] ThirdParty:1030 - CMSIS Pack Vendor :STMicroelectronics FreeRTOS 0.0.1
2025-09-01 16:21:35,917 [INFO] ThirdParty:1030 - CMSIS Pack Vendor :STMicroelectronics X-CUBE-AZRTOS-G0 1.1.0
2025-09-01 16:21:35,917 [INFO] ThirdParty:1030 - CMSIS Pack Vendor :STMicroelectronics X-CUBE-SAFEA1 1.2.2
2025-09-01 16:21:35,917 [INFO] ThirdParty:1030 - CMSIS Pack Vendor :STMicroelectronics X-CUBE-NFC4 3.0.0
2025-09-01 16:21:35,917 [INFO] ThirdParty:1030 - CMSIS Pack Vendor :STMicroelectronics X-CUBE-SUBG2 5.0.0
2025-09-01 16:21:35,917 [INFO] ThirdParty:1030 - CMSIS Pack Vendor :STMicroelectronics X-CUBE-AZRTOS-H7RS 1.1.0
2025-09-01 16:21:35,917 [INFO] ThirdParty:1030 - CMSIS Pack Vendor :STMicroelectronics STM32_WPAN 1.0.0
2025-09-01 16:21:35,917 [INFO] ThirdParty:1030 - CMSIS Pack Vendor :EmbeddedOffice I-CUBE-FS-RTOS 1.0.1
2025-09-01 16:21:35,917 [INFO] ThirdParty:1030 - CMSIS Pack Vendor :STMicroelectronics lwIP 2.0.3
2025-09-01 16:21:35,917 [INFO] ThirdParty:1030 - CMSIS Pack Vendor :Cesanta I-CUBE-Mongoose 7.13.0
2025-09-01 16:21:35,917 [INFO] ThirdParty:1030 - CMSIS Pack Vendor :STMicroelectronics USB_HOST 1.0.0
2025-09-01 16:21:35,917 [INFO] ThirdParty:1030 - CMSIS Pack Vendor :Infineon AIROC-Wi-Fi-Bluetooth-STM32 1.7.1
2025-09-01 16:21:35,917 [INFO] ThirdParty:1030 - CMSIS Pack Vendor :STMicroelectronics X-CUBE-AZRTOS-G4 2.0.0
2025-09-01 16:21:35,917 [INFO] ThirdParty:1030 - CMSIS Pack Vendor :STMicroelectronics X-CUBE-WB05N 2.0.0
2025-09-01 16:21:35,917 [INFO] ThirdParty:1030 - CMSIS Pack Vendor :STMicroelectronics PDM2PCM 3.1.0
2025-09-01 16:21:35,917 [INFO] ThirdParty:1030 - CMSIS Pack Vendor :STMicroelectronics PDM2PCM 3.3.0
2025-09-01 16:21:35,917 [INFO] ThirdParty:1030 - CMSIS Pack Vendor :wolfSSL I-CUBE-wolfTPM 3.8.0
2025-09-01 16:21:35,917 [INFO] ThirdParty:1030 - CMSIS Pack Vendor :STMicroelectronics X-CUBE-AZRTOS-H7 3.4.0
2025-09-01 16:21:35,918 [INFO] ThirdParty:1030 - CMSIS Pack Vendor :STMicroelectronics X-CUBE-DISPLAY 3.0.0
2025-09-01 16:21:35,918 [INFO] ThirdParty:1030 - CMSIS Pack Vendor :wolfSSL I-CUBE-wolfSSH 1.4.20
2025-09-01 16:21:35,918 [INFO] ThirdParty:1030 - CMSIS Pack Vendor :STMicroelectronics X-CUBE-NFC7 2.0.0
2025-09-01 16:21:35,918 [INFO] ThirdParty:1030 - CMSIS Pack Vendor :STMicroelectronics X-CUBE-TCPP 4.2.0
2025-09-01 16:21:35,918 [INFO] ThirdParty:1030 - CMSIS Pack Vendor :RealThread X-CUBE-RT-Thread_Nano 4.1.1
2025-09-01 16:21:35,918 [INFO] ThirdParty:1030 - CMSIS Pack Vendor :STMicroelectronics FP-ATR-SIGFOX1 3.2.0
2025-09-01 16:21:35,918 [INFO] ThirdParty:1030 - CMSIS Pack Vendor :STMicroelectronics X-CUBE-NFC10 1.0.0
2025-09-01 16:21:35,918 [INFO] ThirdParty:1030 - CMSIS Pack Vendor :STMicroelectronics X-CUBE-FREERTOS 1.3.1
2025-09-01 16:21:35,918 [INFO] ThirdParty:1030 - CMSIS Pack Vendor :STMicroelectronics HAL Drivers 0.0.0
2025-09-01 16:21:35,918 [INFO] ThirdParty:1030 - CMSIS Pack Vendor :STMicroelectronics MBEDTLS 2.16.2
2025-09-01 16:21:35,918 [INFO] ThirdParty:1030 - CMSIS Pack Vendor :STMicroelectronics X-CUBE-IPS 3.1.0
2025-09-01 16:21:35,918 [INFO] ThirdParty:1030 - CMSIS Pack Vendor :STMicroelectronics X-CUBE-ALS 1.0.2
2025-09-01 16:21:35,918 [INFO] ThirdParty:1030 - CMSIS Pack Vendor :emotas I-CUBE-CANOPEN 1.3.0
2025-09-01 16:21:35,918 [INFO] ThirdParty:1030 - CMSIS Pack Vendor :STMicroelectronics MBEDTLS 2.14.1
2025-09-01 16:21:35,918 [INFO] ThirdParty:1030 - CMSIS Pack Vendor :ITTIA_DB I-CUBE-ITTIADB 8.9.0
2025-09-01 16:21:35,918 [INFO] ThirdParty:1030 - CMSIS Pack Vendor :portGmbH I-Cube-SoM-uGOAL 1.1.0
2025-09-01 16:21:35,918 [INFO] ThirdParty:1030 - CMSIS Pack Vendor :STMicroelectronics X-CUBE-ST67W61 1.0.0
2025-09-01 16:21:35,918 [INFO] ThirdParty:1030 - CMSIS Pack Vendor :STMicroelectronics FP-SNS-STBOX1 2.1.0
2025-09-01 16:21:35,918 [INFO] ThirdParty:1030 - CMSIS Pack Vendor :STMicroelectronics X-CUBE-AI 10.2.0
2025-09-01 16:21:35,918 [INFO] ThirdParty:1030 - CMSIS Pack Vendor :STMicroelectronics FP-SNS-STAIOTCFT 1.0.0
2025-09-01 16:21:35,918 [INFO] ThirdParty:1030 - CMSIS Pack Vendor :STMicroelectronics ThreadX 1.0.0
2025-09-01 16:21:35,918 [INFO] ThirdParty:1030 - CMSIS Pack Vendor :STMicroelectronics FP-SNS-SMARTAG2 1.2.0
2025-09-01 16:21:35,918 [INFO] ThirdParty:1030 - CMSIS Pack Vendor :STMicroelectronics FP-SNS-FLIGHT1 5.1.0
2025-09-01 16:21:35,918 [INFO] ThirdParty:1030 - CMSIS Pack Vendor :STMicroelectronics X-CUBE-AZRTOS-WL 2.0.0
2025-09-01 16:21:35,918 [INFO] ThirdParty:1030 - CMSIS Pack Vendor :SEGGER I-CUBE-embOS 1.3.1
2025-09-01 16:21:35,918 [INFO] ThirdParty:1030 - CMSIS Pack Vendor :STMicroelectronics X-CUBE-ALGOBUILD 1.4.0
2025-09-01 16:21:35,918 [INFO] ThirdParty:1030 - CMSIS Pack Vendor :STMicroelectronics X-CUBE-DPower 1.3.0
2025-09-01 16:21:35,918 [INFO] ThirdParty:1030 - CMSIS Pack Vendor :STMicroelectronics X-CUBE-MEMS1 11.3.0
2025-09-01 16:21:35,918 [INFO] ThirdParty:1030 - CMSIS Pack Vendor :STMicroelectronics FP-SNS-MOTENV1 5.0.0
2025-09-01 16:21:35,918 [INFO] ThirdParty:1030 - CMSIS Pack Vendor :STMicroelectronics USB_DEVICE 1.0.0
2025-09-01 16:21:35,918 [INFO] ThirdParty:1030 - CMSIS Pack Vendor :STMicroelectronics X-CUBE-AZRTOS-L4 2.0.0
2025-09-01 16:21:35,918 [INFO] ThirdParty:1030 - CMSIS Pack Vendor :STMicroelectronics ThreadX 0.0.2
2025-09-01 16:21:35,918 [INFO] ThirdParty:1030 - CMSIS Pack Vendor :WES I-CUBE-Cesium 1.3.0
2025-09-01 16:21:35,918 [INFO] ThirdParty:1030 - CMSIS Pack Vendor :STMicroelectronics lwIP 2.1.2
2025-09-01 16:21:35,918 [INFO] ThirdParty:1030 - CMSIS Pack Vendor :STMicroelectronics X-CUBE-SFXS2LP1 4.0.0
2025-09-01 16:21:35,918 [INFO] ThirdParty:1030 - CMSIS Pack Vendor :STMicroelectronics X-CUBE-BLE2 3.3.0
2025-09-01 16:21:35,918 [INFO] ThirdParty:1030 - CMSIS Pack Vendor :STMicroelectronics X-CUBE-TOF1 3.4.3
2025-09-01 16:21:35,918 [INFO] ThirdParty:1030 - CMSIS Pack Vendor :STMicroelectronics PDM2PCM 3.2.0
2025-09-01 16:21:35,918 [INFO] ThirdParty:841 - exiting critical section [change project]
2025-09-01 16:21:36,085 [INFO] PinOutPanel:1589 - setPackage(No Configuration,No Configuration)
2025-09-01 16:21:36,085 [INFO] PinOutPanel:1589 - setPackage(STM32F767ZITx,LQFP144)
2025-09-01 16:21:36,279 [INFO] UtilMem:75 - Before build in PCC Used Memory: 689479392 Bytes (1073741824)
2025-09-01 16:21:36,432 [INFO] UtilMem:75 - After build in PCC Used Memory: 739811040 Bytes (1073741824)
2025-09-01 16:21:36,452 [INFO] IPUIPlugin:80 - create IPUIPlugin
2025-09-01 16:21:36,452 [INFO] IPUIPlugin:80 - create IPUIPlugin
2025-09-01 16:21:36,452 [INFO] IPUIPlugin:80 - create IPUIPlugin
2025-09-01 16:21:36,452 [INFO] IPUIPlugin:80 - create IPUIPlugin
2025-09-01 16:21:36,452 [INFO] IPUIPlugin:80 - create IPUIPlugin
2025-09-01 16:21:36,452 [INFO] IPUIPlugin:80 - create IPUIPlugin
2025-09-01 16:21:36,452 [INFO] IPUIPlugin:80 - create IPUIPlugin
2025-09-01 16:21:36,452 [INFO] IPUIPlugin:80 - create IPUIPlugin
2025-09-01 16:21:36,452 [INFO] IPUIPlugin:80 - create IPUIPlugin
2025-09-01 16:21:36,452 [INFO] IPUIPlugin:80 - create IPUIPlugin
2025-09-01 16:21:36,453 [INFO] IPUIPlugin:80 - create IPUIPlugin
2025-09-01 16:21:36,453 [INFO] IPUIPlugin:80 - create IPUIPlugin
2025-09-01 16:21:36,453 [INFO] IPUIPlugin:80 - create IPUIPlugin
2025-09-01 16:21:36,453 [INFO] IPUIPlugin:80 - create IPUIPlugin
2025-09-01 16:21:36,453 [INFO] IPUIPlugin:80 - create IPUIPlugin
2025-09-01 16:21:36,453 [INFO] IPUIPlugin:80 - create IPUIPlugin
2025-09-01 16:21:36,453 [INFO] IPUIPlugin:80 - create IPUIPlugin
2025-09-01 16:21:36,453 [INFO] IPUIPlugin:80 - create IPUIPlugin
2025-09-01 16:21:36,453 [INFO] IPUIPlugin:80 - create IPUIPlugin
2025-09-01 16:21:36,453 [INFO] IPUIPlugin:80 - create IPUIPlugin
2025-09-01 16:21:36,453 [INFO] IPUIPlugin:80 - create IPUIPlugin
2025-09-01 16:21:36,453 [INFO] IPUIPlugin:80 - create IPUIPlugin
2025-09-01 16:21:36,453 [INFO] IPUIPlugin:80 - create IPUIPlugin
2025-09-01 16:21:36,453 [INFO] IPUIPlugin:80 - create IPUIPlugin
2025-09-01 16:21:36,453 [INFO] IPUIPlugin:80 - create IPUIPlugin
2025-09-01 16:21:36,453 [INFO] IPUIPlugin:80 - create IPUIPlugin
2025-09-01 16:21:36,453 [INFO] IPUIPlugin:80 - create IPUIPlugin
2025-09-01 16:21:36,453 [INFO] IPUIPlugin:80 - create IPUIPlugin
2025-09-01 16:21:36,453 [INFO] IPUIPlugin:80 - create IPUIPlugin
2025-09-01 16:21:36,454 [INFO] IPUIPlugin:80 - create IPUIPlugin
2025-09-01 16:21:36,454 [INFO] IPUIPlugin:80 - create IPUIPlugin
2025-09-01 16:21:36,454 [INFO] IPUIPlugin:80 - create IPUIPlugin
2025-09-01 16:21:36,454 [INFO] IPUIPlugin:80 - create IPUIPlugin
2025-09-01 16:21:36,454 [INFO] IPUIPlugin:80 - create IPUIPlugin
2025-09-01 16:21:36,454 [INFO] IPUIPlugin:80 - create IPUIPlugin
2025-09-01 16:21:36,454 [INFO] IPUIPlugin:80 - create IPUIPlugin
2025-09-01 16:21:36,454 [INFO] IPUIPlugin:80 - create IPUIPlugin
2025-09-01 16:21:36,454 [INFO] IPUIPlugin:80 - create IPUIPlugin
2025-09-01 16:21:36,454 [INFO] IPUIPlugin:80 - create IPUIPlugin
2025-09-01 16:21:36,455 [INFO] IPUIPlugin:80 - create IPUIPlugin
2025-09-01 16:21:36,455 [INFO] IPUIPlugin:80 - create IPUIPlugin
2025-09-01 16:21:36,455 [INFO] IPUIPlugin:80 - create IPUIPlugin
2025-09-01 16:21:36,455 [INFO] IPUIPlugin:80 - create IPUIPlugin
2025-09-01 16:21:36,455 [INFO] IPUIPlugin:80 - create IPUIPlugin
2025-09-01 16:21:36,455 [INFO] IPUIPlugin:80 - create IPUIPlugin
2025-09-01 16:21:36,455 [INFO] IPUIPlugin:80 - create IPUIPlugin
2025-09-01 16:21:36,456 [INFO] IPUIPlugin:80 - create IPUIPlugin
2025-09-01 16:21:36,456 [INFO] IPUIPlugin:80 - create IPUIPlugin
2025-09-01 16:21:36,456 [INFO] IPUIPlugin:80 - create IPUIPlugin
2025-09-01 16:21:36,456 [INFO] IPUIPlugin:80 - create IPUIPlugin
2025-09-01 16:21:36,456 [INFO] IPUIPlugin:80 - create IPUIPlugin
2025-09-01 16:21:36,456 [INFO] IPUIPlugin:80 - create IPUIPlugin
2025-09-01 16:21:36,456 [INFO] IPUIPlugin:80 - create IPUIPlugin
2025-09-01 16:21:36,456 [INFO] IPUIPlugin:80 - create IPUIPlugin
2025-09-01 16:21:36,456 [INFO] IPUIPlugin:80 - create IPUIPlugin
2025-09-01 16:21:36,457 [INFO] IPUIPlugin:80 - create IPUIPlugin
2025-09-01 16:21:36,457 [INFO] IPUIPlugin:80 - create IPUIPlugin
2025-09-01 16:21:36,457 [INFO] IPUIPlugin:80 - create IPUIPlugin
2025-09-01 16:21:36,457 [INFO] IPUIPlugin:80 - create IPUIPlugin
2025-09-01 16:21:36,457 [INFO] IPUIPlugin:80 - create IPUIPlugin
2025-09-01 16:21:36,457 [INFO] IPUIPlugin:80 - create IPUIPlugin
2025-09-01 16:21:36,457 [INFO] IPUIPlugin:80 - create IPUIPlugin
2025-09-01 16:21:36,458 [INFO] IPUIPlugin:80 - create IPUIPlugin
2025-09-01 16:21:36,458 [INFO] IPUIPlugin:80 - create IPUIPlugin
2025-09-01 16:21:36,458 [INFO] IPUIPlugin:80 - create IPUIPlugin
2025-09-01 16:21:36,459 [INFO] IPUIPlugin:80 - create IPUIPlugin
2025-09-01 16:21:36,459 [INFO] IPUIPlugin:80 - create IPUIPlugin
2025-09-01 16:21:36,459 [INFO] IPUIPlugin:80 - create IPUIPlugin
2025-09-01 16:21:36,459 [INFO] IPUIPlugin:80 - create IPUIPlugin
2025-09-01 16:21:36,459 [INFO] IPUIPlugin:80 - create IPUIPlugin
2025-09-01 16:21:36,459 [INFO] IPUIPlugin:80 - create IPUIPlugin
2025-09-01 16:21:36,460 [INFO] IPUIPlugin:80 - create IPUIPlugin
2025-09-01 16:21:36,460 [INFO] IPUIPlugin:80 - create IPUIPlugin
2025-09-01 16:21:36,460 [INFO] IPUIPlugin:80 - create IPUIPlugin
2025-09-01 16:21:36,460 [INFO] IPUIPlugin:80 - create IPUIPlugin
2025-09-01 16:21:36,460 [INFO] IPUIPlugin:80 - create IPUIPlugin
2025-09-01 16:21:36,461 [INFO] IPUIPlugin:80 - create IPUIPlugin
2025-09-01 16:21:36,461 [INFO] IPUIPlugin:80 - create IPUIPlugin
2025-09-01 16:21:36,461 [INFO] IPUIPlugin:80 - create IPUIPlugin
2025-09-01 16:21:36,464 [INFO] ApiDbMcu:532 - Load IP Config File for PDM2PCM
2025-09-01 16:21:36,487 [INFO] CADModel:165 - CPN selected for project levelSTM32F767ZIT6
2025-09-01 16:21:36,487 [INFO] CADModel:114 - Register for checkConnection events
2025-09-01 16:21:36,531 [INFO] OpenFileManager:386 - Restore cursor
2025-09-01 16:21:36,822 [INFO] UtilMem:75 - End SaveConfig() Used Memory: 922898816 Bytes (1073741824)
2025-09-01 16:21:41,954 [INFO] McuFinderGlobals:76 - Set McuFinderConnectedMode to true
2025-09-01 16:21:41,956 [INFO] ApiDb:448 - Save user favorites file C:\Users\nphis/.stm32cubeide/favorites.mcus.txt: 0 item(s)
2025-09-01 16:21:41,956 [INFO] ApiDb:452 - User favorites MCUs=[]
2025-09-01 16:21:50,196 [INFO] McuFinderGlobals:63 - Set McuFinder mode to 2 (CubeIDE integrated)
2025-09-01 16:21:50,196 [INFO] UserAuth:171 - activating auth plugin
2025-09-01 16:21:50,198 [INFO] UserAuth:487 - Internet connection configuration mode: 1
2025-09-01 16:22:37,682 [INFO] WebApp:650 - userauth.ini created with success
2025-09-01 16:23:01,192 [INFO] MainUpdater:2872 - connection check result : 10
2025-09-01 16:23:01,255 [INFO] McuFinderGlobals:76 - Set McuFinderConnectedMode to true
2025-09-01 16:23:01,255 [INFO] MultiScanPanel:200 - Auto-refresh data requested => check proxy status ongoing
2025-09-01 16:23:01,255 [INFO] FinderPluginLoader:96 - Searching for filters in installed packs
2025-09-01 16:23:01,795 [INFO] LoadUrlFilesThread:185 - End of LoadServerUrlFiles without Thread
2025-09-01 16:23:01,795 [INFO] DetailPanel:341 - Set advertising image to C:/Users/nphis/STM32Cube/Repository/\en.2400x1350px.jpeg
2025-09-01 16:23:15,271 [INFO] MultiScanPanel:200 - Auto-refresh data requested => check proxy status ongoing
2025-09-01 16:23:15,330 [INFO] LoadUrlFilesThread:185 - End of LoadServerUrlFiles without Thread
2025-09-01 16:23:15,330 [INFO] DetailPanel:341 - Set advertising image to C:/Users/nphis/STM32Cube/Repository/\en.2400x1350px.jpeg
2025-09-01 16:23:15,336 [INFO] DbBoards:642 - Loading board mini-images...
2025-09-01 16:23:16,448 [ERROR] DbBoards:659 - Image file not found for board STM32MP215F-DK: C:\Users\nphis\.stmcufinder\plugins\mcufinder//mcu//boards_images/STM32MP215F-DK.jpg
2025-09-01 16:23:16,657 [INFO] DbBoards:665 - Loaded 211 board mini-images
2025-09-01 16:23:27,836 [INFO] McuFinderGlobals:76 - Set McuFinderConnectedMode to true
2025-09-01 16:23:28,088 [INFO] ApiDb:448 - Save user favorites file C:\Users\nphis/.stm32cubeide/favorites.mcus.txt: 0 item(s)
2025-09-01 16:23:28,088 [INFO] ApiDb:452 - User favorites MCUs=[]
2025-09-01 16:23:28,089 [INFO] ApiDb:448 - Save user favorites file C:\Users\nphis/.stm32cubeide/favorites.boards.txt: 0 item(s)
2025-09-01 16:23:28,089 [INFO] ApiDb:452 - User favorites Boards=[]
2025-09-01 16:23:31,367 [INFO] MainUpdater:2872 - connection check result : 10
2025-09-01 16:23:31,433 [INFO] McuFinderGlobals:76 - Set McuFinderConnectedMode to true
2025-09-01 16:23:31,434 [INFO] MultiScanPanel:200 - Auto-refresh data requested => check proxy status ongoing
2025-09-01 16:23:31,434 [INFO] FinderPluginLoader:96 - Searching for filters in installed packs
2025-09-01 16:23:31,882 [INFO] LoadUrlFilesThread:185 - End of LoadServerUrlFiles without Thread
2025-09-01 16:23:31,883 [INFO] DetailPanel:341 - Set advertising image to C:/Users/nphis/STM32Cube/Repository/\en.2400x1350px.jpeg
2025-09-01 16:23:48,756 [INFO] McuResultTable:1403 - Mark MCU STM32F767ZIT6 as favorite
2025-09-01 16:23:59,238 [INFO] MainUpdater:2872 - connection check result : 10
2025-09-01 16:23:59,238 [INFO] MainUpdater:2872 - connection check result : 10
2025-09-01 16:24:05,038 [INFO] MicroXplorer:468 - Change Database Path : 
2025-09-01 16:24:05,038 [INFO] MicroXplorer:498 - Change Database Version : DB.6.0.150
2025-09-01 16:24:05,048 [ERROR] ProjectManagerView:395 - 
java.lang.NullPointerException: Cannot invoke "javax.swing.JTextField.getText()" because the return value of "java.util.List.get(int)" is null
	at com.st.microxplorer.plugins.projectmanager.gui.ProjectChoiceTab$9.caretUpdate(ProjectChoiceTab.java:2706) ~[filemanager.jar:?]
	at javax.swing.text.JTextComponent.fireCaretUpdate(JTextComponent.java:408) ~[?:?]
	at javax.swing.text.JTextComponent$MutableCaretEvent.fire(JTextComponent.java:4484) ~[?:?]
	at javax.swing.text.JTextComponent$MutableCaretEvent.stateChanged(JTextComponent.java:4506) ~[?:?]
	at javax.swing.text.DefaultCaret.fireStateChanged(DefaultCaret.java:857) ~[?:?]
	at javax.swing.text.DefaultCaret.changeCaretPosition(DefaultCaret.java:1343) ~[?:?]
	at javax.swing.text.DefaultCaret.handleSetDot(DefaultCaret.java:1242) ~[?:?]
	at javax.swing.text.DefaultCaret.setDot(DefaultCaret.java:1223) ~[?:?]
	at javax.swing.text.DefaultCaret$Handler.insertUpdate(DefaultCaret.java:1819) ~[?:?]
	at javax.swing.text.AbstractDocument.fireInsertUpdate(AbstractDocument.java:227) ~[?:?]
	at javax.swing.text.AbstractDocument.handleInsertString(AbstractDocument.java:781) ~[?:?]
	at javax.swing.text.AbstractDocument.insertString(AbstractDocument.java:740) ~[?:?]
	at javax.swing.text.PlainDocument.insertString(PlainDocument.java:131) ~[?:?]
	at javax.swing.text.AbstractDocument.replace(AbstractDocument.java:699) ~[?:?]
	at javax.swing.text.JTextComponent.setText(JTextComponent.java:1725) ~[?:?]
	at com.st.microxplorer.plugins.projectmanager.gui.ProjectChoiceTab.createHeapStackFields(ProjectChoiceTab.java:993) ~[filemanager.jar:?]
	at com.st.microxplorer.plugins.projectmanager.gui.ProjectChoiceTab.buildLinkSettingsPanel(ProjectChoiceTab.java:3813) ~[filemanager.jar:?]
	at com.st.microxplorer.plugins.projectmanager.gui.ProjectChoiceTab.defineWindowsFields(ProjectChoiceTab.java:1987) ~[filemanager.jar:?]
	at com.st.microxplorer.plugins.projectmanager.gui.ProjectChoiceTab.updateSettings(ProjectChoiceTab.java:558) ~[filemanager.jar:?]
	at com.st.microxplorer.plugins.projectmanager.gui.ProjectSettingsPanel.UpdateDialog(ProjectSettingsPanel.java:247) ~[filemanager.jar:?]
	at com.st.microxplorer.plugins.projectmanager.ProjectManagerView.propertyChange(ProjectManagerView.java:392) ~[filemanager.jar:?]
	at java.beans.PropertyChangeSupport.fire(PropertyChangeSupport.java:343) ~[?:?]
	at java.beans.PropertyChangeSupport.firePropertyChange(PropertyChangeSupport.java:335) ~[?:?]
	at java.beans.PropertyChangeSupport.firePropertyChange(PropertyChangeSupport.java:268) ~[?:?]
	at com.st.microxplorer.util.MXPropertyChangeSupport.firePropertyChange(MXPropertyChangeSupport.java:54) ~[STM32CubeMX.jar:?]
	at com.st.microxplorer.mxsystem.MxSystem.closeConfig(MxSystem.java:899) ~[STM32CubeMX.jar:?]
	at com.st.microxplorer.maingui.MainPanel.closeConfig(MainPanel.java:792) ~[STM32CubeMX.jar:?]
	at com.st.microxplorer.plugins.filemanager.engine.OpenFileManager.loadConfigurationFile(OpenFileManager.java:288) ~[filemanager.jar:?]
	at com.st.microxplorer.plugins.filemanager.engine.MainFileManager.userLoadConfig(MainFileManager.java:364) ~[filemanager.jar:?]
	at com.st.microxplorer.plugins.filemanager.engine.MainFileManager.userLoadConfig(MainFileManager.java:342) ~[filemanager.jar:?]
	at com.st.microxplorer.plugins.filemanager.FileManagerView.getSpecificTask(FileManagerView.java:264) ~[filemanager.jar:?]
	at com.st.stm32cube.common.mx.editor.CubeMxEditor.getMxTabbedPaneInstance(CubeMxEditor.java:1198) ~[com.st.stm32cube.common.mx_6.15.0.202507011659/:?]
	at com.st.stm32cube.common.mx.editor.CubeMxEditor$12$1.createSwingComponent(CubeMxEditor.java:1068) ~[com.st.stm32cube.common.mx_6.15.0.202507011659/:?]
	at com.st.stm32cube.common.mx.oss.core.awtswtbridge.EmbeddedSwingComposite.doComponentCreation(EmbeddedSwingComposite.java:492) ~[com.st.stm32cube.common.mx.oss_6.15.0.202507011659/:?]
	at com.st.stm32cube.common.mx.oss.core.awtswtbridge.EmbeddedSwingComposite$4.run(EmbeddedSwingComposite.java:291) ~[com.st.stm32cube.common.mx.oss_6.15.0.202507011659/:?]
	at com.st.stm32cube.common.mx.oss.core.awtswtbridge.AwtEnvironment$2.run(AwtEnvironment.java:166) ~[com.st.stm32cube.common.mx.oss_6.15.0.202507011659/:?]
	at java.awt.event.InvocationEvent.dispatch(InvocationEvent.java:318) ~[?:?]
	at java.awt.EventQueue.dispatchEventImpl(EventQueue.java:773) ~[?:?]
	at java.awt.EventQueue$4.run(EventQueue.java:720) ~[?:?]
	at java.awt.EventQueue$4.run(EventQueue.java:714) ~[?:?]
	at java.security.AccessController.doPrivileged(AccessController.java:400) ~[?:?]
	at java.security.ProtectionDomain$JavaSecurityAccessImpl.doIntersectionPrivilege(ProtectionDomain.java:87) ~[?:?]
	at java.awt.EventQueue.dispatchEvent(EventQueue.java:742) ~[?:?]
	at java.awt.EventDispatchThread.pumpOneEventForFilters(EventDispatchThread.java:203) ~[?:?]
	at java.awt.EventDispatchThread.pumpEventsForFilter(EventDispatchThread.java:124) ~[?:?]
	at java.awt.EventDispatchThread.pumpEventsForHierarchy(EventDispatchThread.java:113) ~[?:?]
	at java.awt.EventDispatchThread.pumpEvents(EventDispatchThread.java:109) ~[?:?]
	at java.awt.EventDispatchThread.pumpEvents(EventDispatchThread.java:101) ~[?:?]
	at java.awt.EventDispatchThread.run(EventDispatchThread.java:90) ~[?:?]
2025-09-01 16:24:05,049 [WARN] ThirdParty:871 - waiting for thirdparty lock release [close project]
2025-09-01 16:24:05,049 [INFO] ThirdParty:873 - entering critical section [close project]
2025-09-01 16:24:05,049 [INFO] ThirdParty:883 - exiting critical section [close project]
2025-09-01 16:24:05,051 [INFO] PinOutPanel:1589 - setPackage(No Configuration,No Configuration)
2025-09-01 16:24:05,057 [WARN] IpParametersView:155 - Warning: This peripheral hasn't parameters
2025-09-01 16:24:05,060 [WARN] MainPanel:289 - <html><b><center>Warning: This peripheral has no parameters to be configured<br></b></html>
2025-09-01 16:24:05,063 [INFO] UtilMem:75 - Begin LoadConfig() Used Memory: 632938592 Bytes (814743552)
2025-09-01 16:24:05,063 [INFO] MicroXplorer:468 - Change Database Path : 
2025-09-01 16:24:05,063 [INFO] MicroXplorer:498 - Change Database Version : DB.6.0.150
2025-09-01 16:24:05,063 [INFO] OpenFileManager:355 - Change cursor
2025-09-01 16:24:05,070 [INFO] RulesReader:64 - Compatibility file has been processed (317 Rules)
2025-09-01 16:24:05,073 [INFO] Mcu:2029 - Initializing MCU STM32F767ZITx STM32F767ZITx STM32F767ZIT6
2025-09-01 16:24:06,124 [INFO] Context:786 - Trying to add GPIOservice into a context  which must be forbidden
2025-09-01 16:24:06,595 [INFO] ImportTextPane:234 - (OptionalMessage_ERROR) Unable to find key (Mcu.ThirdPartyNb) in loaded IOC file
2025-09-01 16:24:06,595 [INFO] ImportTextPane:234 - (OptionalMessage_ERROR) Unable to find key (Mcu.PinsNb) in loaded IOC file
2025-09-01 16:24:06,595 [INFO] ImportTextPane:234 - (OptionalMessage_ERROR) Pin0 (VP_RIF_VS_RIF1) cannot be retrieved for this MCU
2025-09-01 16:24:06,596 [INFO] ImportTextPane:234 - (OptionalMessage_ERROR) Unable to find key (Mcu.IPNb) in loaded IOC file
2025-09-01 16:24:06,629 [INFO] RtosManager:558 - Registered RTOS mode: class=CMSIS, group=RTOS, mode=CMSIS_V1, owner=FREERTOS
2025-09-01 16:24:06,629 [INFO] RtosManager:558 - Registered RTOS mode: class=CMSIS, group=RTOS2, mode=CMSIS_V2, owner=FREERTOS
2025-09-01 16:24:06,629 [INFO] RtosManager:558 - Registered RTOS mode: class=RTOS, group=Core, mode=CMSIS_V1, owner=FREERTOS
2025-09-01 16:24:06,629 [INFO] RtosManager:558 - Registered RTOS mode: class=RTOS, group=Core, mode=CMSIS_V2, owner=FREERTOS
2025-09-01 16:24:06,629 [WARN] ModelIntegratedComponent:184 - Missing modes for component STMicroelectronics:FreeRTOS:0.0.1:STMicroelectronics:RTOS:FreeRTOS:Core:::10.2.0:
2025-09-01 16:24:06,652 [WARN] ModelIntegratedComponent:63 - No mode defined for component null
2025-09-01 16:24:06,652 [WARN] ModelIntegratedComponent:63 - No mode defined for component null
2025-09-01 16:24:06,652 [WARN] ModelIntegratedComponent:63 - No mode defined for component null
2025-09-01 16:24:06,652 [WARN] ModelIntegratedComponent:63 - No mode defined for component null
2025-09-01 16:24:06,652 [WARN] ModelIntegratedComponent:63 - No mode defined for component null
2025-09-01 16:24:06,652 [WARN] ModelIntegratedComponent:63 - No mode defined for component null
2025-09-01 16:24:06,652 [WARN] ModelIntegratedComponent:63 - No mode defined for component null
2025-09-01 16:24:06,652 [WARN] ModelIntegratedComponent:63 - No mode defined for component null
2025-09-01 16:24:06,652 [WARN] ModelIntegratedComponent:63 - No mode defined for component null
2025-09-01 16:24:06,652 [WARN] ModelIntegratedComponent:63 - No mode defined for component null
2025-09-01 16:24:06,652 [WARN] ModelIntegratedComponent:63 - No mode defined for component null
2025-09-01 16:24:06,652 [WARN] ModelIntegratedComponent:63 - No mode defined for component null
2025-09-01 16:24:06,652 [WARN] ModelIntegratedComponent:63 - No mode defined for component null
2025-09-01 16:24:06,652 [WARN] ModelIntegratedComponent:63 - No mode defined for component null
2025-09-01 16:24:06,652 [WARN] ModelIntegratedComponent:63 - No mode defined for component null
2025-09-01 16:24:06,652 [WARN] ModelIntegratedComponent:63 - No mode defined for component null
2025-09-01 16:24:06,652 [WARN] ModelIntegratedComponent:63 - No mode defined for component null
2025-09-01 16:24:06,652 [WARN] ModelIntegratedComponent:63 - No mode defined for component null
2025-09-01 16:24:06,653 [WARN] ModelIntegratedComponent:63 - No mode defined for component null
2025-09-01 16:24:06,653 [WARN] ModelIntegratedComponent:63 - No mode defined for component null
2025-09-01 16:24:06,653 [WARN] ModelIntegratedComponent:63 - No mode defined for component null
2025-09-01 16:24:06,653 [WARN] ModelIntegratedComponent:63 - No mode defined for component null
2025-09-01 16:24:06,653 [WARN] ModelIntegratedComponent:63 - No mode defined for component null
2025-09-01 16:24:06,653 [WARN] ModelIntegratedComponent:63 - No mode defined for component null
2025-09-01 16:24:06,653 [WARN] ModelIntegratedComponent:63 - No mode defined for component null
2025-09-01 16:24:06,653 [WARN] ModelIntegratedComponent:63 - No mode defined for component null
2025-09-01 16:24:06,653 [WARN] ModelIntegratedComponent:63 - No mode defined for component null
2025-09-01 16:24:06,653 [WARN] ModelIntegratedComponent:63 - No mode defined for component null
2025-09-01 16:24:06,653 [WARN] ModelIntegratedComponent:63 - No mode defined for component null
2025-09-01 16:24:06,653 [WARN] ModelIntegratedComponent:63 - No mode defined for component null
2025-09-01 16:24:06,653 [WARN] ModelIntegratedComponent:63 - No mode defined for component null
2025-09-01 16:24:06,653 [WARN] ModelIntegratedComponent:63 - No mode defined for component null
2025-09-01 16:24:06,653 [WARN] ModelIntegratedComponent:63 - No mode defined for component null
2025-09-01 16:24:06,653 [WARN] ModelIntegratedComponent:63 - No mode defined for component null
2025-09-01 16:24:06,653 [WARN] ModelIntegratedComponent:63 - No mode defined for component null
2025-09-01 16:24:06,653 [WARN] ModelPack:524 - Component already loaded: STMicroelectronics:HAL Drivers:0.0.0:STMicroelectronics:Device:STMicro_Driver:XSPI:HAL::0.0.1:HAL_XSPI
2025-09-01 16:24:06,732 [INFO] ThirdPartyModel:298 - Start build external matchings
2025-09-01 16:24:06,974 [INFO] ThirdPartyModel:316 - End build external matchings
2025-09-01 16:24:07,266 [INFO] UtilMem:75 - End LoadConfig() Used Memory: 678338688 Bytes (814743552)
2025-09-01 16:24:07,277 [WARN] ThirdParty:833 - waiting for thirdparty lock release [change project]
2025-09-01 16:24:07,277 [INFO] ThirdParty:835 - entering critical section [change project]
2025-09-01 16:24:07,277 [INFO] ThirdParty:1030 - CMSIS Pack Vendor :STMicroelectronics X-CUBE-PM33A1 1.0.0
2025-09-01 16:24:07,277 [INFO] ThirdParty:1030 - CMSIS Pack Vendor :STMicroelectronics USBPD 4.1
2025-09-01 16:24:07,277 [INFO] ThirdParty:1030 - CMSIS Pack Vendor :STMicroelectronics X-CUBE-NFC9 1.0.0
2025-09-01 16:24:07,277 [INFO] ThirdParty:1030 - CMSIS Pack Vendor :wolfSSL I-CUBE-wolfSSL 5.8.0
2025-09-01 16:24:07,277 [INFO] ThirdParty:1030 - CMSIS Pack Vendor :STMicroelectronics USB_HOST 2.0.0
2025-09-01 16:24:07,277 [INFO] ThirdParty:1030 - CMSIS Pack Vendor :STMicroelectronics FP-SNS-MOTENVWB1 1.4.0
2025-09-01 16:24:07,277 [INFO] ThirdParty:1030 - CMSIS Pack Vendor :STMicroelectronics X-CUBE-AZRTOS-F4 1.1.0
2025-09-01 16:24:07,277 [INFO] ThirdParty:1030 - CMSIS Pack Vendor :STMicroelectronics LIBJPEG 8.0.0
2025-09-01 16:24:07,277 [INFO] ThirdParty:1030 - CMSIS Pack Vendor :STMicroelectronics FP-ATR-ASTRA1 2.0.2
2025-09-01 16:24:07,278 [INFO] ThirdParty:1030 - CMSIS Pack Vendor :wolfSSL I-CUBE-wolfSSL 5.8.2
2025-09-01 16:24:07,278 [INFO] ThirdParty:1030 - CMSIS Pack Vendor :STMicroelectronics X-CUBE-BLE1 7.1.0
2025-09-01 16:24:07,278 [INFO] ThirdParty:1030 - CMSIS Pack Vendor :Avnet-IotConnect X-CUBE-IoTC-DA16k-PMOD 1.0.0
2025-09-01 16:24:07,278 [INFO] ThirdParty:1030 - CMSIS Pack Vendor :STMicroelectronics X-CUBE-SMBUS 2.1.0
2025-09-01 16:24:07,278 [INFO] ThirdParty:1030 - CMSIS Pack Vendor :wolfSSL I-CUBE-wolfMQTT 1.19.2
2025-09-01 16:24:07,278 [INFO] ThirdParty:1030 - CMSIS Pack Vendor :STMicroelectronics USB_DEVICE 3.0.0
2025-09-01 16:24:07,278 [INFO] ThirdParty:1030 - CMSIS Pack Vendor :STMicroelectronics X-CUBE-ISPU 2.1.0
2025-09-01 16:24:07,278 [INFO] ThirdParty:1030 - CMSIS Pack Vendor :STMicroelectronics X-CUBE-EEPRMA1 5.2.0
2025-09-01 16:24:07,278 [INFO] ThirdParty:1030 - CMSIS Pack Vendor :STMicroelectronics X-CUBE-BLEMGR 4.1.0
2025-09-01 16:24:07,278 [INFO] ThirdParty:1030 - CMSIS Pack Vendor :STMicroelectronics X-CUBE-AZRTOS-WB 2.0.0
2025-09-01 16:24:07,278 [INFO] ThirdParty:1030 - CMSIS Pack Vendor :STMicroelectronics X-CUBE-ST60 1.0.0
2025-09-01 16:24:07,278 [INFO] ThirdParty:1030 - CMSIS Pack Vendor :STMicroelectronics X-CUBE-GNSS1 7.0.1
2025-09-01 16:24:07,278 [INFO] ThirdParty:1030 - CMSIS Pack Vendor :STMicroelectronics X-CUBE-NFC12 1.0.0
2025-09-01 16:24:07,278 [INFO] ThirdParty:1030 - CMSIS Pack Vendor :STMicroelectronics X-CUBE-AZRTOS-F7 1.1.0
2025-09-01 16:24:07,278 [INFO] ThirdParty:1030 - CMSIS Pack Vendor :STMicroelectronics X-CUBE-AZRTOS-L5 2.0.0
2025-09-01 16:24:07,278 [INFO] ThirdParty:1030 - CMSIS Pack Vendor :STMicroelectronics X-CUBE-TOUCHGFX 4.25.0
2025-09-01 16:24:07,278 [INFO] ThirdParty:1030 - CMSIS Pack Vendor :STMicroelectronics USB_DEVICE 2.0.0
2025-09-01 16:24:07,278 [INFO] ThirdParty:1030 - CMSIS Pack Vendor :STMicroelectronics X-CUBE-NFC6 3.1.0
2025-09-01 16:24:07,278 [INFO] ThirdParty:1030 - CMSIS Pack Vendor :STMicroelectronics X-CUBE-AI 10.1.0
2025-09-01 16:24:07,278 [INFO] ThirdParty:1030 - CMSIS Pack Vendor :STMicroelectronics FP-SNS-STBOX1 2.0.0
2025-09-01 16:24:07,278 [INFO] ThirdParty:1030 - CMSIS Pack Vendor :quantropi X-CUBE-qispace-sdk-base 2.1.0
2025-09-01 16:24:07,278 [INFO] ThirdParty:1030 - CMSIS Pack Vendor :STMicroelectronics FreeRTOS 0.0.1
2025-09-01 16:24:07,278 [INFO] ThirdParty:1030 - CMSIS Pack Vendor :STMicroelectronics X-CUBE-AZRTOS-G0 1.1.0
2025-09-01 16:24:07,278 [INFO] ThirdParty:1030 - CMSIS Pack Vendor :STMicroelectronics X-CUBE-SAFEA1 1.2.2
2025-09-01 16:24:07,278 [INFO] ThirdParty:1030 - CMSIS Pack Vendor :STMicroelectronics X-CUBE-NFC4 3.0.0
2025-09-01 16:24:07,278 [INFO] ThirdParty:1030 - CMSIS Pack Vendor :STMicroelectronics X-CUBE-SUBG2 5.0.0
2025-09-01 16:24:07,278 [INFO] ThirdParty:1030 - CMSIS Pack Vendor :STMicroelectronics X-CUBE-AZRTOS-H7RS 1.1.0
2025-09-01 16:24:07,278 [INFO] ThirdParty:1030 - CMSIS Pack Vendor :STMicroelectronics STM32_WPAN 1.0.0
2025-09-01 16:24:07,278 [INFO] ThirdParty:1030 - CMSIS Pack Vendor :EmbeddedOffice I-CUBE-FS-RTOS 1.0.1
2025-09-01 16:24:07,278 [INFO] ThirdParty:1030 - CMSIS Pack Vendor :STMicroelectronics lwIP 2.0.3
2025-09-01 16:24:07,278 [INFO] ThirdParty:1030 - CMSIS Pack Vendor :Cesanta I-CUBE-Mongoose 7.13.0
2025-09-01 16:24:07,278 [INFO] ThirdParty:1030 - CMSIS Pack Vendor :STMicroelectronics USB_HOST 1.0.0
2025-09-01 16:24:07,278 [INFO] ThirdParty:1030 - CMSIS Pack Vendor :Infineon AIROC-Wi-Fi-Bluetooth-STM32 1.7.1
2025-09-01 16:24:07,278 [INFO] ThirdParty:1030 - CMSIS Pack Vendor :STMicroelectronics X-CUBE-AZRTOS-G4 2.0.0
2025-09-01 16:24:07,278 [INFO] ThirdParty:1030 - CMSIS Pack Vendor :STMicroelectronics X-CUBE-WB05N 2.0.0
2025-09-01 16:24:07,278 [INFO] ThirdParty:1030 - CMSIS Pack Vendor :STMicroelectronics PDM2PCM 3.1.0
2025-09-01 16:24:07,278 [INFO] ThirdParty:1030 - CMSIS Pack Vendor :STMicroelectronics PDM2PCM 3.3.0
2025-09-01 16:24:07,278 [INFO] ThirdParty:1030 - CMSIS Pack Vendor :wolfSSL I-CUBE-wolfTPM 3.8.0
2025-09-01 16:24:07,278 [INFO] ThirdParty:1030 - CMSIS Pack Vendor :STMicroelectronics X-CUBE-AZRTOS-H7 3.4.0
2025-09-01 16:24:07,278 [INFO] ThirdParty:1030 - CMSIS Pack Vendor :STMicroelectronics X-CUBE-DISPLAY 3.0.0
2025-09-01 16:24:07,278 [INFO] ThirdParty:1030 - CMSIS Pack Vendor :wolfSSL I-CUBE-wolfSSH 1.4.20
2025-09-01 16:24:07,278 [INFO] ThirdParty:1030 - CMSIS Pack Vendor :STMicroelectronics X-CUBE-NFC7 2.0.0
2025-09-01 16:24:07,278 [INFO] ThirdParty:1030 - CMSIS Pack Vendor :STMicroelectronics X-CUBE-TCPP 4.2.0
2025-09-01 16:24:07,278 [INFO] ThirdParty:1030 - CMSIS Pack Vendor :RealThread X-CUBE-RT-Thread_Nano 4.1.1
2025-09-01 16:24:07,278 [INFO] ThirdParty:1030 - CMSIS Pack Vendor :STMicroelectronics FP-ATR-SIGFOX1 3.2.0
2025-09-01 16:24:07,278 [INFO] ThirdParty:1030 - CMSIS Pack Vendor :STMicroelectronics X-CUBE-NFC10 1.0.0
2025-09-01 16:24:07,278 [INFO] ThirdParty:1030 - CMSIS Pack Vendor :STMicroelectronics X-CUBE-FREERTOS 1.3.1
2025-09-01 16:24:07,278 [INFO] ThirdParty:1030 - CMSIS Pack Vendor :STMicroelectronics HAL Drivers 0.0.0
2025-09-01 16:24:07,278 [INFO] ThirdParty:1030 - CMSIS Pack Vendor :STMicroelectronics MBEDTLS 2.16.2
2025-09-01 16:24:07,278 [INFO] ThirdParty:1030 - CMSIS Pack Vendor :STMicroelectronics X-CUBE-IPS 3.1.0
2025-09-01 16:24:07,278 [INFO] ThirdParty:1030 - CMSIS Pack Vendor :STMicroelectronics X-CUBE-ALS 1.0.2
2025-09-01 16:24:07,278 [INFO] ThirdParty:1030 - CMSIS Pack Vendor :emotas I-CUBE-CANOPEN 1.3.0
2025-09-01 16:24:07,278 [INFO] ThirdParty:1030 - CMSIS Pack Vendor :STMicroelectronics MBEDTLS 2.14.1
2025-09-01 16:24:07,278 [INFO] ThirdParty:1030 - CMSIS Pack Vendor :ITTIA_DB I-CUBE-ITTIADB 8.9.0
2025-09-01 16:24:07,278 [INFO] ThirdParty:1030 - CMSIS Pack Vendor :portGmbH I-Cube-SoM-uGOAL 1.1.0
2025-09-01 16:24:07,278 [INFO] ThirdParty:1030 - CMSIS Pack Vendor :STMicroelectronics X-CUBE-ST67W61 1.0.0
2025-09-01 16:24:07,278 [INFO] ThirdParty:1030 - CMSIS Pack Vendor :STMicroelectronics FP-SNS-STBOX1 2.1.0
2025-09-01 16:24:07,278 [INFO] ThirdParty:1030 - CMSIS Pack Vendor :STMicroelectronics X-CUBE-AI 10.2.0
2025-09-01 16:24:07,278 [INFO] ThirdParty:1030 - CMSIS Pack Vendor :STMicroelectronics FP-SNS-STAIOTCFT 1.0.0
2025-09-01 16:24:07,278 [INFO] ThirdParty:1030 - CMSIS Pack Vendor :STMicroelectronics ThreadX 1.0.0
2025-09-01 16:24:07,278 [INFO] ThirdParty:1030 - CMSIS Pack Vendor :STMicroelectronics FP-SNS-SMARTAG2 1.2.0
2025-09-01 16:24:07,278 [INFO] ThirdParty:1030 - CMSIS Pack Vendor :STMicroelectronics FP-SNS-FLIGHT1 5.1.0
2025-09-01 16:24:07,278 [INFO] ThirdParty:1030 - CMSIS Pack Vendor :STMicroelectronics X-CUBE-AZRTOS-WL 2.0.0
2025-09-01 16:24:07,278 [INFO] ThirdParty:1030 - CMSIS Pack Vendor :SEGGER I-CUBE-embOS 1.3.1
2025-09-01 16:24:07,278 [INFO] ThirdParty:1030 - CMSIS Pack Vendor :STMicroelectronics X-CUBE-ALGOBUILD 1.4.0
2025-09-01 16:24:07,278 [INFO] ThirdParty:1030 - CMSIS Pack Vendor :STMicroelectronics X-CUBE-DPower 1.3.0
2025-09-01 16:24:07,278 [INFO] ThirdParty:1030 - CMSIS Pack Vendor :STMicroelectronics X-CUBE-MEMS1 11.3.0
2025-09-01 16:24:07,279 [INFO] ThirdParty:1030 - CMSIS Pack Vendor :STMicroelectronics FP-SNS-MOTENV1 5.0.0
2025-09-01 16:24:07,279 [INFO] ThirdParty:1030 - CMSIS Pack Vendor :STMicroelectronics USB_DEVICE 1.0.0
2025-09-01 16:24:07,279 [INFO] ThirdParty:1030 - CMSIS Pack Vendor :STMicroelectronics X-CUBE-AZRTOS-L4 2.0.0
2025-09-01 16:24:07,279 [INFO] ThirdParty:1030 - CMSIS Pack Vendor :STMicroelectronics ThreadX 0.0.2
2025-09-01 16:24:07,279 [INFO] ThirdParty:1030 - CMSIS Pack Vendor :WES I-CUBE-Cesium 1.3.0
2025-09-01 16:24:07,279 [INFO] ThirdParty:1030 - CMSIS Pack Vendor :STMicroelectronics lwIP 2.1.2
2025-09-01 16:24:07,279 [INFO] ThirdParty:1030 - CMSIS Pack Vendor :STMicroelectronics X-CUBE-SFXS2LP1 4.0.0
2025-09-01 16:24:07,279 [INFO] ThirdParty:1030 - CMSIS Pack Vendor :STMicroelectronics X-CUBE-BLE2 3.3.0
2025-09-01 16:24:07,279 [INFO] ThirdParty:1030 - CMSIS Pack Vendor :STMicroelectronics X-CUBE-TOF1 3.4.3
2025-09-01 16:24:07,279 [INFO] ThirdParty:1030 - CMSIS Pack Vendor :STMicroelectronics PDM2PCM 3.2.0
2025-09-01 16:24:07,279 [INFO] ThirdParty:841 - exiting critical section [change project]
2025-09-01 16:24:07,438 [INFO] PinOutPanel:1589 - setPackage(No Configuration,No Configuration)
2025-09-01 16:24:07,438 [INFO] PinOutPanel:1589 - setPackage(STM32F767ZITx,LQFP144)
2025-09-01 16:24:07,680 [INFO] UtilMem:75 - Before build in PCC Used Memory: 337063168 Bytes (814743552)
2025-09-01 16:24:07,813 [INFO] UtilMem:75 - After build in PCC Used Memory: 387921152 Bytes (814743552)
2025-09-01 16:24:07,827 [INFO] IPUIPlugin:80 - create IPUIPlugin
2025-09-01 16:24:07,828 [INFO] IPUIPlugin:80 - create IPUIPlugin
2025-09-01 16:24:07,828 [INFO] IPUIPlugin:80 - create IPUIPlugin
2025-09-01 16:24:07,828 [INFO] IPUIPlugin:80 - create IPUIPlugin
2025-09-01 16:24:07,828 [INFO] IPUIPlugin:80 - create IPUIPlugin
2025-09-01 16:24:07,828 [INFO] IPUIPlugin:80 - create IPUIPlugin
2025-09-01 16:24:07,828 [INFO] IPUIPlugin:80 - create IPUIPlugin
2025-09-01 16:24:07,828 [INFO] IPUIPlugin:80 - create IPUIPlugin
2025-09-01 16:24:07,828 [INFO] IPUIPlugin:80 - create IPUIPlugin
2025-09-01 16:24:07,828 [INFO] IPUIPlugin:80 - create IPUIPlugin
2025-09-01 16:24:07,828 [INFO] IPUIPlugin:80 - create IPUIPlugin
2025-09-01 16:24:07,828 [INFO] IPUIPlugin:80 - create IPUIPlugin
2025-09-01 16:24:07,828 [INFO] IPUIPlugin:80 - create IPUIPlugin
2025-09-01 16:24:07,828 [INFO] IPUIPlugin:80 - create IPUIPlugin
2025-09-01 16:24:07,828 [INFO] IPUIPlugin:80 - create IPUIPlugin
2025-09-01 16:24:07,828 [INFO] IPUIPlugin:80 - create IPUIPlugin
2025-09-01 16:24:07,828 [INFO] IPUIPlugin:80 - create IPUIPlugin
2025-09-01 16:24:07,828 [INFO] IPUIPlugin:80 - create IPUIPlugin
2025-09-01 16:24:07,829 [INFO] IPUIPlugin:80 - create IPUIPlugin
2025-09-01 16:24:07,829 [INFO] IPUIPlugin:80 - create IPUIPlugin
2025-09-01 16:24:07,829 [INFO] IPUIPlugin:80 - create IPUIPlugin
2025-09-01 16:24:07,829 [INFO] IPUIPlugin:80 - create IPUIPlugin
2025-09-01 16:24:07,829 [INFO] IPUIPlugin:80 - create IPUIPlugin
2025-09-01 16:24:07,829 [INFO] IPUIPlugin:80 - create IPUIPlugin
2025-09-01 16:24:07,829 [INFO] IPUIPlugin:80 - create IPUIPlugin
2025-09-01 16:24:07,829 [INFO] IPUIPlugin:80 - create IPUIPlugin
2025-09-01 16:24:07,829 [INFO] IPUIPlugin:80 - create IPUIPlugin
2025-09-01 16:24:07,829 [INFO] IPUIPlugin:80 - create IPUIPlugin
2025-09-01 16:24:07,829 [INFO] IPUIPlugin:80 - create IPUIPlugin
2025-09-01 16:24:07,830 [INFO] IPUIPlugin:80 - create IPUIPlugin
2025-09-01 16:24:07,830 [INFO] IPUIPlugin:80 - create IPUIPlugin
2025-09-01 16:24:07,830 [INFO] IPUIPlugin:80 - create IPUIPlugin
2025-09-01 16:24:07,830 [INFO] IPUIPlugin:80 - create IPUIPlugin
2025-09-01 16:24:07,830 [INFO] IPUIPlugin:80 - create IPUIPlugin
2025-09-01 16:24:07,830 [INFO] IPUIPlugin:80 - create IPUIPlugin
2025-09-01 16:24:07,830 [INFO] IPUIPlugin:80 - create IPUIPlugin
2025-09-01 16:24:07,831 [INFO] IPUIPlugin:80 - create IPUIPlugin
2025-09-01 16:24:07,831 [INFO] IPUIPlugin:80 - create IPUIPlugin
2025-09-01 16:24:07,831 [INFO] IPUIPlugin:80 - create IPUIPlugin
2025-09-01 16:24:07,831 [INFO] IPUIPlugin:80 - create IPUIPlugin
2025-09-01 16:24:07,831 [INFO] IPUIPlugin:80 - create IPUIPlugin
2025-09-01 16:24:07,831 [INFO] IPUIPlugin:80 - create IPUIPlugin
2025-09-01 16:24:07,832 [INFO] IPUIPlugin:80 - create IPUIPlugin
2025-09-01 16:24:07,832 [INFO] IPUIPlugin:80 - create IPUIPlugin
2025-09-01 16:24:07,832 [INFO] IPUIPlugin:80 - create IPUIPlugin
2025-09-01 16:24:07,832 [INFO] IPUIPlugin:80 - create IPUIPlugin
2025-09-01 16:24:07,832 [INFO] IPUIPlugin:80 - create IPUIPlugin
2025-09-01 16:24:07,832 [INFO] IPUIPlugin:80 - create IPUIPlugin
2025-09-01 16:24:07,832 [INFO] IPUIPlugin:80 - create IPUIPlugin
2025-09-01 16:24:07,832 [INFO] IPUIPlugin:80 - create IPUIPlugin
2025-09-01 16:24:07,832 [INFO] IPUIPlugin:80 - create IPUIPlugin
2025-09-01 16:24:07,832 [INFO] IPUIPlugin:80 - create IPUIPlugin
2025-09-01 16:24:07,833 [INFO] IPUIPlugin:80 - create IPUIPlugin
2025-09-01 16:24:07,833 [INFO] IPUIPlugin:80 - create IPUIPlugin
2025-09-01 16:24:07,833 [INFO] IPUIPlugin:80 - create IPUIPlugin
2025-09-01 16:24:07,833 [INFO] IPUIPlugin:80 - create IPUIPlugin
2025-09-01 16:24:07,833 [INFO] IPUIPlugin:80 - create IPUIPlugin
2025-09-01 16:24:07,833 [INFO] IPUIPlugin:80 - create IPUIPlugin
2025-09-01 16:24:07,833 [INFO] IPUIPlugin:80 - create IPUIPlugin
2025-09-01 16:24:07,833 [INFO] IPUIPlugin:80 - create IPUIPlugin
2025-09-01 16:24:07,833 [INFO] IPUIPlugin:80 - create IPUIPlugin
2025-09-01 16:24:07,834 [INFO] IPUIPlugin:80 - create IPUIPlugin
2025-09-01 16:24:07,834 [INFO] IPUIPlugin:80 - create IPUIPlugin
2025-09-01 16:24:07,834 [INFO] IPUIPlugin:80 - create IPUIPlugin
2025-09-01 16:24:07,834 [INFO] IPUIPlugin:80 - create IPUIPlugin
2025-09-01 16:24:07,834 [INFO] IPUIPlugin:80 - create IPUIPlugin
2025-09-01 16:24:07,834 [INFO] IPUIPlugin:80 - create IPUIPlugin
2025-09-01 16:24:07,834 [INFO] IPUIPlugin:80 - create IPUIPlugin
2025-09-01 16:24:07,834 [INFO] IPUIPlugin:80 - create IPUIPlugin
2025-09-01 16:24:07,835 [INFO] IPUIPlugin:80 - create IPUIPlugin
2025-09-01 16:24:07,835 [INFO] IPUIPlugin:80 - create IPUIPlugin
2025-09-01 16:24:07,836 [INFO] IPUIPlugin:80 - create IPUIPlugin
2025-09-01 16:24:07,837 [INFO] IPUIPlugin:80 - create IPUIPlugin
2025-09-01 16:24:07,837 [INFO] IPUIPlugin:80 - create IPUIPlugin
2025-09-01 16:24:07,837 [INFO] IPUIPlugin:80 - create IPUIPlugin
2025-09-01 16:24:07,838 [INFO] IPUIPlugin:80 - create IPUIPlugin
2025-09-01 16:24:07,838 [INFO] IPUIPlugin:80 - create IPUIPlugin
2025-09-01 16:24:07,838 [INFO] IPUIPlugin:80 - create IPUIPlugin
2025-09-01 16:24:07,838 [INFO] IPUIPlugin:80 - create IPUIPlugin
2025-09-01 16:24:07,840 [INFO] ApiDbMcu:532 - Load IP Config File for PDM2PCM
2025-09-01 16:24:07,856 [INFO] CADModel:165 - CPN selected for project levelSTM32F767ZIT6
2025-09-01 16:24:07,856 [INFO] CADModel:114 - Register for checkConnection events
2025-09-01 16:24:07,903 [INFO] OpenFileManager:386 - Restore cursor
2025-09-01 16:24:08,160 [INFO] UtilMem:75 - End SaveConfig() Used Memory: 572992768 Bytes (814743552)
2025-09-01 16:24:14,713 [INFO] AnalyticsPlugin:368 - Accepted License(s): [FW.F7.1.17.0]
2025-09-01 16:24:14,714 [INFO] FileExtend:248 - Unzip File : stm32cube_fw_f7_v1170.zip
2025-09-01 16:24:14,714 [INFO] FileExtend:263 - Standard Zip Deflate
2025-09-01 16:24:55,300 [INFO] ServerAccessManage:452 - Complete download http(s) 200
2025-09-01 16:24:55,300 [INFO] ServerAccessManage:509 - Download File stm32cube_fw_f7_v1174.zip
2025-09-01 16:25:06,211 [INFO] FileExtend:248 - Unzip File : stm32cube_fw_f7_v1174.zip
2025-09-01 16:25:06,211 [INFO] FileExtend:263 - Standard Zip Deflate
2025-09-01 16:25:26,619 [INFO] LoadServerPackagesThread:196 - End of LoadServerPackages Thread
2025-09-01 16:25:26,763 [INFO] ThirdPartyModel:298 - Start build external matchings
2025-09-01 16:25:26,773 [INFO] UtilMem:75 - End SaveConfig() Used Memory: 1054120200 Bytes (1073741824)
2025-09-01 16:25:27,054 [INFO] ThirdPartyModel:316 - End build external matchings
2025-09-01 16:25:27,059 [INFO] CheckServerUpdateThread:120 - End of CheckServer Thread
2025-09-01 16:25:27,085 [INFO] BlockDiagram:2775 - set Specific Code input for plugin: RCC
2025-09-01 16:25:27,085 [INFO] BlockDiagram:2775 - set Specific Code input for plugin: NVIC
2025-09-01 16:25:27,085 [INFO] BlockDiagram:2775 - set Specific Code input for plugin: CORTEX_M7
2025-09-01 16:25:27,087 [INFO] CodeGenerator:892 - code generatio: config db path: E:\STM32CubeIDE_1.19.0\STM32CubeIDE\plugins\com.st.stm32cube.common.mx_6.15.0.202507011659\\db\
2025-09-01 16:25:27,233 [INFO] CodeEngine:265 - oldGeneratedFile, E:\STM32CubeIDE\lab06\MXTmpFiles\license.tmp_save
2025-09-01 16:25:27,539 [INFO] CodeEngine:289 - Generated code: E:\STM32CubeIDE\lab06\MXTmpFiles\license.tmp
2025-09-01 16:25:27,623 [INFO] CodeEngine:265 - oldGeneratedFile, E:\STM32CubeIDE\lab06\MXTmpFiles\cortex.tmp_save
2025-09-01 16:25:27,740 [INFO] CodeEngine:289 - Generated code: E:\STM32CubeIDE\lab06\MXTmpFiles\cortex.tmp
2025-09-01 16:25:27,754 [INFO] CodeEngine:265 - oldGeneratedFile, E:\STM32CubeIDE\lab06\Core\Src\stm32f7xx_it.c_save
2025-09-01 16:25:27,879 [INFO] CodeEngine:289 - Generated code: E:\STM32CubeIDE\lab06\Core\Src\stm32f7xx_it.c
2025-09-01 16:25:27,888 [INFO] CodeEngine:265 - oldGeneratedFile, E:\STM32CubeIDE\lab06\Core\Inc\stm32f7xx_it.h_save
2025-09-01 16:25:27,951 [INFO] CodeEngine:289 - Generated code: E:\STM32CubeIDE\lab06\Core\Inc\stm32f7xx_it.h
2025-09-01 16:25:27,982 [INFO] CodeEngine:265 - oldGeneratedFile, E:\STM32CubeIDE\lab06\Core\Src\stm32f7xx_hal_msp.c_save
2025-09-01 16:25:28,094 [INFO] CodeEngine:289 - Generated code: E:\STM32CubeIDE\lab06\Core\Src\stm32f7xx_hal_msp.c
2025-09-01 16:25:28,101 [INFO] CodeEngine:265 - oldGeneratedFile, E:\STM32CubeIDE\lab06\MXTmpFiles\system.tmp_save
2025-09-01 16:25:28,148 [INFO] CodeEngine:289 - Generated code: E:\STM32CubeIDE\lab06\MXTmpFiles\system.tmp
2025-09-01 16:25:28,159 [INFO] CodeEngine:321 - oldGeneratedFile, E:\STM32CubeIDE\lab06\Core\Inc\stm32f7xx_hal_conf.h_save
2025-09-01 16:25:28,246 [INFO] CodeEngine:345 - Generated code: E:\STM32CubeIDE\lab06\Core\Inc\stm32f7xx_hal_conf.h
2025-09-01 16:25:28,293 [INFO] ApiDbMcu:532 - Load IP Config File for RCC
2025-09-01 16:25:28,299 [INFO] CodeEngine:265 - oldGeneratedFile, E:\STM32CubeIDE\lab06\Core\Inc\main.h_save
2025-09-01 16:25:28,400 [INFO] CodeEngine:289 - Generated code: E:\STM32CubeIDE\lab06\Core\Inc\main.h
2025-09-01 16:25:28,408 [INFO] CodeEngine:265 - oldGeneratedFile, E:\STM32CubeIDE\lab06\Core\Src\main.c_save
2025-09-01 16:25:28,490 [INFO] CodeEngine:289 - Generated code: E:\STM32CubeIDE\lab06\Core\Src\main.c
2025-09-01 16:25:28,646 [INFO] ProjectBuilder:3606 - Time for Copy HAL[1] : 73mS.
2025-09-01 16:25:28,650 [INFO] ProjectBuilder:5216 - Project Generator version: 4.7.0-B52
2025-09-01 16:25:28,702 [INFO] ConfigFileManager:1595 - The Die is : DIE451
2025-09-01 16:25:28,715 [INFO] ApiDbMcu:532 - Load IP Config File for FATFS
2025-09-01 16:25:28,725 [INFO] ApiDbMcu:532 - Load IP Config File for FREERTOS
2025-09-01 16:25:28,734 [INFO] ApiDbMcu:532 - Load IP Config File for LIBJPEG
2025-09-01 16:25:28,744 [INFO] ApiDbMcu:532 - Load IP Config File for LWIP
2025-09-01 16:25:28,755 [INFO] ApiDbMcu:532 - Load IP Config File for MBEDTLS
2025-09-01 16:25:28,767 [INFO] ApiDbMcu:532 - Load IP Config File for USB_DEVICE
2025-09-01 16:25:28,778 [INFO] ApiDbMcu:532 - Load IP Config File for USB_HOST
2025-09-01 16:25:29,310 [INFO] LogOutputStream:77 - [STDOUT_REDIRECT] 
2025-09-01 16:25:30,988 [INFO] ProjectBuilder:5496 - Time for Generating toolchain IDE Files: 2337mS.
2025-09-01 16:25:30,991 [INFO] ProjectBuilder:3463 - Time for Copy CMSIS : 3mS.
2025-09-01 16:25:30,991 [INFO] ProjectBuilder:3463 - Time for Copy CMSIS : 0mS.
2025-09-01 16:25:31,539 [INFO] McuFinderGlobals:76 - Set McuFinderConnectedMode to true
2025-09-01 16:25:31,541 [INFO] ApiDb:448 - Save user favorites file C:\Users\nphis/.stm32cubeide/favorites.mcus.txt: 1 item(s)
2025-09-01 16:25:31,541 [INFO] ApiDb:452 - User favorites MCUs=[STM32F767ZIT6]
2025-09-01 17:00:37,378 [INFO] NvicIntPanel:101 - NVIC parent = com.st.microxplorer.plugins.ip.nvic.MultiNvicIntPanel[,0,0,0x0,invalid,layout=javax.swing.BoxLayout,alignmentX=0.0,alignmentY=0.0,border=,flags=9,maximumSize=,minimumSize=,preferredSize=]
2025-09-01 17:00:45,272 [INFO] NvicIntPanel:101 - NVIC parent = com.st.microxplorer.plugins.ip.nvic.MultiNvicIntPanel[,0,0,0x0,invalid,layout=javax.swing.BoxLayout,alignmentX=0.0,alignmentY=0.0,border=,flags=9,maximumSize=,minimumSize=,preferredSize=]
2025-09-01 17:03:08,114 [INFO] UtilMem:75 - End SaveConfig() Used Memory: 689697656 Bytes (1034944512)
2025-09-01 17:03:09,269 [INFO] UtilMem:75 - End SaveConfig() Used Memory: 810810232 Bytes (1034944512)
2025-09-01 17:03:09,508 [INFO] BlockDiagram:2775 - set Specific Code input for plugin: TIM1_8F77
2025-09-01 17:03:09,509 [INFO] BlockDiagram:2775 - set Specific Code input for plugin: TIM1_8F77
2025-09-01 17:03:09,509 [INFO] BlockDiagram:2775 - set Specific Code input for plugin: SYS
2025-09-01 17:03:09,509 [INFO] BlockDiagram:2775 - set Specific Code input for plugin: RCC
2025-09-01 17:03:09,509 [INFO] BlockDiagram:2775 - set Specific Code input for plugin: NVIC
2025-09-01 17:03:09,509 [INFO] BlockDiagram:2775 - set Specific Code input for plugin: CORTEX_M7
2025-09-01 17:03:09,510 [INFO] CodeGenerator:892 - code generatio: config db path: E:\STM32CubeIDE_1.19.0\STM32CubeIDE\plugins\com.st.stm32cube.common.mx_6.15.0.202507011659\\db\
2025-09-01 17:03:09,563 [INFO] CodeEngine:265 - oldGeneratedFile, E:\STM32CubeIDE\lab06\MXTmpFiles\license.tmp_save
2025-09-01 17:03:09,719 [INFO] CodeEngine:289 - Generated code: E:\STM32CubeIDE\lab06\MXTmpFiles\license.tmp
2025-09-01 17:03:09,868 [INFO] CodeEngine:265 - oldGeneratedFile, E:\STM32CubeIDE\lab06\MXTmpFiles\cortex.tmp_save
2025-09-01 17:03:09,972 [INFO] CodeEngine:289 - Generated code: E:\STM32CubeIDE\lab06\MXTmpFiles\cortex.tmp
2025-09-01 17:03:09,987 [INFO] CodeEngine:265 - oldGeneratedFile, E:\STM32CubeIDE\lab06\Core\Src\tim.c_save
2025-09-01 17:03:10,122 [INFO] CodeEngine:289 - Generated code: E:\STM32CubeIDE\lab06\Core\Src\tim.c
2025-09-01 17:03:10,134 [INFO] CodeEngine:265 - oldGeneratedFile, E:\STM32CubeIDE\lab06\Core\Inc\tim.h_save
2025-09-01 17:03:10,198 [INFO] CodeEngine:289 - Generated code: E:\STM32CubeIDE\lab06\Core\Inc\tim.h
2025-09-01 17:03:10,214 [INFO] CodeEngine:265 - oldGeneratedFile, E:\STM32CubeIDE\lab06\Core\Src\stm32f7xx_it.c_save
2025-09-01 17:03:10,398 [INFO] CodeEngine:289 - Generated code: E:\STM32CubeIDE\lab06\Core\Src\stm32f7xx_it.c
2025-09-01 17:03:10,402 [INFO] CodeEngine:265 - oldGeneratedFile, E:\STM32CubeIDE\lab06\Core\Inc\stm32f7xx_it.h_save
2025-09-01 17:03:10,457 [INFO] CodeEngine:289 - Generated code: E:\STM32CubeIDE\lab06\Core\Inc\stm32f7xx_it.h
2025-09-01 17:03:10,468 [INFO] CodeEngine:265 - oldGeneratedFile, E:\STM32CubeIDE\lab06\Core\Src\stm32f7xx_hal_msp.c_save
2025-09-01 17:03:10,583 [INFO] CodeEngine:289 - Generated code: E:\STM32CubeIDE\lab06\Core\Src\stm32f7xx_hal_msp.c
2025-09-01 17:03:10,587 [INFO] CodeEngine:265 - oldGeneratedFile, E:\STM32CubeIDE\lab06\MXTmpFiles\system.tmp_save
2025-09-01 17:03:10,625 [INFO] CodeEngine:289 - Generated code: E:\STM32CubeIDE\lab06\MXTmpFiles\system.tmp
2025-09-01 17:03:10,635 [INFO] CodeEngine:321 - oldGeneratedFile, E:\STM32CubeIDE\lab06\Core\Inc\stm32f7xx_hal_conf.h_save
2025-09-01 17:03:10,738 [INFO] CodeEngine:345 - Generated code: E:\STM32CubeIDE\lab06\Core\Inc\stm32f7xx_hal_conf.h
2025-09-01 17:03:10,764 [INFO] ApiDbMcu:532 - Load IP Config File for TIM1
2025-09-01 17:03:10,770 [INFO] ApiDbMcu:532 - Load IP Config File for TIM2
2025-09-01 17:03:10,776 [INFO] CodeEngine:265 - oldGeneratedFile, E:\STM32CubeIDE\lab06\Core\Inc\main.h_save
2025-09-01 17:03:10,883 [INFO] CodeEngine:289 - Generated code: E:\STM32CubeIDE\lab06\Core\Inc\main.h
2025-09-01 17:03:10,887 [INFO] CodeEngine:265 - oldGeneratedFile, E:\STM32CubeIDE\lab06\Core\Src\main.c_save
2025-09-01 17:03:10,967 [INFO] CodeEngine:289 - Generated code: E:\STM32CubeIDE\lab06\Core\Src\main.c
2025-09-01 17:03:11,109 [INFO] ProjectBuilder:3606 - Time for Copy HAL[1] : 72mS.
2025-09-01 17:03:11,111 [INFO] ProjectBuilder:5216 - Project Generator version: 4.7.0-B52
2025-09-01 17:03:11,156 [INFO] ConfigFileManager:1595 - The Die is : DIE451
2025-09-01 17:03:11,931 [INFO] ProjectBuilder:5496 - Time for Generating toolchain IDE Files: 820mS.
2025-09-01 17:03:11,932 [INFO] ProjectBuilder:3463 - Time for Copy CMSIS : 0mS.
2025-09-01 17:03:11,932 [INFO] ProjectBuilder:3463 - Time for Copy CMSIS : 0mS.
2025-09-01 17:08:33,285 [INFO] NvicIntPanel:101 - NVIC parent = com.st.microxplorer.plugins.ip.nvic.MultiNvicIntPanel[,0,0,0x0,invalid,layout=javax.swing.BoxLayout,alignmentX=0.0,alignmentY=0.0,border=,flags=9,maximumSize=,minimumSize=,preferredSize=]
2025-09-01 17:10:37,697 [INFO] UtilMem:75 - End SaveConfig() Used Memory: 657366624 Bytes (1034944512)
2025-09-01 17:10:38,224 [INFO] UtilMem:75 - End SaveConfig() Used Memory: 744421472 Bytes (1034944512)
2025-09-01 17:10:38,402 [INFO] BlockDiagram:2775 - set Specific Code input for plugin: TIM1_8F77
2025-09-01 17:10:38,403 [INFO] BlockDiagram:2775 - set Specific Code input for plugin: TIM1_8F77
2025-09-01 17:10:38,403 [INFO] BlockDiagram:2775 - set Specific Code input for plugin: SYS
2025-09-01 17:10:38,403 [INFO] BlockDiagram:2775 - set Specific Code input for plugin: RCC
2025-09-01 17:10:38,403 [INFO] BlockDiagram:2775 - set Specific Code input for plugin: NVIC
2025-09-01 17:10:38,403 [INFO] BlockDiagram:2775 - set Specific Code input for plugin: USART
2025-09-01 17:10:38,403 [INFO] BlockDiagram:2775 - set Specific Code input for plugin: CORTEX_M7
2025-09-01 17:10:38,403 [INFO] BlockDiagram:2775 - set Specific Code input for plugin: GPIO
2025-09-01 17:10:38,404 [INFO] CodeGenerator:892 - code generatio: config db path: E:\STM32CubeIDE_1.19.0\STM32CubeIDE\plugins\com.st.stm32cube.common.mx_6.15.0.202507011659\\db\
2025-09-01 17:10:38,461 [INFO] CodeEngine:265 - oldGeneratedFile, E:\STM32CubeIDE\lab06\MXTmpFiles\license.tmp_save
2025-09-01 17:10:38,572 [INFO] CodeEngine:289 - Generated code: E:\STM32CubeIDE\lab06\MXTmpFiles\license.tmp
2025-09-01 17:10:38,603 [INFO] CodeEngine:265 - oldGeneratedFile, E:\STM32CubeIDE\lab06\Core\Src\gpio.c_save
2025-09-01 17:10:38,700 [INFO] CodeEngine:289 - Generated code: E:\STM32CubeIDE\lab06\Core\Src\gpio.c
2025-09-01 17:10:38,711 [INFO] CodeEngine:265 - oldGeneratedFile, E:\STM32CubeIDE\lab06\Core\Inc\gpio.h_save
2025-09-01 17:10:38,775 [INFO] CodeEngine:289 - Generated code: E:\STM32CubeIDE\lab06\Core\Inc\gpio.h
2025-09-01 17:10:38,869 [INFO] CodeEngine:265 - oldGeneratedFile, E:\STM32CubeIDE\lab06\MXTmpFiles\cortex.tmp_save
2025-09-01 17:10:38,942 [INFO] CodeEngine:289 - Generated code: E:\STM32CubeIDE\lab06\MXTmpFiles\cortex.tmp
2025-09-01 17:10:38,952 [INFO] CodeEngine:265 - oldGeneratedFile, E:\STM32CubeIDE\lab06\Core\Src\tim.c_save
2025-09-01 17:10:39,063 [INFO] CodeEngine:289 - Generated code: E:\STM32CubeIDE\lab06\Core\Src\tim.c
2025-09-01 17:10:39,067 [INFO] CodeEngine:265 - oldGeneratedFile, E:\STM32CubeIDE\lab06\Core\Inc\tim.h_save
2025-09-01 17:10:39,107 [INFO] CodeEngine:289 - Generated code: E:\STM32CubeIDE\lab06\Core\Inc\tim.h
2025-09-01 17:10:39,113 [INFO] CodeEngine:265 - oldGeneratedFile, E:\STM32CubeIDE\lab06\Core\Src\usart.c_save
2025-09-01 17:10:39,220 [INFO] CodeEngine:289 - Generated code: E:\STM32CubeIDE\lab06\Core\Src\usart.c
2025-09-01 17:10:39,228 [INFO] CodeEngine:265 - oldGeneratedFile, E:\STM32CubeIDE\lab06\Core\Inc\usart.h_save
2025-09-01 17:10:39,281 [INFO] CodeEngine:289 - Generated code: E:\STM32CubeIDE\lab06\Core\Inc\usart.h
2025-09-01 17:10:39,298 [INFO] CodeEngine:265 - oldGeneratedFile, E:\STM32CubeIDE\lab06\Core\Src\stm32f7xx_it.c_save
2025-09-01 17:10:39,376 [INFO] CodeEngine:289 - Generated code: E:\STM32CubeIDE\lab06\Core\Src\stm32f7xx_it.c
2025-09-01 17:10:39,381 [INFO] CodeEngine:265 - oldGeneratedFile, E:\STM32CubeIDE\lab06\Core\Inc\stm32f7xx_it.h_save
2025-09-01 17:10:39,419 [INFO] CodeEngine:289 - Generated code: E:\STM32CubeIDE\lab06\Core\Inc\stm32f7xx_it.h
2025-09-01 17:10:39,429 [INFO] CodeEngine:265 - oldGeneratedFile, E:\STM32CubeIDE\lab06\Core\Src\stm32f7xx_hal_msp.c_save
2025-09-01 17:10:39,527 [INFO] CodeEngine:289 - Generated code: E:\STM32CubeIDE\lab06\Core\Src\stm32f7xx_hal_msp.c
2025-09-01 17:10:39,529 [INFO] CodeEngine:265 - oldGeneratedFile, E:\STM32CubeIDE\lab06\MXTmpFiles\system.tmp_save
2025-09-01 17:10:39,561 [INFO] CodeEngine:289 - Generated code: E:\STM32CubeIDE\lab06\MXTmpFiles\system.tmp
2025-09-01 17:10:39,569 [INFO] CodeEngine:321 - oldGeneratedFile, E:\STM32CubeIDE\lab06\Core\Inc\stm32f7xx_hal_conf.h_save
2025-09-01 17:10:39,666 [INFO] CodeEngine:345 - Generated code: E:\STM32CubeIDE\lab06\Core\Inc\stm32f7xx_hal_conf.h
2025-09-01 17:10:39,687 [INFO] ApiDbMcu:532 - Load IP Config File for USART3
2025-09-01 17:10:39,693 [INFO] CodeEngine:265 - oldGeneratedFile, E:\STM32CubeIDE\lab06\Core\Inc\main.h_save
2025-09-01 17:10:39,785 [INFO] CodeEngine:289 - Generated code: E:\STM32CubeIDE\lab06\Core\Inc\main.h
2025-09-01 17:10:39,788 [INFO] CodeEngine:265 - oldGeneratedFile, E:\STM32CubeIDE\lab06\Core\Src\main.c_save
2025-09-01 17:10:39,870 [INFO] CodeEngine:289 - Generated code: E:\STM32CubeIDE\lab06\Core\Src\main.c
2025-09-01 17:10:40,028 [INFO] ProjectBuilder:3606 - Time for Copy HAL[1] : 84mS.
2025-09-01 17:10:40,030 [INFO] ProjectBuilder:5216 - Project Generator version: 4.7.0-B52
2025-09-01 17:10:40,070 [INFO] ConfigFileManager:1595 - The Die is : DIE451
2025-09-01 17:10:40,560 [INFO] ProjectBuilder:5496 - Time for Generating toolchain IDE Files: 530mS.
2025-09-01 17:10:40,561 [INFO] ProjectBuilder:3463 - Time for Copy CMSIS : 0mS.
2025-09-01 17:10:40,562 [INFO] ProjectBuilder:3463 - Time for Copy CMSIS : 0mS.
2025-09-01 17:32:45,133 [INFO] NvicIntPanel:101 - NVIC parent = com.st.microxplorer.plugins.ip.nvic.MultiNvicIntPanel[,0,0,0x0,invalid,layout=javax.swing.BoxLayout,alignmentX=0.0,alignmentY=0.0,border=,flags=9,maximumSize=,minimumSize=,preferredSize=]
2025-09-01 17:32:50,284 [INFO] NvicIntPanel:101 - NVIC parent = com.st.microxplorer.plugins.ip.nvic.MultiNvicIntPanel[,0,0,0x0,invalid,layout=javax.swing.BoxLayout,alignmentX=0.0,alignmentY=0.0,border=,flags=9,maximumSize=,minimumSize=,preferredSize=]
2025-09-01 17:33:12,696 [INFO] UtilMem:75 - End SaveConfig() Used Memory: 495402704 Bytes (1034944512)
2025-09-01 17:33:13,010 [INFO] UtilMem:75 - End SaveConfig() Used Memory: 544609088 Bytes (1034944512)
2025-09-01 17:33:13,121 [INFO] BlockDiagram:2775 - set Specific Code input for plugin: TIM1_8F77
2025-09-01 17:33:13,121 [INFO] BlockDiagram:2775 - set Specific Code input for plugin: TIM1_8F77
2025-09-01 17:33:13,121 [INFO] BlockDiagram:2775 - set Specific Code input for plugin: SYS
2025-09-01 17:33:13,121 [INFO] BlockDiagram:2775 - set Specific Code input for plugin: RCC
2025-09-01 17:33:13,121 [INFO] BlockDiagram:2775 - set Specific Code input for plugin: NVIC
2025-09-01 17:33:13,121 [INFO] BlockDiagram:2775 - set Specific Code input for plugin: USART
2025-09-01 17:33:13,121 [INFO] BlockDiagram:2775 - set Specific Code input for plugin: CORTEX_M7
2025-09-01 17:33:13,122 [INFO] BlockDiagram:2775 - set Specific Code input for plugin: GPIO
2025-09-01 17:33:13,123 [INFO] CodeGenerator:892 - code generatio: config db path: E:\STM32CubeIDE_1.19.0\STM32CubeIDE\plugins\com.st.stm32cube.common.mx_6.15.0.202507011659\\db\
2025-09-01 17:33:13,185 [INFO] CodeEngine:265 - oldGeneratedFile, E:\STM32CubeIDE\lab06\MXTmpFiles\license.tmp_save
2025-09-01 17:33:13,348 [INFO] CodeEngine:289 - Generated code: E:\STM32CubeIDE\lab06\MXTmpFiles\license.tmp
2025-09-01 17:33:13,360 [INFO] CodeEngine:265 - oldGeneratedFile, E:\STM32CubeIDE\lab06\Core\Src\gpio.c_save
2025-09-01 17:33:13,457 [INFO] CodeEngine:289 - Generated code: E:\STM32CubeIDE\lab06\Core\Src\gpio.c
2025-09-01 17:33:13,460 [INFO] CodeEngine:265 - oldGeneratedFile, E:\STM32CubeIDE\lab06\Core\Inc\gpio.h_save
2025-09-01 17:33:13,520 [INFO] CodeEngine:289 - Generated code: E:\STM32CubeIDE\lab06\Core\Inc\gpio.h
2025-09-01 17:33:13,572 [INFO] CodeEngine:265 - oldGeneratedFile, E:\STM32CubeIDE\lab06\MXTmpFiles\cortex.tmp_save
2025-09-01 17:33:13,669 [INFO] CodeEngine:289 - Generated code: E:\STM32CubeIDE\lab06\MXTmpFiles\cortex.tmp
2025-09-01 17:33:13,682 [INFO] CodeEngine:265 - oldGeneratedFile, E:\STM32CubeIDE\lab06\Core\Src\tim.c_save
2025-09-01 17:33:13,803 [INFO] CodeEngine:289 - Generated code: E:\STM32CubeIDE\lab06\Core\Src\tim.c
2025-09-01 17:33:13,808 [INFO] CodeEngine:265 - oldGeneratedFile, E:\STM32CubeIDE\lab06\Core\Inc\tim.h_save
2025-09-01 17:33:13,861 [INFO] CodeEngine:289 - Generated code: E:\STM32CubeIDE\lab06\Core\Inc\tim.h
2025-09-01 17:33:13,868 [INFO] CodeEngine:265 - oldGeneratedFile, E:\STM32CubeIDE\lab06\Core\Src\usart.c_save
2025-09-01 17:33:13,965 [INFO] CodeEngine:289 - Generated code: E:\STM32CubeIDE\lab06\Core\Src\usart.c
2025-09-01 17:33:13,968 [INFO] CodeEngine:265 - oldGeneratedFile, E:\STM32CubeIDE\lab06\Core\Inc\usart.h_save
2025-09-01 17:33:14,016 [INFO] CodeEngine:289 - Generated code: E:\STM32CubeIDE\lab06\Core\Inc\usart.h
2025-09-01 17:33:14,032 [INFO] CodeEngine:265 - oldGeneratedFile, E:\STM32CubeIDE\lab06\Core\Src\stm32f7xx_it.c_save
2025-09-01 17:33:14,173 [INFO] CodeEngine:289 - Generated code: E:\STM32CubeIDE\lab06\Core\Src\stm32f7xx_it.c
2025-09-01 17:33:14,184 [INFO] CodeEngine:265 - oldGeneratedFile, E:\STM32CubeIDE\lab06\Core\Inc\stm32f7xx_it.h_save
2025-09-01 17:33:14,234 [INFO] CodeEngine:289 - Generated code: E:\STM32CubeIDE\lab06\Core\Inc\stm32f7xx_it.h
2025-09-01 17:33:14,251 [INFO] CodeEngine:265 - oldGeneratedFile, E:\STM32CubeIDE\lab06\Core\Src\stm32f7xx_hal_msp.c_save
2025-09-01 17:33:14,342 [INFO] CodeEngine:289 - Generated code: E:\STM32CubeIDE\lab06\Core\Src\stm32f7xx_hal_msp.c
2025-09-01 17:33:14,345 [INFO] CodeEngine:265 - oldGeneratedFile, E:\STM32CubeIDE\lab06\MXTmpFiles\system.tmp_save
2025-09-01 17:33:14,385 [INFO] CodeEngine:289 - Generated code: E:\STM32CubeIDE\lab06\MXTmpFiles\system.tmp
2025-09-01 17:33:14,391 [INFO] CodeEngine:321 - oldGeneratedFile, E:\STM32CubeIDE\lab06\Core\Inc\stm32f7xx_hal_conf.h_save
2025-09-01 17:33:14,481 [INFO] CodeEngine:345 - Generated code: E:\STM32CubeIDE\lab06\Core\Inc\stm32f7xx_hal_conf.h
2025-09-01 17:33:14,501 [INFO] CodeEngine:265 - oldGeneratedFile, E:\STM32CubeIDE\lab06\Core\Inc\main.h_save
2025-09-01 17:33:14,581 [INFO] CodeEngine:289 - Generated code: E:\STM32CubeIDE\lab06\Core\Inc\main.h
2025-09-01 17:33:14,584 [INFO] CodeEngine:265 - oldGeneratedFile, E:\STM32CubeIDE\lab06\Core\Src\main.c_save
2025-09-01 17:33:14,639 [INFO] CodeEngine:289 - Generated code: E:\STM32CubeIDE\lab06\Core\Src\main.c
2025-09-01 17:33:14,817 [INFO] ProjectBuilder:3606 - Time for Copy HAL[1] : 75mS.
2025-09-01 17:33:14,818 [INFO] ProjectBuilder:5216 - Project Generator version: 4.7.0-B52
2025-09-01 17:33:14,857 [INFO] ConfigFileManager:1595 - The Die is : DIE451
2025-09-01 17:33:15,213 [INFO] ProjectBuilder:5496 - Time for Generating toolchain IDE Files: 395mS.
2025-09-01 17:33:15,214 [INFO] ProjectBuilder:3463 - Time for Copy CMSIS : 0mS.
2025-09-01 17:33:15,215 [INFO] ProjectBuilder:3463 - Time for Copy CMSIS : 0mS.
2025-09-01 17:36:36,313 [INFO] NvicIntPanel:101 - NVIC parent = com.st.microxplorer.plugins.ip.nvic.MultiNvicIntPanel[,0,0,0x0,invalid,layout=javax.swing.BoxLayout,alignmentX=0.0,alignmentY=0.0,border=,flags=9,maximumSize=,minimumSize=,preferredSize=]
2025-09-01 17:36:40,037 [INFO] NvicIntPanel:101 - NVIC parent = com.st.microxplorer.plugins.ip.nvic.MultiNvicIntPanel[,0,0,0x0,invalid,layout=javax.swing.BoxLayout,alignmentX=0.0,alignmentY=0.0,border=,flags=9,maximumSize=,minimumSize=,preferredSize=]
2025-09-01 17:36:44,366 [INFO] NvicIntPanel:101 - NVIC parent = com.st.microxplorer.plugins.ip.nvic.MultiNvicIntPanel[,0,0,0x0,invalid,layout=javax.swing.BoxLayout,alignmentX=0.0,alignmentY=0.0,border=,flags=9,maximumSize=,minimumSize=,preferredSize=]
2025-09-01 17:36:48,698 [INFO] NvicIntPanel:101 - NVIC parent = com.st.microxplorer.plugins.ip.nvic.MultiNvicIntPanel[,0,0,0x0,invalid,layout=javax.swing.BoxLayout,alignmentX=0.0,alignmentY=0.0,border=,flags=9,maximumSize=,minimumSize=,preferredSize=]
2025-09-01 17:37:22,765 [INFO] NvicIntPanel:101 - NVIC parent = com.st.microxplorer.plugins.ip.nvic.MultiNvicIntPanel[,0,0,0x0,invalid,layout=javax.swing.BoxLayout,alignmentX=0.0,alignmentY=0.0,border=,flags=9,maximumSize=,minimumSize=,preferredSize=]
2025-09-01 17:37:26,575 [INFO] NvicIntPanel:101 - NVIC parent = com.st.microxplorer.plugins.ip.nvic.MultiNvicIntPanel[,0,0,0x0,invalid,layout=javax.swing.BoxLayout,alignmentX=0.0,alignmentY=0.0,border=,flags=9,maximumSize=,minimumSize=,preferredSize=]
2025-09-01 17:40:01,556 [INFO] NvicIntPanel:101 - NVIC parent = com.st.microxplorer.plugins.ip.nvic.MultiNvicIntPanel[,0,0,0x0,invalid,layout=javax.swing.BoxLayout,alignmentX=0.0,alignmentY=0.0,border=,flags=9,maximumSize=,minimumSize=,preferredSize=]
2025-09-01 17:40:08,306 [INFO] NvicIntPanel:101 - NVIC parent = com.st.microxplorer.plugins.ip.nvic.MultiNvicIntPanel[,0,0,0x0,invalid,layout=javax.swing.BoxLayout,alignmentX=0.0,alignmentY=0.0,border=,flags=9,maximumSize=,minimumSize=,preferredSize=]
2025-09-01 17:40:32,977 [INFO] UtilMem:75 - End SaveConfig() Used Memory: 474784336 Bytes (1034944512)
2025-09-01 17:40:33,386 [INFO] UtilMem:75 - End SaveConfig() Used Memory: 524067408 Bytes (1034944512)
2025-09-01 17:40:33,523 [INFO] BlockDiagram:2775 - set Specific Code input for plugin: TIM1_8F77
2025-09-01 17:40:33,523 [INFO] BlockDiagram:2775 - set Specific Code input for plugin: TIM1_8F77
2025-09-01 17:40:33,524 [INFO] BlockDiagram:2775 - set Specific Code input for plugin: SYS
2025-09-01 17:40:33,524 [INFO] BlockDiagram:2775 - set Specific Code input for plugin: RCC
2025-09-01 17:40:33,524 [INFO] BlockDiagram:2775 - set Specific Code input for plugin: NVIC
2025-09-01 17:40:33,524 [INFO] BlockDiagram:2775 - set Specific Code input for plugin: USART
2025-09-01 17:40:33,524 [INFO] BlockDiagram:2775 - set Specific Code input for plugin: CORTEX_M7
2025-09-01 17:40:33,524 [INFO] BlockDiagram:2775 - set Specific Code input for plugin: GPIO
2025-09-01 17:40:33,525 [INFO] CodeGenerator:892 - code generatio: config db path: E:\STM32CubeIDE_1.19.0\STM32CubeIDE\plugins\com.st.stm32cube.common.mx_6.15.0.202507011659\\db\
2025-09-01 17:40:33,581 [INFO] CodeEngine:265 - oldGeneratedFile, E:\STM32CubeIDE\lab06\MXTmpFiles\license.tmp_save
2025-09-01 17:40:33,725 [INFO] CodeEngine:289 - Generated code: E:\STM32CubeIDE\lab06\MXTmpFiles\license.tmp
2025-09-01 17:40:33,739 [INFO] CodeEngine:265 - oldGeneratedFile, E:\STM32CubeIDE\lab06\Core\Src\gpio.c_save
2025-09-01 17:40:33,849 [INFO] CodeEngine:289 - Generated code: E:\STM32CubeIDE\lab06\Core\Src\gpio.c
2025-09-01 17:40:33,853 [INFO] CodeEngine:265 - oldGeneratedFile, E:\STM32CubeIDE\lab06\Core\Inc\gpio.h_save
2025-09-01 17:40:33,915 [INFO] CodeEngine:289 - Generated code: E:\STM32CubeIDE\lab06\Core\Inc\gpio.h
2025-09-01 17:40:33,970 [INFO] CodeEngine:265 - oldGeneratedFile, E:\STM32CubeIDE\lab06\MXTmpFiles\cortex.tmp_save
2025-09-01 17:40:34,056 [INFO] CodeEngine:289 - Generated code: E:\STM32CubeIDE\lab06\MXTmpFiles\cortex.tmp
2025-09-01 17:40:34,068 [INFO] CodeEngine:265 - oldGeneratedFile, E:\STM32CubeIDE\lab06\Core\Src\tim.c_save
2025-09-01 17:40:34,204 [INFO] CodeEngine:289 - Generated code: E:\STM32CubeIDE\lab06\Core\Src\tim.c
2025-09-01 17:40:34,208 [INFO] CodeEngine:265 - oldGeneratedFile, E:\STM32CubeIDE\lab06\Core\Inc\tim.h_save
2025-09-01 17:40:34,247 [INFO] CodeEngine:289 - Generated code: E:\STM32CubeIDE\lab06\Core\Inc\tim.h
2025-09-01 17:40:34,254 [INFO] CodeEngine:265 - oldGeneratedFile, E:\STM32CubeIDE\lab06\Core\Src\usart.c_save
2025-09-01 17:40:34,346 [INFO] CodeEngine:289 - Generated code: E:\STM32CubeIDE\lab06\Core\Src\usart.c
2025-09-01 17:40:34,349 [INFO] CodeEngine:265 - oldGeneratedFile, E:\STM32CubeIDE\lab06\Core\Inc\usart.h_save
2025-09-01 17:40:34,388 [INFO] CodeEngine:289 - Generated code: E:\STM32CubeIDE\lab06\Core\Inc\usart.h
2025-09-01 17:40:34,398 [INFO] CodeEngine:265 - oldGeneratedFile, E:\STM32CubeIDE\lab06\Core\Src\stm32f7xx_it.c_save
2025-09-01 17:40:34,486 [INFO] CodeEngine:289 - Generated code: E:\STM32CubeIDE\lab06\Core\Src\stm32f7xx_it.c
2025-09-01 17:40:34,493 [INFO] CodeEngine:265 - oldGeneratedFile, E:\STM32CubeIDE\lab06\Core\Inc\stm32f7xx_it.h_save
2025-09-01 17:40:34,530 [INFO] CodeEngine:289 - Generated code: E:\STM32CubeIDE\lab06\Core\Inc\stm32f7xx_it.h
2025-09-01 17:40:34,539 [INFO] CodeEngine:265 - oldGeneratedFile, E:\STM32CubeIDE\lab06\Core\Src\stm32f7xx_hal_msp.c_save
2025-09-01 17:40:34,626 [INFO] CodeEngine:289 - Generated code: E:\STM32CubeIDE\lab06\Core\Src\stm32f7xx_hal_msp.c
2025-09-01 17:40:34,629 [INFO] CodeEngine:265 - oldGeneratedFile, E:\STM32CubeIDE\lab06\MXTmpFiles\system.tmp_save
2025-09-01 17:40:34,663 [INFO] CodeEngine:289 - Generated code: E:\STM32CubeIDE\lab06\MXTmpFiles\system.tmp
2025-09-01 17:40:34,671 [INFO] CodeEngine:321 - oldGeneratedFile, E:\STM32CubeIDE\lab06\Core\Inc\stm32f7xx_hal_conf.h_save
2025-09-01 17:40:34,767 [INFO] CodeEngine:345 - Generated code: E:\STM32CubeIDE\lab06\Core\Inc\stm32f7xx_hal_conf.h
2025-09-01 17:40:34,788 [INFO] CodeEngine:265 - oldGeneratedFile, E:\STM32CubeIDE\lab06\Core\Inc\main.h_save
2025-09-01 17:40:34,863 [INFO] CodeEngine:289 - Generated code: E:\STM32CubeIDE\lab06\Core\Inc\main.h
2025-09-01 17:40:34,868 [INFO] CodeEngine:265 - oldGeneratedFile, E:\STM32CubeIDE\lab06\Core\Src\main.c_save
2025-09-01 17:40:34,928 [INFO] CodeEngine:289 - Generated code: E:\STM32CubeIDE\lab06\Core\Src\main.c
2025-09-01 17:40:35,100 [INFO] ProjectBuilder:3606 - Time for Copy HAL[1] : 87mS.
2025-09-01 17:40:35,102 [INFO] ProjectBuilder:5216 - Project Generator version: 4.7.0-B52
2025-09-01 17:40:35,142 [INFO] ConfigFileManager:1595 - The Die is : DIE451
2025-09-01 17:40:35,620 [INFO] ProjectBuilder:5496 - Time for Generating toolchain IDE Files: 517mS.
2025-09-01 17:40:35,620 [INFO] ProjectBuilder:3463 - Time for Copy CMSIS : 0mS.
2025-09-01 17:40:35,622 [INFO] ProjectBuilder:3463 - Time for Copy CMSIS : 0mS.
2025-09-01 18:14:31,713 [INFO] UtilMem:75 - End SaveConfig() Used Memory: 702264520 Bytes (1067450368)
2025-09-01 18:14:31,914 [INFO] BlockDiagram:2775 - set Specific Code input for plugin: TIM1_8F77
2025-09-01 18:14:31,914 [INFO] BlockDiagram:2775 - set Specific Code input for plugin: TIM1_8F77
2025-09-01 18:14:31,914 [INFO] BlockDiagram:2775 - set Specific Code input for plugin: SYS
2025-09-01 18:14:31,914 [INFO] BlockDiagram:2775 - set Specific Code input for plugin: RCC
2025-09-01 18:14:31,914 [INFO] BlockDiagram:2775 - set Specific Code input for plugin: NVIC
2025-09-01 18:14:31,914 [INFO] BlockDiagram:2775 - set Specific Code input for plugin: USART
2025-09-01 18:14:31,915 [INFO] BlockDiagram:2775 - set Specific Code input for plugin: CORTEX_M7
2025-09-01 18:14:31,915 [INFO] BlockDiagram:2775 - set Specific Code input for plugin: GPIO
2025-09-01 18:14:31,916 [INFO] CodeGenerator:892 - code generatio: config db path: E:\STM32CubeIDE_1.19.0\STM32CubeIDE\plugins\com.st.stm32cube.common.mx_6.15.0.202507011659\\db\
2025-09-01 18:14:31,993 [INFO] CodeEngine:265 - oldGeneratedFile, E:\STM32CubeIDE\lab06\MXTmpFiles\license.tmp_save
2025-09-01 18:14:32,159 [INFO] CodeEngine:289 - Generated code: E:\STM32CubeIDE\lab06\MXTmpFiles\license.tmp
2025-09-01 18:14:32,173 [INFO] CodeEngine:265 - oldGeneratedFile, E:\STM32CubeIDE\lab06\Core\Src\gpio.c_save
2025-09-01 18:14:32,277 [INFO] CodeEngine:289 - Generated code: E:\STM32CubeIDE\lab06\Core\Src\gpio.c
2025-09-01 18:14:32,280 [INFO] CodeEngine:265 - oldGeneratedFile, E:\STM32CubeIDE\lab06\Core\Inc\gpio.h_save
2025-09-01 18:14:32,335 [INFO] CodeEngine:289 - Generated code: E:\STM32CubeIDE\lab06\Core\Inc\gpio.h
2025-09-01 18:14:32,391 [INFO] CodeEngine:265 - oldGeneratedFile, E:\STM32CubeIDE\lab06\MXTmpFiles\cortex.tmp_save
2025-09-01 18:14:32,486 [INFO] CodeEngine:289 - Generated code: E:\STM32CubeIDE\lab06\MXTmpFiles\cortex.tmp
2025-09-01 18:14:32,497 [INFO] CodeEngine:265 - oldGeneratedFile, E:\STM32CubeIDE\lab06\Core\Src\tim.c_save
2025-09-01 18:14:32,615 [INFO] CodeEngine:289 - Generated code: E:\STM32CubeIDE\lab06\Core\Src\tim.c
2025-09-01 18:14:32,619 [INFO] CodeEngine:265 - oldGeneratedFile, E:\STM32CubeIDE\lab06\Core\Inc\tim.h_save
2025-09-01 18:14:32,669 [INFO] CodeEngine:289 - Generated code: E:\STM32CubeIDE\lab06\Core\Inc\tim.h
2025-09-01 18:14:32,675 [INFO] CodeEngine:265 - oldGeneratedFile, E:\STM32CubeIDE\lab06\Core\Src\usart.c_save
2025-09-01 18:14:32,795 [INFO] CodeEngine:289 - Generated code: E:\STM32CubeIDE\lab06\Core\Src\usart.c
2025-09-01 18:14:32,799 [INFO] CodeEngine:265 - oldGeneratedFile, E:\STM32CubeIDE\lab06\Core\Inc\usart.h_save
2025-09-01 18:14:32,849 [INFO] CodeEngine:289 - Generated code: E:\STM32CubeIDE\lab06\Core\Inc\usart.h
2025-09-01 18:14:32,860 [INFO] CodeEngine:265 - oldGeneratedFile, E:\STM32CubeIDE\lab06\Core\Src\stm32f7xx_it.c_save
2025-09-01 18:14:32,997 [INFO] CodeEngine:289 - Generated code: E:\STM32CubeIDE\lab06\Core\Src\stm32f7xx_it.c
2025-09-01 18:14:33,000 [INFO] CodeEngine:265 - oldGeneratedFile, E:\STM32CubeIDE\lab06\Core\Inc\stm32f7xx_it.h_save
2025-09-01 18:14:33,037 [INFO] CodeEngine:289 - Generated code: E:\STM32CubeIDE\lab06\Core\Inc\stm32f7xx_it.h
2025-09-01 18:14:33,047 [INFO] CodeEngine:265 - oldGeneratedFile, E:\STM32CubeIDE\lab06\Core\Src\stm32f7xx_hal_msp.c_save
2025-09-01 18:14:33,131 [INFO] CodeEngine:289 - Generated code: E:\STM32CubeIDE\lab06\Core\Src\stm32f7xx_hal_msp.c
2025-09-01 18:14:33,133 [INFO] CodeEngine:265 - oldGeneratedFile, E:\STM32CubeIDE\lab06\MXTmpFiles\system.tmp_save
2025-09-01 18:14:33,167 [INFO] CodeEngine:289 - Generated code: E:\STM32CubeIDE\lab06\MXTmpFiles\system.tmp
2025-09-01 18:14:33,174 [INFO] CodeEngine:321 - oldGeneratedFile, E:\STM32CubeIDE\lab06\Core\Inc\stm32f7xx_hal_conf.h_save
2025-09-01 18:14:33,270 [INFO] CodeEngine:345 - Generated code: E:\STM32CubeIDE\lab06\Core\Inc\stm32f7xx_hal_conf.h
2025-09-01 18:14:33,291 [INFO] CodeEngine:265 - oldGeneratedFile, E:\STM32CubeIDE\lab06\Core\Inc\main.h_save
2025-09-01 18:14:33,377 [INFO] CodeEngine:289 - Generated code: E:\STM32CubeIDE\lab06\Core\Inc\main.h
2025-09-01 18:14:33,380 [INFO] CodeEngine:265 - oldGeneratedFile, E:\STM32CubeIDE\lab06\Core\Src\main.c_save
2025-09-01 18:14:33,441 [INFO] CodeEngine:289 - Generated code: E:\STM32CubeIDE\lab06\Core\Src\main.c
2025-09-01 18:14:33,657 [INFO] ProjectBuilder:3606 - Time for Copy HAL[1] : 85mS.
2025-09-01 18:14:33,659 [INFO] ProjectBuilder:5216 - Project Generator version: 4.7.0-B52
2025-09-01 18:14:33,703 [INFO] ConfigFileManager:1595 - The Die is : DIE451
2025-09-01 18:14:34,065 [INFO] ProjectBuilder:5496 - Time for Generating toolchain IDE Files: 406mS.
2025-09-01 18:14:34,066 [INFO] ProjectBuilder:3463 - Time for Copy CMSIS : 0mS.
2025-09-01 18:14:34,066 [INFO] ProjectBuilder:3463 - Time for Copy CMSIS : 0mS.
2025-09-01 18:15:08,508 [INFO] NvicIntPanel:101 - NVIC parent = com.st.microxplorer.plugins.ip.nvic.MultiNvicIntPanel[,0,0,0x0,invalid,layout=javax.swing.BoxLayout,alignmentX=0.0,alignmentY=0.0,border=,flags=9,maximumSize=,minimumSize=,preferredSize=]
2025-09-01 18:17:08,562 [INFO] NvicIntPanel:101 - NVIC parent = com.st.microxplorer.plugins.ip.nvic.MultiNvicIntPanel[,0,0,0x0,invalid,layout=javax.swing.BoxLayout,alignmentX=0.0,alignmentY=0.0,border=,flags=9,maximumSize=,minimumSize=,preferredSize=]
2025-09-01 18:17:15,578 [INFO] NvicIntPanel:101 - NVIC parent = com.st.microxplorer.plugins.ip.nvic.MultiNvicIntPanel[,0,0,0x0,invalid,layout=javax.swing.BoxLayout,alignmentX=0.0,alignmentY=0.0,border=,flags=9,maximumSize=,minimumSize=,preferredSize=]
2025-09-01 18:17:43,395 [INFO] UtilMem:75 - End SaveConfig() Used Memory: 788913896 Bytes (1067450368)
2025-09-01 18:17:43,650 [INFO] UtilMem:75 - End SaveConfig() Used Memory: 836626152 Bytes (1067450368)
2025-09-01 18:17:43,917 [INFO] UtilMem:75 - End SaveConfig() Used Memory: 882237160 Bytes (1067450368)
2025-09-01 18:17:44,022 [INFO] BlockDiagram:2775 - set Specific Code input for plugin: TIM1_8F77
2025-09-01 18:17:44,022 [INFO] BlockDiagram:2775 - set Specific Code input for plugin: TIM1_8F77
2025-09-01 18:17:44,022 [INFO] BlockDiagram:2775 - set Specific Code input for plugin: SYS
2025-09-01 18:17:44,022 [INFO] BlockDiagram:2775 - set Specific Code input for plugin: RCC
2025-09-01 18:17:44,022 [INFO] BlockDiagram:2775 - set Specific Code input for plugin: NVIC
2025-09-01 18:17:44,022 [INFO] BlockDiagram:2775 - set Specific Code input for plugin: USART
2025-09-01 18:17:44,022 [INFO] BlockDiagram:2775 - set Specific Code input for plugin: CORTEX_M7
2025-09-01 18:17:44,023 [INFO] BlockDiagram:2775 - set Specific Code input for plugin: GPIO
2025-09-01 18:17:44,024 [INFO] CodeGenerator:892 - code generatio: config db path: E:\STM32CubeIDE_1.19.0\STM32CubeIDE\plugins\com.st.stm32cube.common.mx_6.15.0.202507011659\\db\
2025-09-01 18:17:44,088 [INFO] CodeEngine:265 - oldGeneratedFile, E:\STM32CubeIDE\lab06\MXTmpFiles\license.tmp_save
2025-09-01 18:17:44,153 [INFO] CodeEngine:289 - Generated code: E:\STM32CubeIDE\lab06\MXTmpFiles\license.tmp
2025-09-01 18:17:44,169 [INFO] CodeEngine:265 - oldGeneratedFile, E:\STM32CubeIDE\lab06\Core\Src\gpio.c_save
2025-09-01 18:17:44,240 [INFO] CodeEngine:289 - Generated code: E:\STM32CubeIDE\lab06\Core\Src\gpio.c
2025-09-01 18:17:44,242 [INFO] CodeEngine:265 - oldGeneratedFile, E:\STM32CubeIDE\lab06\Core\Inc\gpio.h_save
2025-09-01 18:17:44,276 [INFO] CodeEngine:289 - Generated code: E:\STM32CubeIDE\lab06\Core\Inc\gpio.h
2025-09-01 18:17:44,317 [INFO] CodeEngine:265 - oldGeneratedFile, E:\STM32CubeIDE\lab06\MXTmpFiles\cortex.tmp_save
2025-09-01 18:17:44,379 [INFO] CodeEngine:289 - Generated code: E:\STM32CubeIDE\lab06\MXTmpFiles\cortex.tmp
2025-09-01 18:17:44,385 [INFO] CodeEngine:265 - oldGeneratedFile, E:\STM32CubeIDE\lab06\Core\Src\tim.c_save
2025-09-01 18:17:44,490 [INFO] CodeEngine:289 - Generated code: E:\STM32CubeIDE\lab06\Core\Src\tim.c
2025-09-01 18:17:44,494 [INFO] CodeEngine:265 - oldGeneratedFile, E:\STM32CubeIDE\lab06\Core\Inc\tim.h_save
2025-09-01 18:17:44,534 [INFO] CodeEngine:289 - Generated code: E:\STM32CubeIDE\lab06\Core\Inc\tim.h
2025-09-01 18:17:44,540 [INFO] CodeEngine:265 - oldGeneratedFile, E:\STM32CubeIDE\lab06\Core\Src\usart.c_save
2025-09-01 18:17:44,617 [INFO] CodeEngine:289 - Generated code: E:\STM32CubeIDE\lab06\Core\Src\usart.c
2025-09-01 18:17:44,620 [INFO] CodeEngine:265 - oldGeneratedFile, E:\STM32CubeIDE\lab06\Core\Inc\usart.h_save
2025-09-01 18:17:44,653 [INFO] CodeEngine:289 - Generated code: E:\STM32CubeIDE\lab06\Core\Inc\usart.h
2025-09-01 18:17:44,662 [INFO] CodeEngine:265 - oldGeneratedFile, E:\STM32CubeIDE\lab06\Core\Src\stm32f7xx_it.c_save
2025-09-01 18:17:44,732 [INFO] CodeEngine:289 - Generated code: E:\STM32CubeIDE\lab06\Core\Src\stm32f7xx_it.c
2025-09-01 18:17:44,735 [INFO] CodeEngine:265 - oldGeneratedFile, E:\STM32CubeIDE\lab06\Core\Inc\stm32f7xx_it.h_save
2025-09-01 18:17:44,775 [INFO] CodeEngine:289 - Generated code: E:\STM32CubeIDE\lab06\Core\Inc\stm32f7xx_it.h
2025-09-01 18:17:44,783 [INFO] CodeEngine:265 - oldGeneratedFile, E:\STM32CubeIDE\lab06\Core\Src\stm32f7xx_hal_msp.c_save
2025-09-01 18:17:44,859 [INFO] CodeEngine:289 - Generated code: E:\STM32CubeIDE\lab06\Core\Src\stm32f7xx_hal_msp.c
2025-09-01 18:17:44,861 [INFO] CodeEngine:265 - oldGeneratedFile, E:\STM32CubeIDE\lab06\MXTmpFiles\system.tmp_save
2025-09-01 18:17:44,891 [INFO] CodeEngine:289 - Generated code: E:\STM32CubeIDE\lab06\MXTmpFiles\system.tmp
2025-09-01 18:17:44,897 [INFO] CodeEngine:321 - oldGeneratedFile, E:\STM32CubeIDE\lab06\Core\Inc\stm32f7xx_hal_conf.h_save
2025-09-01 18:17:44,987 [INFO] CodeEngine:345 - Generated code: E:\STM32CubeIDE\lab06\Core\Inc\stm32f7xx_hal_conf.h
2025-09-01 18:17:45,008 [INFO] CodeEngine:265 - oldGeneratedFile, E:\STM32CubeIDE\lab06\Core\Inc\main.h_save
2025-09-01 18:17:45,080 [INFO] CodeEngine:289 - Generated code: E:\STM32CubeIDE\lab06\Core\Inc\main.h
2025-09-01 18:17:45,083 [INFO] CodeEngine:265 - oldGeneratedFile, E:\STM32CubeIDE\lab06\Core\Src\main.c_save
2025-09-01 18:17:45,147 [INFO] CodeEngine:289 - Generated code: E:\STM32CubeIDE\lab06\Core\Src\main.c
2025-09-01 18:17:45,361 [INFO] ProjectBuilder:3606 - Time for Copy HAL[1] : 84mS.
2025-09-01 18:17:45,363 [INFO] ProjectBuilder:5216 - Project Generator version: 4.7.0-B52
2025-09-01 18:17:45,402 [INFO] ConfigFileManager:1595 - The Die is : DIE451
2025-09-01 18:17:45,706 [INFO] ProjectBuilder:5496 - Time for Generating toolchain IDE Files: 343mS.
2025-09-01 18:17:45,707 [INFO] ProjectBuilder:3463 - Time for Copy CMSIS : 0mS.
2025-09-01 18:17:45,708 [INFO] ProjectBuilder:3463 - Time for Copy CMSIS : 0mS.
2025-09-01 18:20:51,177 [INFO] UtilMem:75 - End SaveConfig() Used Memory: 567418560 Bytes (1067450368)
2025-09-01 18:20:51,682 [INFO] UtilMem:75 - End SaveConfig() Used Memory: 909254336 Bytes (1067450368)
2025-09-01 18:20:51,896 [INFO] BlockDiagram:2775 - set Specific Code input for plugin: TIM1_8F77
2025-09-01 18:20:51,896 [INFO] BlockDiagram:2775 - set Specific Code input for plugin: TIM1_8F77
2025-09-01 18:20:51,896 [INFO] BlockDiagram:2775 - set Specific Code input for plugin: SYS
2025-09-01 18:20:51,896 [INFO] BlockDiagram:2775 - set Specific Code input for plugin: RCC
2025-09-01 18:20:51,896 [INFO] BlockDiagram:2775 - set Specific Code input for plugin: NVIC
2025-09-01 18:20:51,896 [INFO] BlockDiagram:2775 - set Specific Code input for plugin: USART
2025-09-01 18:20:51,896 [INFO] BlockDiagram:2775 - set Specific Code input for plugin: CORTEX_M7
2025-09-01 18:20:51,897 [INFO] BlockDiagram:2775 - set Specific Code input for plugin: GPIO
2025-09-01 18:20:51,898 [INFO] CodeGenerator:892 - code generatio: config db path: E:\STM32CubeIDE_1.19.0\STM32CubeIDE\plugins\com.st.stm32cube.common.mx_6.15.0.202507011659\\db\
2025-09-01 18:20:51,964 [INFO] CodeEngine:265 - oldGeneratedFile, E:\STM32CubeIDE\lab06\MXTmpFiles\license.tmp_save
2025-09-01 18:20:52,094 [INFO] CodeEngine:289 - Generated code: E:\STM32CubeIDE\lab06\MXTmpFiles\license.tmp
2025-09-01 18:20:52,107 [INFO] CodeEngine:265 - oldGeneratedFile, E:\STM32CubeIDE\lab06\Core\Src\gpio.c_save
2025-09-01 18:20:52,208 [INFO] CodeEngine:289 - Generated code: E:\STM32CubeIDE\lab06\Core\Src\gpio.c
2025-09-01 18:20:52,212 [INFO] CodeEngine:265 - oldGeneratedFile, E:\STM32CubeIDE\lab06\Core\Inc\gpio.h_save
2025-09-01 18:20:52,271 [INFO] CodeEngine:289 - Generated code: E:\STM32CubeIDE\lab06\Core\Inc\gpio.h
2025-09-01 18:20:52,323 [INFO] CodeEngine:265 - oldGeneratedFile, E:\STM32CubeIDE\lab06\MXTmpFiles\cortex.tmp_save
2025-09-01 18:20:52,411 [INFO] CodeEngine:289 - Generated code: E:\STM32CubeIDE\lab06\MXTmpFiles\cortex.tmp
2025-09-01 18:20:52,421 [INFO] CodeEngine:265 - oldGeneratedFile, E:\STM32CubeIDE\lab06\Core\Src\tim.c_save
2025-09-01 18:20:52,540 [INFO] CodeEngine:289 - Generated code: E:\STM32CubeIDE\lab06\Core\Src\tim.c
2025-09-01 18:20:52,544 [INFO] CodeEngine:265 - oldGeneratedFile, E:\STM32CubeIDE\lab06\Core\Inc\tim.h_save
2025-09-01 18:20:52,598 [INFO] CodeEngine:289 - Generated code: E:\STM32CubeIDE\lab06\Core\Inc\tim.h
2025-09-01 18:20:52,608 [INFO] CodeEngine:265 - oldGeneratedFile, E:\STM32CubeIDE\lab06\Core\Src\usart.c_save
2025-09-01 18:20:52,705 [INFO] CodeEngine:289 - Generated code: E:\STM32CubeIDE\lab06\Core\Src\usart.c
2025-09-01 18:20:52,709 [INFO] CodeEngine:265 - oldGeneratedFile, E:\STM32CubeIDE\lab06\Core\Inc\usart.h_save
2025-09-01 18:20:52,755 [INFO] CodeEngine:289 - Generated code: E:\STM32CubeIDE\lab06\Core\Inc\usart.h
2025-09-01 18:20:52,766 [INFO] CodeEngine:265 - oldGeneratedFile, E:\STM32CubeIDE\lab06\Core\Src\stm32f7xx_it.c_save
2025-09-01 18:20:52,856 [INFO] CodeEngine:289 - Generated code: E:\STM32CubeIDE\lab06\Core\Src\stm32f7xx_it.c
2025-09-01 18:20:52,861 [INFO] CodeEngine:265 - oldGeneratedFile, E:\STM32CubeIDE\lab06\Core\Inc\stm32f7xx_it.h_save
2025-09-01 18:20:52,901 [INFO] CodeEngine:289 - Generated code: E:\STM32CubeIDE\lab06\Core\Inc\stm32f7xx_it.h
2025-09-01 18:20:52,911 [INFO] CodeEngine:265 - oldGeneratedFile, E:\STM32CubeIDE\lab06\Core\Src\stm32f7xx_hal_msp.c_save
2025-09-01 18:20:52,997 [INFO] CodeEngine:289 - Generated code: E:\STM32CubeIDE\lab06\Core\Src\stm32f7xx_hal_msp.c
2025-09-01 18:20:53,000 [INFO] CodeEngine:265 - oldGeneratedFile, E:\STM32CubeIDE\lab06\MXTmpFiles\system.tmp_save
2025-09-01 18:20:53,038 [INFO] CodeEngine:289 - Generated code: E:\STM32CubeIDE\lab06\MXTmpFiles\system.tmp
2025-09-01 18:20:53,045 [INFO] CodeEngine:321 - oldGeneratedFile, E:\STM32CubeIDE\lab06\Core\Inc\stm32f7xx_hal_conf.h_save
2025-09-01 18:20:53,144 [INFO] CodeEngine:345 - Generated code: E:\STM32CubeIDE\lab06\Core\Inc\stm32f7xx_hal_conf.h
2025-09-01 18:20:53,168 [INFO] CodeEngine:265 - oldGeneratedFile, E:\STM32CubeIDE\lab06\Core\Inc\main.h_save
2025-09-01 18:20:53,246 [INFO] CodeEngine:289 - Generated code: E:\STM32CubeIDE\lab06\Core\Inc\main.h
2025-09-01 18:20:53,251 [INFO] CodeEngine:265 - oldGeneratedFile, E:\STM32CubeIDE\lab06\Core\Src\main.c_save
2025-09-01 18:20:53,335 [INFO] CodeEngine:289 - Generated code: E:\STM32CubeIDE\lab06\Core\Src\main.c
2025-09-01 18:20:53,511 [INFO] ProjectBuilder:3606 - Time for Copy HAL[1] : 94mS.
2025-09-01 18:20:53,513 [INFO] ProjectBuilder:5216 - Project Generator version: 4.7.0-B52
2025-09-01 18:20:53,553 [INFO] ConfigFileManager:1595 - The Die is : DIE451
2025-09-01 18:20:54,158 [INFO] ProjectBuilder:5496 - Time for Generating toolchain IDE Files: 645mS.
2025-09-01 18:20:54,158 [INFO] ProjectBuilder:3463 - Time for Copy CMSIS : 0mS.
2025-09-01 18:20:54,159 [INFO] ProjectBuilder:3463 - Time for Copy CMSIS : 0mS.
2025-09-01 18:23:38,064 [INFO] MainUpdater:2872 - connection check result : 10
2025-09-01 18:23:38,064 [INFO] MainUpdater:2872 - connection check result : 10
2025-09-01 18:23:38,103 [INFO] MicroXplorer:468 - Change Database Path : 
2025-09-01 18:23:38,103 [INFO] MicroXplorer:498 - Change Database Version : DB.6.0.150
2025-09-01 18:23:38,125 [ERROR] ProjectManagerView:395 - 
java.lang.NullPointerException: Cannot invoke "javax.swing.JTextField.getText()" because the return value of "java.util.List.get(int)" is null
	at com.st.microxplorer.plugins.projectmanager.gui.ProjectChoiceTab$9.caretUpdate(ProjectChoiceTab.java:2706) ~[filemanager.jar:?]
	at javax.swing.text.JTextComponent.fireCaretUpdate(JTextComponent.java:408) ~[?:?]
	at javax.swing.text.JTextComponent$MutableCaretEvent.fire(JTextComponent.java:4484) ~[?:?]
	at javax.swing.text.JTextComponent$MutableCaretEvent.stateChanged(JTextComponent.java:4506) ~[?:?]
	at javax.swing.text.DefaultCaret.fireStateChanged(DefaultCaret.java:857) ~[?:?]
	at javax.swing.text.DefaultCaret.changeCaretPosition(DefaultCaret.java:1343) ~[?:?]
	at javax.swing.text.DefaultCaret.handleSetDot(DefaultCaret.java:1242) ~[?:?]
	at javax.swing.text.DefaultCaret.setDot(DefaultCaret.java:1223) ~[?:?]
	at javax.swing.text.DefaultCaret$Handler.insertUpdate(DefaultCaret.java:1819) ~[?:?]
	at javax.swing.text.AbstractDocument.fireInsertUpdate(AbstractDocument.java:227) ~[?:?]
	at javax.swing.text.AbstractDocument.handleInsertString(AbstractDocument.java:781) ~[?:?]
	at javax.swing.text.AbstractDocument.insertString(AbstractDocument.java:740) ~[?:?]
	at javax.swing.text.PlainDocument.insertString(PlainDocument.java:131) ~[?:?]
	at javax.swing.text.AbstractDocument.replace(AbstractDocument.java:699) ~[?:?]
	at javax.swing.text.JTextComponent.setText(JTextComponent.java:1725) ~[?:?]
	at com.st.microxplorer.plugins.projectmanager.gui.ProjectChoiceTab.createHeapStackFields(ProjectChoiceTab.java:993) ~[filemanager.jar:?]
	at com.st.microxplorer.plugins.projectmanager.gui.ProjectChoiceTab.buildLinkSettingsPanel(ProjectChoiceTab.java:3813) ~[filemanager.jar:?]
	at com.st.microxplorer.plugins.projectmanager.gui.ProjectChoiceTab.defineWindowsFields(ProjectChoiceTab.java:1987) ~[filemanager.jar:?]
	at com.st.microxplorer.plugins.projectmanager.gui.ProjectChoiceTab.updateSettings(ProjectChoiceTab.java:558) ~[filemanager.jar:?]
	at com.st.microxplorer.plugins.projectmanager.gui.ProjectSettingsPanel.UpdateDialog(ProjectSettingsPanel.java:247) ~[filemanager.jar:?]
	at com.st.microxplorer.plugins.projectmanager.ProjectManagerView.propertyChange(ProjectManagerView.java:392) ~[filemanager.jar:?]
	at java.beans.PropertyChangeSupport.fire(PropertyChangeSupport.java:343) ~[?:?]
	at java.beans.PropertyChangeSupport.firePropertyChange(PropertyChangeSupport.java:335) ~[?:?]
	at java.beans.PropertyChangeSupport.firePropertyChange(PropertyChangeSupport.java:268) ~[?:?]
	at com.st.microxplorer.util.MXPropertyChangeSupport.firePropertyChange(MXPropertyChangeSupport.java:54) ~[STM32CubeMX.jar:?]
	at com.st.microxplorer.mxsystem.MxSystem.closeConfig(MxSystem.java:899) ~[STM32CubeMX.jar:?]
	at com.st.microxplorer.maingui.MainPanel.closeConfig(MainPanel.java:792) ~[STM32CubeMX.jar:?]
	at com.st.microxplorer.plugins.filemanager.engine.OpenFileManager.loadConfigurationFile(OpenFileManager.java:288) ~[filemanager.jar:?]
	at com.st.microxplorer.plugins.filemanager.engine.MainFileManager.userLoadConfig(MainFileManager.java:364) ~[filemanager.jar:?]
	at com.st.microxplorer.plugins.filemanager.engine.MainFileManager.userLoadConfig(MainFileManager.java:342) ~[filemanager.jar:?]
	at com.st.microxplorer.plugins.filemanager.FileManagerView.getSpecificTask(FileManagerView.java:264) ~[filemanager.jar:?]
	at com.st.stm32cube.common.mx.editor.CubeMxEditor.getMxTabbedPaneInstance(CubeMxEditor.java:1198) ~[com.st.stm32cube.common.mx_6.15.0.202507011659/:?]
	at com.st.stm32cube.common.mx.editor.CubeMxEditor$12$1.createSwingComponent(CubeMxEditor.java:1068) ~[com.st.stm32cube.common.mx_6.15.0.202507011659/:?]
	at com.st.stm32cube.common.mx.oss.core.awtswtbridge.EmbeddedSwingComposite.doComponentCreation(EmbeddedSwingComposite.java:492) ~[com.st.stm32cube.common.mx.oss_6.15.0.202507011659/:?]
	at com.st.stm32cube.common.mx.oss.core.awtswtbridge.EmbeddedSwingComposite$4.run(EmbeddedSwingComposite.java:291) ~[com.st.stm32cube.common.mx.oss_6.15.0.202507011659/:?]
	at com.st.stm32cube.common.mx.oss.core.awtswtbridge.AwtEnvironment$2.run(AwtEnvironment.java:166) ~[com.st.stm32cube.common.mx.oss_6.15.0.202507011659/:?]
	at java.awt.event.InvocationEvent.dispatch(InvocationEvent.java:318) ~[?:?]
	at java.awt.EventQueue.dispatchEventImpl(EventQueue.java:773) ~[?:?]
	at java.awt.EventQueue$4.run(EventQueue.java:720) ~[?:?]
	at java.awt.EventQueue$4.run(EventQueue.java:714) ~[?:?]
	at java.security.AccessController.doPrivileged(AccessController.java:400) ~[?:?]
	at java.security.ProtectionDomain$JavaSecurityAccessImpl.doIntersectionPrivilege(ProtectionDomain.java:87) ~[?:?]
	at java.awt.EventQueue.dispatchEvent(EventQueue.java:742) ~[?:?]
	at java.awt.EventDispatchThread.pumpOneEventForFilters(EventDispatchThread.java:203) ~[?:?]
	at java.awt.EventDispatchThread.pumpEventsForFilter(EventDispatchThread.java:124) ~[?:?]
	at java.awt.EventDispatchThread.pumpEventsForHierarchy(EventDispatchThread.java:113) ~[?:?]
	at java.awt.EventDispatchThread.pumpEvents(EventDispatchThread.java:109) ~[?:?]
	at java.awt.EventDispatchThread.pumpEvents(EventDispatchThread.java:101) ~[?:?]
	at java.awt.EventDispatchThread.run(EventDispatchThread.java:90) ~[?:?]
2025-09-01 18:23:38,128 [WARN] ThirdParty:871 - waiting for thirdparty lock release [close project]
2025-09-01 18:23:38,128 [INFO] ThirdParty:873 - entering critical section [close project]
2025-09-01 18:23:38,128 [INFO] ThirdParty:883 - exiting critical section [close project]
2025-09-01 18:23:38,129 [INFO] PinOutPanel:1589 - setPackage(No Configuration,No Configuration)
2025-09-01 18:23:38,137 [WARN] IpParametersView:155 - Warning: This peripheral hasn't parameters
2025-09-01 18:23:38,142 [WARN] MainPanel:289 - <html><b><center>Warning: This peripheral has no parameters to be configured<br></b></html>
2025-09-01 18:23:38,146 [INFO] UtilMem:75 - Begin LoadConfig() Used Memory: 493832920 Bytes (1067450368)
2025-09-01 18:23:38,147 [INFO] MicroXplorer:468 - Change Database Path : 
2025-09-01 18:23:38,147 [INFO] MicroXplorer:498 - Change Database Version : DB.6.0.150
2025-09-01 18:23:38,147 [INFO] OpenFileManager:355 - Change cursor
2025-09-01 18:23:38,173 [INFO] RulesReader:64 - Compatibility file has been processed (317 Rules)
2025-09-01 18:23:38,186 [INFO] Mcu:2029 - Initializing MCU STM32F767ZITx STM32F767ZITx STM32F767ZIT6
2025-09-01 18:23:39,871 [INFO] Context:786 - Trying to add GPIOservice into a context  which must be forbidden
2025-09-01 18:23:40,468 [INFO] ImportTextPane:234 - (OptionalMessage_ERROR) Pin9 (VP_RIF_VS_RIF1) cannot be retrieved for this MCU
2025-09-01 18:23:40,507 [INFO] RtosManager:558 - Registered RTOS mode: class=CMSIS, group=RTOS, mode=CMSIS_V1, owner=FREERTOS
2025-09-01 18:23:40,507 [INFO] RtosManager:558 - Registered RTOS mode: class=CMSIS, group=RTOS2, mode=CMSIS_V2, owner=FREERTOS
2025-09-01 18:23:40,507 [INFO] RtosManager:558 - Registered RTOS mode: class=RTOS, group=Core, mode=CMSIS_V1, owner=FREERTOS
2025-09-01 18:23:40,507 [INFO] RtosManager:558 - Registered RTOS mode: class=RTOS, group=Core, mode=CMSIS_V2, owner=FREERTOS
2025-09-01 18:23:40,507 [WARN] ModelIntegratedComponent:184 - Missing modes for component STMicroelectronics:FreeRTOS:0.0.1:STMicroelectronics:RTOS:FreeRTOS:Core:::10.2.0:
2025-09-01 18:23:40,519 [WARN] ModelIntegratedComponent:63 - No mode defined for component null
2025-09-01 18:23:40,520 [WARN] ModelIntegratedComponent:63 - No mode defined for component null
2025-09-01 18:23:40,520 [WARN] ModelIntegratedComponent:63 - No mode defined for component null
2025-09-01 18:23:40,520 [WARN] ModelIntegratedComponent:63 - No mode defined for component null
2025-09-01 18:23:40,520 [WARN] ModelIntegratedComponent:63 - No mode defined for component null
2025-09-01 18:23:40,520 [WARN] ModelIntegratedComponent:63 - No mode defined for component null
2025-09-01 18:23:40,520 [WARN] ModelIntegratedComponent:63 - No mode defined for component null
2025-09-01 18:23:40,520 [WARN] ModelIntegratedComponent:63 - No mode defined for component null
2025-09-01 18:23:40,520 [WARN] ModelIntegratedComponent:63 - No mode defined for component null
2025-09-01 18:23:40,520 [WARN] ModelIntegratedComponent:63 - No mode defined for component null
2025-09-01 18:23:40,520 [WARN] ModelIntegratedComponent:63 - No mode defined for component null
2025-09-01 18:23:40,520 [WARN] ModelIntegratedComponent:63 - No mode defined for component null
2025-09-01 18:23:40,520 [WARN] ModelIntegratedComponent:63 - No mode defined for component null
2025-09-01 18:23:40,520 [WARN] ModelIntegratedComponent:63 - No mode defined for component null
2025-09-01 18:23:40,520 [WARN] ModelIntegratedComponent:63 - No mode defined for component null
2025-09-01 18:23:40,520 [WARN] ModelIntegratedComponent:63 - No mode defined for component null
2025-09-01 18:23:40,520 [WARN] ModelIntegratedComponent:63 - No mode defined for component null
2025-09-01 18:23:40,520 [WARN] ModelIntegratedComponent:63 - No mode defined for component null
2025-09-01 18:23:40,520 [WARN] ModelIntegratedComponent:63 - No mode defined for component null
2025-09-01 18:23:40,520 [WARN] ModelIntegratedComponent:63 - No mode defined for component null
2025-09-01 18:23:40,520 [WARN] ModelIntegratedComponent:63 - No mode defined for component null
2025-09-01 18:23:40,520 [WARN] ModelIntegratedComponent:63 - No mode defined for component null
2025-09-01 18:23:40,520 [WARN] ModelIntegratedComponent:63 - No mode defined for component null
2025-09-01 18:23:40,520 [WARN] ModelIntegratedComponent:63 - No mode defined for component null
2025-09-01 18:23:40,520 [WARN] ModelIntegratedComponent:63 - No mode defined for component null
2025-09-01 18:23:40,520 [WARN] ModelIntegratedComponent:63 - No mode defined for component null
2025-09-01 18:23:40,520 [WARN] ModelIntegratedComponent:63 - No mode defined for component null
2025-09-01 18:23:40,520 [WARN] ModelIntegratedComponent:63 - No mode defined for component null
2025-09-01 18:23:40,520 [WARN] ModelIntegratedComponent:63 - No mode defined for component null
2025-09-01 18:23:40,520 [WARN] ModelIntegratedComponent:63 - No mode defined for component null
2025-09-01 18:23:40,520 [WARN] ModelIntegratedComponent:63 - No mode defined for component null
2025-09-01 18:23:40,520 [WARN] ModelIntegratedComponent:63 - No mode defined for component null
2025-09-01 18:23:40,520 [WARN] ModelIntegratedComponent:63 - No mode defined for component null
2025-09-01 18:23:40,520 [WARN] ModelIntegratedComponent:63 - No mode defined for component null
2025-09-01 18:23:40,520 [WARN] ModelIntegratedComponent:63 - No mode defined for component null
2025-09-01 18:23:40,520 [WARN] ModelPack:524 - Component already loaded: STMicroelectronics:HAL Drivers:0.0.0:STMicroelectronics:Device:STMicro_Driver:XSPI:HAL::0.0.1:HAL_XSPI
2025-09-01 18:23:40,652 [INFO] ThirdPartyModel:298 - Start build external matchings
2025-09-01 18:23:40,893 [INFO] ThirdPartyModel:316 - End build external matchings
2025-09-01 18:23:40,914 [INFO] ImportTextPane:234 - (OptionalMessage_ERROR) IP (DMA) : Parameter (Instance) has Id (ADC1) currently not set
2025-09-01 18:23:40,914 [INFO] ImportTextPane:234 - (OptionalMessage_ERROR) IP (DMA) : Parameter (Channel) has Id (ADC1) currently not set
2025-09-01 18:23:40,914 [INFO] ImportTextPane:234 - (OptionalMessage_ERROR) IP (DMA) : Parameter (Direction) has Id (ADC1) currently not set
2025-09-01 18:23:40,914 [INFO] ImportTextPane:234 - (OptionalMessage_ERROR) IP (DMA) : Parameter (PeriphInc) has Id (ADC1) currently not set
2025-09-01 18:23:40,914 [INFO] ImportTextPane:234 - (OptionalMessage_ERROR) IP (DMA) : Parameter (MemInc) has Id (ADC1) currently not set
2025-09-01 18:23:40,915 [INFO] ImportTextPane:234 - (OptionalMessage_ERROR) IP (DMA) : Parameter (PeriphDataAlignment) has Id (ADC1) currently not set
2025-09-01 18:23:40,915 [INFO] ImportTextPane:234 - (OptionalMessage_ERROR) IP (DMA) : Parameter (MemDataAlignment) has Id (ADC1) currently not set
2025-09-01 18:23:40,915 [INFO] ImportTextPane:234 - (OptionalMessage_ERROR) IP (DMA) : Parameter (Mode) has Id (ADC1) currently not set
2025-09-01 18:23:40,915 [INFO] ImportTextPane:234 - (OptionalMessage_ERROR) IP (DMA) : Parameter (Priority) has Id (ADC1) currently not set
2025-09-01 18:23:40,915 [INFO] ImportTextPane:234 - (OptionalMessage_ERROR) IP (DMA) : Parameter (FIFOMode) has Id (ADC1) currently not set
2025-09-01 18:23:41,210 [INFO] UtilMem:75 - End LoadConfig() Used Memory: 937861720 Bytes (1067450368)
2025-09-01 18:23:41,245 [WARN] ThirdParty:833 - waiting for thirdparty lock release [change project]
2025-09-01 18:23:41,245 [INFO] ThirdParty:835 - entering critical section [change project]
2025-09-01 18:23:41,245 [INFO] ThirdParty:1030 - CMSIS Pack Vendor :STMicroelectronics X-CUBE-PM33A1 1.0.0
2025-09-01 18:23:41,245 [INFO] ThirdParty:1030 - CMSIS Pack Vendor :STMicroelectronics USBPD 4.1
2025-09-01 18:23:41,245 [INFO] ThirdParty:1030 - CMSIS Pack Vendor :STMicroelectronics X-CUBE-NFC9 1.0.0
2025-09-01 18:23:41,245 [INFO] ThirdParty:1030 - CMSIS Pack Vendor :wolfSSL I-CUBE-wolfSSL 5.8.0
2025-09-01 18:23:41,245 [INFO] ThirdParty:1030 - CMSIS Pack Vendor :STMicroelectronics USB_HOST 2.0.0
2025-09-01 18:23:41,245 [INFO] ThirdParty:1030 - CMSIS Pack Vendor :STMicroelectronics FP-SNS-MOTENVWB1 1.4.0
2025-09-01 18:23:41,245 [INFO] ThirdParty:1030 - CMSIS Pack Vendor :STMicroelectronics X-CUBE-AZRTOS-F4 1.1.0
2025-09-01 18:23:41,245 [INFO] ThirdParty:1030 - CMSIS Pack Vendor :STMicroelectronics LIBJPEG 8.0.0
2025-09-01 18:23:41,245 [INFO] ThirdParty:1030 - CMSIS Pack Vendor :STMicroelectronics FP-ATR-ASTRA1 2.0.2
2025-09-01 18:23:41,245 [INFO] ThirdParty:1030 - CMSIS Pack Vendor :wolfSSL I-CUBE-wolfSSL 5.8.2
2025-09-01 18:23:41,245 [INFO] ThirdParty:1030 - CMSIS Pack Vendor :STMicroelectronics X-CUBE-BLE1 7.1.0
2025-09-01 18:23:41,245 [INFO] ThirdParty:1030 - CMSIS Pack Vendor :Avnet-IotConnect X-CUBE-IoTC-DA16k-PMOD 1.0.0
2025-09-01 18:23:41,245 [INFO] ThirdParty:1030 - CMSIS Pack Vendor :STMicroelectronics X-CUBE-SMBUS 2.1.0
2025-09-01 18:23:41,245 [INFO] ThirdParty:1030 - CMSIS Pack Vendor :wolfSSL I-CUBE-wolfMQTT 1.19.2
2025-09-01 18:23:41,245 [INFO] ThirdParty:1030 - CMSIS Pack Vendor :STMicroelectronics USB_DEVICE 3.0.0
2025-09-01 18:23:41,245 [INFO] ThirdParty:1030 - CMSIS Pack Vendor :STMicroelectronics X-CUBE-ISPU 2.1.0
2025-09-01 18:23:41,245 [INFO] ThirdParty:1030 - CMSIS Pack Vendor :STMicroelectronics X-CUBE-EEPRMA1 5.2.0
2025-09-01 18:23:41,245 [INFO] ThirdParty:1030 - CMSIS Pack Vendor :STMicroelectronics X-CUBE-BLEMGR 4.1.0
2025-09-01 18:23:41,245 [INFO] ThirdParty:1030 - CMSIS Pack Vendor :STMicroelectronics X-CUBE-AZRTOS-WB 2.0.0
2025-09-01 18:23:41,246 [INFO] ThirdParty:1030 - CMSIS Pack Vendor :STMicroelectronics X-CUBE-ST60 1.0.0
2025-09-01 18:23:41,246 [INFO] ThirdParty:1030 - CMSIS Pack Vendor :STMicroelectronics X-CUBE-GNSS1 7.0.1
2025-09-01 18:23:41,246 [INFO] ThirdParty:1030 - CMSIS Pack Vendor :STMicroelectronics X-CUBE-NFC12 1.0.0
2025-09-01 18:23:41,246 [INFO] ThirdParty:1030 - CMSIS Pack Vendor :STMicroelectronics X-CUBE-AZRTOS-F7 1.1.0
2025-09-01 18:23:41,246 [INFO] ThirdParty:1030 - CMSIS Pack Vendor :STMicroelectronics X-CUBE-AZRTOS-L5 2.0.0
2025-09-01 18:23:41,246 [INFO] ThirdParty:1030 - CMSIS Pack Vendor :STMicroelectronics X-CUBE-TOUCHGFX 4.25.0
2025-09-01 18:23:41,246 [INFO] ThirdParty:1030 - CMSIS Pack Vendor :STMicroelectronics USB_DEVICE 2.0.0
2025-09-01 18:23:41,246 [INFO] ThirdParty:1030 - CMSIS Pack Vendor :STMicroelectronics X-CUBE-NFC6 3.1.0
2025-09-01 18:23:41,246 [INFO] ThirdParty:1030 - CMSIS Pack Vendor :STMicroelectronics X-CUBE-AI 10.1.0
2025-09-01 18:23:41,246 [INFO] ThirdParty:1030 - CMSIS Pack Vendor :STMicroelectronics FP-SNS-STBOX1 2.0.0
2025-09-01 18:23:41,246 [INFO] ThirdParty:1030 - CMSIS Pack Vendor :quantropi X-CUBE-qispace-sdk-base 2.1.0
2025-09-01 18:23:41,246 [INFO] ThirdParty:1030 - CMSIS Pack Vendor :STMicroelectronics FreeRTOS 0.0.1
2025-09-01 18:23:41,246 [INFO] ThirdParty:1030 - CMSIS Pack Vendor :STMicroelectronics X-CUBE-AZRTOS-G0 1.1.0
2025-09-01 18:23:41,246 [INFO] ThirdParty:1030 - CMSIS Pack Vendor :STMicroelectronics X-CUBE-SAFEA1 1.2.2
2025-09-01 18:23:41,246 [INFO] ThirdParty:1030 - CMSIS Pack Vendor :STMicroelectronics X-CUBE-NFC4 3.0.0
2025-09-01 18:23:41,246 [INFO] ThirdParty:1030 - CMSIS Pack Vendor :STMicroelectronics X-CUBE-SUBG2 5.0.0
2025-09-01 18:23:41,246 [INFO] ThirdParty:1030 - CMSIS Pack Vendor :STMicroelectronics X-CUBE-AZRTOS-H7RS 1.1.0
2025-09-01 18:23:41,246 [INFO] ThirdParty:1030 - CMSIS Pack Vendor :STMicroelectronics STM32_WPAN 1.0.0
2025-09-01 18:23:41,246 [INFO] ThirdParty:1030 - CMSIS Pack Vendor :EmbeddedOffice I-CUBE-FS-RTOS 1.0.1
2025-09-01 18:23:41,246 [INFO] ThirdParty:1030 - CMSIS Pack Vendor :STMicroelectronics lwIP 2.0.3
2025-09-01 18:23:41,246 [INFO] ThirdParty:1030 - CMSIS Pack Vendor :Cesanta I-CUBE-Mongoose 7.13.0
2025-09-01 18:23:41,246 [INFO] ThirdParty:1030 - CMSIS Pack Vendor :STMicroelectronics USB_HOST 1.0.0
2025-09-01 18:23:41,246 [INFO] ThirdParty:1030 - CMSIS Pack Vendor :Infineon AIROC-Wi-Fi-Bluetooth-STM32 1.7.1
2025-09-01 18:23:41,246 [INFO] ThirdParty:1030 - CMSIS Pack Vendor :STMicroelectronics X-CUBE-AZRTOS-G4 2.0.0
2025-09-01 18:23:41,246 [INFO] ThirdParty:1030 - CMSIS Pack Vendor :STMicroelectronics X-CUBE-WB05N 2.0.0
2025-09-01 18:23:41,247 [INFO] ThirdParty:1030 - CMSIS Pack Vendor :STMicroelectronics PDM2PCM 3.1.0
2025-09-01 18:23:41,247 [INFO] ThirdParty:1030 - CMSIS Pack Vendor :STMicroelectronics PDM2PCM 3.3.0
2025-09-01 18:23:41,247 [INFO] ThirdParty:1030 - CMSIS Pack Vendor :wolfSSL I-CUBE-wolfTPM 3.8.0
2025-09-01 18:23:41,247 [INFO] ThirdParty:1030 - CMSIS Pack Vendor :STMicroelectronics X-CUBE-AZRTOS-H7 3.4.0
2025-09-01 18:23:41,247 [INFO] ThirdParty:1030 - CMSIS Pack Vendor :STMicroelectronics X-CUBE-DISPLAY 3.0.0
2025-09-01 18:23:41,247 [INFO] ThirdParty:1030 - CMSIS Pack Vendor :wolfSSL I-CUBE-wolfSSH 1.4.20
2025-09-01 18:23:41,247 [INFO] ThirdParty:1030 - CMSIS Pack Vendor :STMicroelectronics X-CUBE-NFC7 2.0.0
2025-09-01 18:23:41,247 [INFO] ThirdParty:1030 - CMSIS Pack Vendor :STMicroelectronics X-CUBE-TCPP 4.2.0
2025-09-01 18:23:41,247 [INFO] ThirdParty:1030 - CMSIS Pack Vendor :RealThread X-CUBE-RT-Thread_Nano 4.1.1
2025-09-01 18:23:41,247 [INFO] ThirdParty:1030 - CMSIS Pack Vendor :STMicroelectronics FP-ATR-SIGFOX1 3.2.0
2025-09-01 18:23:41,247 [INFO] ThirdParty:1030 - CMSIS Pack Vendor :STMicroelectronics X-CUBE-NFC10 1.0.0
2025-09-01 18:23:41,247 [INFO] ThirdParty:1030 - CMSIS Pack Vendor :STMicroelectronics X-CUBE-FREERTOS 1.3.1
2025-09-01 18:23:41,247 [INFO] ThirdParty:1030 - CMSIS Pack Vendor :STMicroelectronics HAL Drivers 0.0.0
2025-09-01 18:23:41,247 [INFO] ThirdParty:1030 - CMSIS Pack Vendor :STMicroelectronics MBEDTLS 2.16.2
2025-09-01 18:23:41,248 [INFO] ThirdParty:1030 - CMSIS Pack Vendor :STMicroelectronics X-CUBE-IPS 3.1.0
2025-09-01 18:23:41,248 [INFO] ThirdParty:1030 - CMSIS Pack Vendor :STMicroelectronics X-CUBE-ALS 1.0.2
2025-09-01 18:23:41,248 [INFO] ThirdParty:1030 - CMSIS Pack Vendor :emotas I-CUBE-CANOPEN 1.3.0
2025-09-01 18:23:41,248 [INFO] ThirdParty:1030 - CMSIS Pack Vendor :STMicroelectronics MBEDTLS 2.14.1
2025-09-01 18:23:41,248 [INFO] ThirdParty:1030 - CMSIS Pack Vendor :ITTIA_DB I-CUBE-ITTIADB 8.9.0
2025-09-01 18:23:41,248 [INFO] ThirdParty:1030 - CMSIS Pack Vendor :portGmbH I-Cube-SoM-uGOAL 1.1.0
2025-09-01 18:23:41,248 [INFO] ThirdParty:1030 - CMSIS Pack Vendor :STMicroelectronics X-CUBE-ST67W61 1.0.0
2025-09-01 18:23:41,248 [INFO] ThirdParty:1030 - CMSIS Pack Vendor :STMicroelectronics FP-SNS-STBOX1 2.1.0
2025-09-01 18:23:41,248 [INFO] ThirdParty:1030 - CMSIS Pack Vendor :STMicroelectronics X-CUBE-AI 10.2.0
2025-09-01 18:23:41,248 [INFO] ThirdParty:1030 - CMSIS Pack Vendor :STMicroelectronics FP-SNS-STAIOTCFT 1.0.0
2025-09-01 18:23:41,248 [INFO] ThirdParty:1030 - CMSIS Pack Vendor :STMicroelectronics ThreadX 1.0.0
2025-09-01 18:23:41,248 [INFO] ThirdParty:1030 - CMSIS Pack Vendor :STMicroelectronics FP-SNS-SMARTAG2 1.2.0
2025-09-01 18:23:41,248 [INFO] ThirdParty:1030 - CMSIS Pack Vendor :STMicroelectronics FP-SNS-FLIGHT1 5.1.0
2025-09-01 18:23:41,248 [INFO] ThirdParty:1030 - CMSIS Pack Vendor :STMicroelectronics X-CUBE-AZRTOS-WL 2.0.0
2025-09-01 18:23:41,248 [INFO] ThirdParty:1030 - CMSIS Pack Vendor :SEGGER I-CUBE-embOS 1.3.1
2025-09-01 18:23:41,248 [INFO] ThirdParty:1030 - CMSIS Pack Vendor :STMicroelectronics X-CUBE-ALGOBUILD 1.4.0
2025-09-01 18:23:41,248 [INFO] ThirdParty:1030 - CMSIS Pack Vendor :STMicroelectronics X-CUBE-DPower 1.3.0
2025-09-01 18:23:41,248 [INFO] ThirdParty:1030 - CMSIS Pack Vendor :STMicroelectronics X-CUBE-MEMS1 11.3.0
2025-09-01 18:23:41,248 [INFO] ThirdParty:1030 - CMSIS Pack Vendor :STMicroelectronics FP-SNS-MOTENV1 5.0.0
2025-09-01 18:23:41,248 [INFO] ThirdParty:1030 - CMSIS Pack Vendor :STMicroelectronics USB_DEVICE 1.0.0
2025-09-01 18:23:41,248 [INFO] ThirdParty:1030 - CMSIS Pack Vendor :STMicroelectronics X-CUBE-AZRTOS-L4 2.0.0
2025-09-01 18:23:41,248 [INFO] ThirdParty:1030 - CMSIS Pack Vendor :STMicroelectronics ThreadX 0.0.2
2025-09-01 18:23:41,248 [INFO] ThirdParty:1030 - CMSIS Pack Vendor :WES I-CUBE-Cesium 1.3.0
2025-09-01 18:23:41,248 [INFO] ThirdParty:1030 - CMSIS Pack Vendor :STMicroelectronics lwIP 2.1.2
2025-09-01 18:23:41,248 [INFO] ThirdParty:1030 - CMSIS Pack Vendor :STMicroelectronics X-CUBE-SFXS2LP1 4.0.0
2025-09-01 18:23:41,248 [INFO] ThirdParty:1030 - CMSIS Pack Vendor :STMicroelectronics X-CUBE-BLE2 3.3.0
2025-09-01 18:23:41,248 [INFO] ThirdParty:1030 - CMSIS Pack Vendor :STMicroelectronics X-CUBE-TOF1 3.4.3
2025-09-01 18:23:41,248 [INFO] ThirdParty:1030 - CMSIS Pack Vendor :STMicroelectronics PDM2PCM 3.2.0
2025-09-01 18:23:41,248 [INFO] ThirdParty:841 - exiting critical section [change project]
2025-09-01 18:23:41,385 [INFO] PinOutPanel:1589 - setPackage(No Configuration,No Configuration)
2025-09-01 18:23:41,386 [INFO] PinOutPanel:1589 - setPackage(STM32F767ZITx,LQFP144)
2025-09-01 18:23:41,640 [INFO] UtilMem:75 - Before build in PCC Used Memory: 459386184 Bytes (1067450368)
2025-09-01 18:23:41,833 [INFO] UtilMem:75 - After build in PCC Used Memory: 511814984 Bytes (1067450368)
2025-09-01 18:23:41,846 [INFO] IPUIPlugin:80 - create IPUIPlugin
2025-09-01 18:23:41,846 [INFO] IPUIPlugin:80 - create IPUIPlugin
2025-09-01 18:23:41,846 [INFO] IPUIPlugin:80 - create IPUIPlugin
2025-09-01 18:23:41,846 [INFO] IPUIPlugin:80 - create IPUIPlugin
2025-09-01 18:23:41,846 [INFO] IPUIPlugin:80 - create IPUIPlugin
2025-09-01 18:23:41,846 [INFO] IPUIPlugin:80 - create IPUIPlugin
2025-09-01 18:23:41,847 [INFO] IPUIPlugin:80 - create IPUIPlugin
2025-09-01 18:23:41,847 [INFO] IPUIPlugin:80 - create IPUIPlugin
2025-09-01 18:23:41,847 [INFO] IPUIPlugin:80 - create IPUIPlugin
2025-09-01 18:23:41,847 [INFO] IPUIPlugin:80 - create IPUIPlugin
2025-09-01 18:23:41,847 [INFO] IPUIPlugin:80 - create IPUIPlugin
2025-09-01 18:23:41,847 [INFO] IPUIPlugin:80 - create IPUIPlugin
2025-09-01 18:23:41,847 [INFO] IPUIPlugin:80 - create IPUIPlugin
2025-09-01 18:23:41,847 [INFO] IPUIPlugin:80 - create IPUIPlugin
2025-09-01 18:23:41,847 [INFO] IPUIPlugin:80 - create IPUIPlugin
2025-09-01 18:23:41,848 [INFO] IPUIPlugin:80 - create IPUIPlugin
2025-09-01 18:23:41,848 [INFO] IPUIPlugin:80 - create IPUIPlugin
2025-09-01 18:23:41,848 [INFO] IPUIPlugin:80 - create IPUIPlugin
2025-09-01 18:23:41,848 [INFO] IPUIPlugin:80 - create IPUIPlugin
2025-09-01 18:23:41,848 [INFO] IPUIPlugin:80 - create IPUIPlugin
2025-09-01 18:23:41,848 [INFO] IPUIPlugin:80 - create IPUIPlugin
2025-09-01 18:23:41,848 [INFO] IPUIPlugin:80 - create IPUIPlugin
2025-09-01 18:23:41,848 [INFO] IPUIPlugin:80 - create IPUIPlugin
2025-09-01 18:23:41,848 [INFO] IPUIPlugin:80 - create IPUIPlugin
2025-09-01 18:23:41,848 [INFO] IPUIPlugin:80 - create IPUIPlugin
2025-09-01 18:23:41,849 [INFO] IPUIPlugin:80 - create IPUIPlugin
2025-09-01 18:23:41,849 [INFO] IPUIPlugin:80 - create IPUIPlugin
2025-09-01 18:23:41,849 [INFO] IPUIPlugin:80 - create IPUIPlugin
2025-09-01 18:23:41,849 [INFO] IPUIPlugin:80 - create IPUIPlugin
2025-09-01 18:23:41,849 [INFO] IPUIPlugin:80 - create IPUIPlugin
2025-09-01 18:23:41,849 [INFO] IPUIPlugin:80 - create IPUIPlugin
2025-09-01 18:23:41,849 [INFO] IPUIPlugin:80 - create IPUIPlugin
2025-09-01 18:23:41,849 [INFO] IPUIPlugin:80 - create IPUIPlugin
2025-09-01 18:23:41,849 [INFO] IPUIPlugin:80 - create IPUIPlugin
2025-09-01 18:23:41,849 [INFO] IPUIPlugin:80 - create IPUIPlugin
2025-09-01 18:23:41,849 [INFO] IPUIPlugin:80 - create IPUIPlugin
2025-09-01 18:23:41,849 [INFO] IPUIPlugin:80 - create IPUIPlugin
2025-09-01 18:23:41,850 [INFO] IPUIPlugin:80 - create IPUIPlugin
2025-09-01 18:23:41,850 [INFO] IPUIPlugin:80 - create IPUIPlugin
2025-09-01 18:23:41,850 [INFO] IPUIPlugin:80 - create IPUIPlugin
2025-09-01 18:23:41,850 [INFO] IPUIPlugin:80 - create IPUIPlugin
2025-09-01 18:23:41,850 [INFO] IPUIPlugin:80 - create IPUIPlugin
2025-09-01 18:23:41,850 [INFO] IPUIPlugin:80 - create IPUIPlugin
2025-09-01 18:23:41,850 [INFO] IPUIPlugin:80 - create IPUIPlugin
2025-09-01 18:23:41,850 [INFO] IPUIPlugin:80 - create IPUIPlugin
2025-09-01 18:23:41,850 [INFO] IPUIPlugin:80 - create IPUIPlugin
2025-09-01 18:23:41,850 [INFO] IPUIPlugin:80 - create IPUIPlugin
2025-09-01 18:23:41,851 [INFO] IPUIPlugin:80 - create IPUIPlugin
2025-09-01 18:23:41,851 [INFO] IPUIPlugin:80 - create IPUIPlugin
2025-09-01 18:23:41,851 [INFO] IPUIPlugin:80 - create IPUIPlugin
2025-09-01 18:23:41,851 [INFO] IPUIPlugin:80 - create IPUIPlugin
2025-09-01 18:23:41,851 [INFO] IPUIPlugin:80 - create IPUIPlugin
2025-09-01 18:23:41,851 [INFO] IPUIPlugin:80 - create IPUIPlugin
2025-09-01 18:23:41,851 [INFO] IPUIPlugin:80 - create IPUIPlugin
2025-09-01 18:23:41,851 [INFO] IPUIPlugin:80 - create IPUIPlugin
2025-09-01 18:23:41,851 [INFO] IPUIPlugin:80 - create IPUIPlugin
2025-09-01 18:23:41,852 [INFO] IPUIPlugin:80 - create IPUIPlugin
2025-09-01 18:23:41,852 [INFO] IPUIPlugin:80 - create IPUIPlugin
2025-09-01 18:23:41,852 [INFO] IPUIPlugin:80 - create IPUIPlugin
2025-09-01 18:23:41,852 [INFO] IPUIPlugin:80 - create IPUIPlugin
2025-09-01 18:23:41,853 [INFO] IPUIPlugin:80 - create IPUIPlugin
2025-09-01 18:23:41,853 [INFO] IPUIPlugin:80 - create IPUIPlugin
2025-09-01 18:23:41,853 [INFO] IPUIPlugin:80 - create IPUIPlugin
2025-09-01 18:23:41,853 [INFO] IPUIPlugin:80 - create IPUIPlugin
2025-09-01 18:23:41,853 [INFO] IPUIPlugin:80 - create IPUIPlugin
2025-09-01 18:23:41,853 [INFO] IPUIPlugin:80 - create IPUIPlugin
2025-09-01 18:23:41,854 [INFO] IPUIPlugin:80 - create IPUIPlugin
2025-09-01 18:23:41,854 [INFO] IPUIPlugin:80 - create IPUIPlugin
2025-09-01 18:23:41,854 [INFO] IPUIPlugin:80 - create IPUIPlugin
2025-09-01 18:23:41,854 [INFO] IPUIPlugin:80 - create IPUIPlugin
2025-09-01 18:23:41,854 [INFO] IPUIPlugin:80 - create IPUIPlugin
2025-09-01 18:23:41,854 [INFO] IPUIPlugin:80 - create IPUIPlugin
2025-09-01 18:23:41,855 [INFO] IPUIPlugin:80 - create IPUIPlugin
2025-09-01 18:23:41,855 [INFO] IPUIPlugin:80 - create IPUIPlugin
2025-09-01 18:23:41,855 [INFO] IPUIPlugin:80 - create IPUIPlugin
2025-09-01 18:23:41,855 [INFO] IPUIPlugin:80 - create IPUIPlugin
2025-09-01 18:23:41,855 [INFO] IPUIPlugin:80 - create IPUIPlugin
2025-09-01 18:23:41,855 [INFO] IPUIPlugin:80 - create IPUIPlugin
2025-09-01 18:23:41,856 [INFO] IPUIPlugin:80 - create IPUIPlugin
2025-09-01 18:23:41,870 [INFO] ApiDbMcu:532 - Load IP Config File for PDM2PCM
2025-09-01 18:23:41,909 [INFO] CADModel:165 - CPN selected for project levelSTM32F767ZIT6
2025-09-01 18:23:41,909 [INFO] CADModel:114 - Register for checkConnection events
2025-09-01 18:23:41,971 [INFO] OpenFileManager:386 - Restore cursor
2025-09-01 18:23:55,774 [INFO] MainUpdater:2872 - connection check result : 10
2025-09-01 18:23:55,774 [INFO] MainUpdater:2872 - connection check result : 10
2025-09-01 18:23:55,825 [INFO] MicroXplorer:468 - Change Database Path : 
2025-09-01 18:23:55,825 [INFO] MicroXplorer:498 - Change Database Version : DB.6.0.150
2025-09-01 18:23:55,838 [ERROR] ProjectManagerView:395 - 
java.lang.NullPointerException: Cannot invoke "javax.swing.JTextField.getText()" because the return value of "java.util.List.get(int)" is null
	at com.st.microxplorer.plugins.projectmanager.gui.ProjectChoiceTab$9.caretUpdate(ProjectChoiceTab.java:2706) ~[filemanager.jar:?]
	at javax.swing.text.JTextComponent.fireCaretUpdate(JTextComponent.java:408) ~[?:?]
	at javax.swing.text.JTextComponent$MutableCaretEvent.fire(JTextComponent.java:4484) ~[?:?]
	at javax.swing.text.JTextComponent$MutableCaretEvent.stateChanged(JTextComponent.java:4506) ~[?:?]
	at javax.swing.text.DefaultCaret.fireStateChanged(DefaultCaret.java:857) ~[?:?]
	at javax.swing.text.DefaultCaret.changeCaretPosition(DefaultCaret.java:1343) ~[?:?]
	at javax.swing.text.DefaultCaret.handleSetDot(DefaultCaret.java:1242) ~[?:?]
	at javax.swing.text.DefaultCaret.setDot(DefaultCaret.java:1223) ~[?:?]
	at javax.swing.text.DefaultCaret$Handler.insertUpdate(DefaultCaret.java:1819) ~[?:?]
	at javax.swing.text.AbstractDocument.fireInsertUpdate(AbstractDocument.java:227) ~[?:?]
	at javax.swing.text.AbstractDocument.handleInsertString(AbstractDocument.java:781) ~[?:?]
	at javax.swing.text.AbstractDocument.insertString(AbstractDocument.java:740) ~[?:?]
	at javax.swing.text.PlainDocument.insertString(PlainDocument.java:131) ~[?:?]
	at javax.swing.text.AbstractDocument.replace(AbstractDocument.java:699) ~[?:?]
	at javax.swing.text.JTextComponent.setText(JTextComponent.java:1725) ~[?:?]
	at com.st.microxplorer.plugins.projectmanager.gui.ProjectChoiceTab.createHeapStackFields(ProjectChoiceTab.java:993) ~[filemanager.jar:?]
	at com.st.microxplorer.plugins.projectmanager.gui.ProjectChoiceTab.buildLinkSettingsPanel(ProjectChoiceTab.java:3813) ~[filemanager.jar:?]
	at com.st.microxplorer.plugins.projectmanager.gui.ProjectChoiceTab.defineWindowsFields(ProjectChoiceTab.java:1987) ~[filemanager.jar:?]
	at com.st.microxplorer.plugins.projectmanager.gui.ProjectChoiceTab.updateSettings(ProjectChoiceTab.java:558) ~[filemanager.jar:?]
	at com.st.microxplorer.plugins.projectmanager.gui.ProjectSettingsPanel.UpdateDialog(ProjectSettingsPanel.java:247) ~[filemanager.jar:?]
	at com.st.microxplorer.plugins.projectmanager.ProjectManagerView.propertyChange(ProjectManagerView.java:392) ~[filemanager.jar:?]
	at java.beans.PropertyChangeSupport.fire(PropertyChangeSupport.java:343) ~[?:?]
	at java.beans.PropertyChangeSupport.firePropertyChange(PropertyChangeSupport.java:335) ~[?:?]
	at java.beans.PropertyChangeSupport.firePropertyChange(PropertyChangeSupport.java:268) ~[?:?]
	at com.st.microxplorer.util.MXPropertyChangeSupport.firePropertyChange(MXPropertyChangeSupport.java:54) ~[STM32CubeMX.jar:?]
	at com.st.microxplorer.mxsystem.MxSystem.closeConfig(MxSystem.java:899) ~[STM32CubeMX.jar:?]
	at com.st.microxplorer.maingui.MainPanel.closeConfig(MainPanel.java:792) ~[STM32CubeMX.jar:?]
	at com.st.microxplorer.plugins.filemanager.engine.OpenFileManager.loadConfigurationFile(OpenFileManager.java:288) ~[filemanager.jar:?]
	at com.st.microxplorer.plugins.filemanager.engine.MainFileManager.userLoadConfig(MainFileManager.java:364) ~[filemanager.jar:?]
	at com.st.microxplorer.plugins.filemanager.engine.MainFileManager.userLoadConfig(MainFileManager.java:342) ~[filemanager.jar:?]
	at com.st.microxplorer.plugins.filemanager.FileManagerView.getSpecificTask(FileManagerView.java:264) ~[filemanager.jar:?]
	at com.st.stm32cube.common.mx.editor.CubeMxEditor.getMxTabbedPaneInstance(CubeMxEditor.java:1198) ~[com.st.stm32cube.common.mx_6.15.0.202507011659/:?]
	at com.st.stm32cube.common.mx.editor.CubeMxEditor$12$1.createSwingComponent(CubeMxEditor.java:1068) ~[com.st.stm32cube.common.mx_6.15.0.202507011659/:?]
	at com.st.stm32cube.common.mx.oss.core.awtswtbridge.EmbeddedSwingComposite.doComponentCreation(EmbeddedSwingComposite.java:492) ~[com.st.stm32cube.common.mx.oss_6.15.0.202507011659/:?]
	at com.st.stm32cube.common.mx.oss.core.awtswtbridge.EmbeddedSwingComposite$4.run(EmbeddedSwingComposite.java:291) ~[com.st.stm32cube.common.mx.oss_6.15.0.202507011659/:?]
	at com.st.stm32cube.common.mx.oss.core.awtswtbridge.AwtEnvironment$2.run(AwtEnvironment.java:166) ~[com.st.stm32cube.common.mx.oss_6.15.0.202507011659/:?]
	at java.awt.event.InvocationEvent.dispatch(InvocationEvent.java:318) ~[?:?]
	at java.awt.EventQueue.dispatchEventImpl(EventQueue.java:773) ~[?:?]
	at java.awt.EventQueue$4.run(EventQueue.java:720) ~[?:?]
	at java.awt.EventQueue$4.run(EventQueue.java:714) ~[?:?]
	at java.security.AccessController.doPrivileged(AccessController.java:400) ~[?:?]
	at java.security.ProtectionDomain$JavaSecurityAccessImpl.doIntersectionPrivilege(ProtectionDomain.java:87) ~[?:?]
	at java.awt.EventQueue.dispatchEvent(EventQueue.java:742) ~[?:?]
	at java.awt.EventDispatchThread.pumpOneEventForFilters(EventDispatchThread.java:203) ~[?:?]
	at java.awt.EventDispatchThread.pumpEventsForFilter(EventDispatchThread.java:124) ~[?:?]
	at java.awt.EventDispatchThread.pumpEventsForHierarchy(EventDispatchThread.java:113) ~[?:?]
	at java.awt.EventDispatchThread.pumpEvents(EventDispatchThread.java:109) ~[?:?]
	at java.awt.EventDispatchThread.pumpEvents(EventDispatchThread.java:101) ~[?:?]
	at java.awt.EventDispatchThread.run(EventDispatchThread.java:90) ~[?:?]
2025-09-01 18:23:55,839 [WARN] ThirdParty:871 - waiting for thirdparty lock release [close project]
2025-09-01 18:23:55,839 [INFO] ThirdParty:873 - entering critical section [close project]
2025-09-01 18:23:55,839 [INFO] ThirdParty:883 - exiting critical section [close project]
2025-09-01 18:23:55,840 [INFO] PinOutPanel:1589 - setPackage(No Configuration,No Configuration)
2025-09-01 18:23:55,846 [WARN] IpParametersView:155 - Warning: This peripheral hasn't parameters
2025-09-01 18:23:55,849 [WARN] MainPanel:289 - <html><b><center>Warning: This peripheral has no parameters to be configured<br></b></html>
2025-09-01 18:23:55,851 [INFO] UtilMem:75 - Begin LoadConfig() Used Memory: 693215496 Bytes (1067450368)
2025-09-01 18:23:55,851 [INFO] MicroXplorer:468 - Change Database Path : 
2025-09-01 18:23:55,851 [INFO] MicroXplorer:498 - Change Database Version : DB.6.0.150
2025-09-01 18:23:55,851 [INFO] OpenFileManager:355 - Change cursor
2025-09-01 18:23:55,856 [INFO] Mcu:2029 - Initializing MCU STM32F767ZITx STM32F767ZITx STM32F767ZIT6
2025-09-01 18:23:57,149 [INFO] Context:786 - Trying to add GPIOservice into a context  which must be forbidden
2025-09-01 18:23:57,767 [INFO] ImportTextPane:234 - (OptionalMessage_ERROR) Pin5 (VP_RIF_VS_RIF1) cannot be retrieved for this MCU
2025-09-01 18:23:57,804 [INFO] RtosManager:558 - Registered RTOS mode: class=CMSIS, group=RTOS, mode=CMSIS_V1, owner=FREERTOS
2025-09-01 18:23:57,804 [INFO] RtosManager:558 - Registered RTOS mode: class=CMSIS, group=RTOS2, mode=CMSIS_V2, owner=FREERTOS
2025-09-01 18:23:57,804 [INFO] RtosManager:558 - Registered RTOS mode: class=RTOS, group=Core, mode=CMSIS_V1, owner=FREERTOS
2025-09-01 18:23:57,804 [INFO] RtosManager:558 - Registered RTOS mode: class=RTOS, group=Core, mode=CMSIS_V2, owner=FREERTOS
2025-09-01 18:23:57,804 [WARN] ModelIntegratedComponent:184 - Missing modes for component STMicroelectronics:FreeRTOS:0.0.1:STMicroelectronics:RTOS:FreeRTOS:Core:::10.2.0:
2025-09-01 18:23:57,826 [WARN] ModelIntegratedComponent:63 - No mode defined for component null
2025-09-01 18:23:57,826 [WARN] ModelIntegratedComponent:63 - No mode defined for component null
2025-09-01 18:23:57,826 [WARN] ModelIntegratedComponent:63 - No mode defined for component null
2025-09-01 18:23:57,826 [WARN] ModelIntegratedComponent:63 - No mode defined for component null
2025-09-01 18:23:57,826 [WARN] ModelIntegratedComponent:63 - No mode defined for component null
2025-09-01 18:23:57,826 [WARN] ModelIntegratedComponent:63 - No mode defined for component null
2025-09-01 18:23:57,826 [WARN] ModelIntegratedComponent:63 - No mode defined for component null
2025-09-01 18:23:57,826 [WARN] ModelIntegratedComponent:63 - No mode defined for component null
2025-09-01 18:23:57,826 [WARN] ModelIntegratedComponent:63 - No mode defined for component null
2025-09-01 18:23:57,826 [WARN] ModelIntegratedComponent:63 - No mode defined for component null
2025-09-01 18:23:57,826 [WARN] ModelIntegratedComponent:63 - No mode defined for component null
2025-09-01 18:23:57,826 [WARN] ModelIntegratedComponent:63 - No mode defined for component null
2025-09-01 18:23:57,826 [WARN] ModelIntegratedComponent:63 - No mode defined for component null
2025-09-01 18:23:57,826 [WARN] ModelIntegratedComponent:63 - No mode defined for component null
2025-09-01 18:23:57,826 [WARN] ModelIntegratedComponent:63 - No mode defined for component null
2025-09-01 18:23:57,826 [WARN] ModelIntegratedComponent:63 - No mode defined for component null
2025-09-01 18:23:57,826 [WARN] ModelIntegratedComponent:63 - No mode defined for component null
2025-09-01 18:23:57,826 [WARN] ModelIntegratedComponent:63 - No mode defined for component null
2025-09-01 18:23:57,826 [WARN] ModelIntegratedComponent:63 - No mode defined for component null
2025-09-01 18:23:57,826 [WARN] ModelIntegratedComponent:63 - No mode defined for component null
2025-09-01 18:23:57,826 [WARN] ModelIntegratedComponent:63 - No mode defined for component null
2025-09-01 18:23:57,826 [WARN] ModelIntegratedComponent:63 - No mode defined for component null
2025-09-01 18:23:57,826 [WARN] ModelIntegratedComponent:63 - No mode defined for component null
2025-09-01 18:23:57,826 [WARN] ModelIntegratedComponent:63 - No mode defined for component null
2025-09-01 18:23:57,826 [WARN] ModelIntegratedComponent:63 - No mode defined for component null
2025-09-01 18:23:57,826 [WARN] ModelIntegratedComponent:63 - No mode defined for component null
2025-09-01 18:23:57,826 [WARN] ModelIntegratedComponent:63 - No mode defined for component null
2025-09-01 18:23:57,826 [WARN] ModelIntegratedComponent:63 - No mode defined for component null
2025-09-01 18:23:57,826 [WARN] ModelIntegratedComponent:63 - No mode defined for component null
2025-09-01 18:23:57,826 [WARN] ModelIntegratedComponent:63 - No mode defined for component null
2025-09-01 18:23:57,826 [WARN] ModelIntegratedComponent:63 - No mode defined for component null
2025-09-01 18:23:57,826 [WARN] ModelIntegratedComponent:63 - No mode defined for component null
2025-09-01 18:23:57,826 [WARN] ModelIntegratedComponent:63 - No mode defined for component null
2025-09-01 18:23:57,826 [WARN] ModelIntegratedComponent:63 - No mode defined for component null
2025-09-01 18:23:57,826 [WARN] ModelIntegratedComponent:63 - No mode defined for component null
2025-09-01 18:23:57,826 [WARN] ModelPack:524 - Component already loaded: STMicroelectronics:HAL Drivers:0.0.0:STMicroelectronics:Device:STMicro_Driver:XSPI:HAL::0.0.1:HAL_XSPI
2025-09-01 18:23:57,986 [INFO] ThirdPartyModel:298 - Start build external matchings
2025-09-01 18:23:58,220 [INFO] ThirdPartyModel:316 - End build external matchings
2025-09-01 18:23:58,598 [INFO] UtilMem:75 - End LoadConfig() Used Memory: 461067096 Bytes (1067450368)
2025-09-01 18:23:58,636 [WARN] ThirdParty:833 - waiting for thirdparty lock release [change project]
2025-09-01 18:23:58,636 [INFO] ThirdParty:835 - entering critical section [change project]
2025-09-01 18:23:58,636 [INFO] ThirdParty:1030 - CMSIS Pack Vendor :STMicroelectronics X-CUBE-PM33A1 1.0.0
2025-09-01 18:23:58,636 [INFO] ThirdParty:1030 - CMSIS Pack Vendor :STMicroelectronics USBPD 4.1
2025-09-01 18:23:58,636 [INFO] ThirdParty:1030 - CMSIS Pack Vendor :STMicroelectronics X-CUBE-NFC9 1.0.0
2025-09-01 18:23:58,636 [INFO] ThirdParty:1030 - CMSIS Pack Vendor :wolfSSL I-CUBE-wolfSSL 5.8.0
2025-09-01 18:23:58,636 [INFO] ThirdParty:1030 - CMSIS Pack Vendor :STMicroelectronics USB_HOST 2.0.0
2025-09-01 18:23:58,636 [INFO] ThirdParty:1030 - CMSIS Pack Vendor :STMicroelectronics FP-SNS-MOTENVWB1 1.4.0
2025-09-01 18:23:58,636 [INFO] ThirdParty:1030 - CMSIS Pack Vendor :STMicroelectronics X-CUBE-AZRTOS-F4 1.1.0
2025-09-01 18:23:58,636 [INFO] ThirdParty:1030 - CMSIS Pack Vendor :STMicroelectronics LIBJPEG 8.0.0
2025-09-01 18:23:58,636 [INFO] ThirdParty:1030 - CMSIS Pack Vendor :STMicroelectronics FP-ATR-ASTRA1 2.0.2
2025-09-01 18:23:58,636 [INFO] ThirdParty:1030 - CMSIS Pack Vendor :wolfSSL I-CUBE-wolfSSL 5.8.2
2025-09-01 18:23:58,636 [INFO] ThirdParty:1030 - CMSIS Pack Vendor :STMicroelectronics X-CUBE-BLE1 7.1.0
2025-09-01 18:23:58,636 [INFO] ThirdParty:1030 - CMSIS Pack Vendor :Avnet-IotConnect X-CUBE-IoTC-DA16k-PMOD 1.0.0
2025-09-01 18:23:58,636 [INFO] ThirdParty:1030 - CMSIS Pack Vendor :STMicroelectronics X-CUBE-SMBUS 2.1.0
2025-09-01 18:23:58,636 [INFO] ThirdParty:1030 - CMSIS Pack Vendor :wolfSSL I-CUBE-wolfMQTT 1.19.2
2025-09-01 18:23:58,636 [INFO] ThirdParty:1030 - CMSIS Pack Vendor :STMicroelectronics USB_DEVICE 3.0.0
2025-09-01 18:23:58,636 [INFO] ThirdParty:1030 - CMSIS Pack Vendor :STMicroelectronics X-CUBE-ISPU 2.1.0
2025-09-01 18:23:58,636 [INFO] ThirdParty:1030 - CMSIS Pack Vendor :STMicroelectronics X-CUBE-EEPRMA1 5.2.0
2025-09-01 18:23:58,636 [INFO] ThirdParty:1030 - CMSIS Pack Vendor :STMicroelectronics X-CUBE-BLEMGR 4.1.0
2025-09-01 18:23:58,636 [INFO] ThirdParty:1030 - CMSIS Pack Vendor :STMicroelectronics X-CUBE-AZRTOS-WB 2.0.0
2025-09-01 18:23:58,636 [INFO] ThirdParty:1030 - CMSIS Pack Vendor :STMicroelectronics X-CUBE-ST60 1.0.0
2025-09-01 18:23:58,636 [INFO] ThirdParty:1030 - CMSIS Pack Vendor :STMicroelectronics X-CUBE-GNSS1 7.0.1
2025-09-01 18:23:58,636 [INFO] ThirdParty:1030 - CMSIS Pack Vendor :STMicroelectronics X-CUBE-NFC12 1.0.0
2025-09-01 18:23:58,636 [INFO] ThirdParty:1030 - CMSIS Pack Vendor :STMicroelectronics X-CUBE-AZRTOS-F7 1.1.0
2025-09-01 18:23:58,636 [INFO] ThirdParty:1030 - CMSIS Pack Vendor :STMicroelectronics X-CUBE-AZRTOS-L5 2.0.0
2025-09-01 18:23:58,636 [INFO] ThirdParty:1030 - CMSIS Pack Vendor :STMicroelectronics X-CUBE-TOUCHGFX 4.25.0
2025-09-01 18:23:58,636 [INFO] ThirdParty:1030 - CMSIS Pack Vendor :STMicroelectronics USB_DEVICE 2.0.0
2025-09-01 18:23:58,636 [INFO] ThirdParty:1030 - CMSIS Pack Vendor :STMicroelectronics X-CUBE-NFC6 3.1.0
2025-09-01 18:23:58,636 [INFO] ThirdParty:1030 - CMSIS Pack Vendor :STMicroelectronics X-CUBE-AI 10.1.0
2025-09-01 18:23:58,636 [INFO] ThirdParty:1030 - CMSIS Pack Vendor :STMicroelectronics FP-SNS-STBOX1 2.0.0
2025-09-01 18:23:58,636 [INFO] ThirdParty:1030 - CMSIS Pack Vendor :quantropi X-CUBE-qispace-sdk-base 2.1.0
2025-09-01 18:23:58,636 [INFO] ThirdParty:1030 - CMSIS Pack Vendor :STMicroelectronics FreeRTOS 0.0.1
2025-09-01 18:23:58,636 [INFO] ThirdParty:1030 - CMSIS Pack Vendor :STMicroelectronics X-CUBE-AZRTOS-G0 1.1.0
2025-09-01 18:23:58,636 [INFO] ThirdParty:1030 - CMSIS Pack Vendor :STMicroelectronics X-CUBE-SAFEA1 1.2.2
2025-09-01 18:23:58,636 [INFO] ThirdParty:1030 - CMSIS Pack Vendor :STMicroelectronics X-CUBE-NFC4 3.0.0
2025-09-01 18:23:58,636 [INFO] ThirdParty:1030 - CMSIS Pack Vendor :STMicroelectronics X-CUBE-SUBG2 5.0.0
2025-09-01 18:23:58,636 [INFO] ThirdParty:1030 - CMSIS Pack Vendor :STMicroelectronics X-CUBE-AZRTOS-H7RS 1.1.0
2025-09-01 18:23:58,636 [INFO] ThirdParty:1030 - CMSIS Pack Vendor :STMicroelectronics STM32_WPAN 1.0.0
2025-09-01 18:23:58,636 [INFO] ThirdParty:1030 - CMSIS Pack Vendor :EmbeddedOffice I-CUBE-FS-RTOS 1.0.1
2025-09-01 18:23:58,636 [INFO] ThirdParty:1030 - CMSIS Pack Vendor :STMicroelectronics lwIP 2.0.3
2025-09-01 18:23:58,636 [INFO] ThirdParty:1030 - CMSIS Pack Vendor :Cesanta I-CUBE-Mongoose 7.13.0
2025-09-01 18:23:58,636 [INFO] ThirdParty:1030 - CMSIS Pack Vendor :STMicroelectronics USB_HOST 1.0.0
2025-09-01 18:23:58,636 [INFO] ThirdParty:1030 - CMSIS Pack Vendor :Infineon AIROC-Wi-Fi-Bluetooth-STM32 1.7.1
2025-09-01 18:23:58,636 [INFO] ThirdParty:1030 - CMSIS Pack Vendor :STMicroelectronics X-CUBE-AZRTOS-G4 2.0.0
2025-09-01 18:23:58,636 [INFO] ThirdParty:1030 - CMSIS Pack Vendor :STMicroelectronics X-CUBE-WB05N 2.0.0
2025-09-01 18:23:58,636 [INFO] ThirdParty:1030 - CMSIS Pack Vendor :STMicroelectronics PDM2PCM 3.1.0
2025-09-01 18:23:58,636 [INFO] ThirdParty:1030 - CMSIS Pack Vendor :STMicroelectronics PDM2PCM 3.3.0
2025-09-01 18:23:58,636 [INFO] ThirdParty:1030 - CMSIS Pack Vendor :wolfSSL I-CUBE-wolfTPM 3.8.0
2025-09-01 18:23:58,636 [INFO] ThirdParty:1030 - CMSIS Pack Vendor :STMicroelectronics X-CUBE-AZRTOS-H7 3.4.0
2025-09-01 18:23:58,636 [INFO] ThirdParty:1030 - CMSIS Pack Vendor :STMicroelectronics X-CUBE-DISPLAY 3.0.0
2025-09-01 18:23:58,636 [INFO] ThirdParty:1030 - CMSIS Pack Vendor :wolfSSL I-CUBE-wolfSSH 1.4.20
2025-09-01 18:23:58,636 [INFO] ThirdParty:1030 - CMSIS Pack Vendor :STMicroelectronics X-CUBE-NFC7 2.0.0
2025-09-01 18:23:58,636 [INFO] ThirdParty:1030 - CMSIS Pack Vendor :STMicroelectronics X-CUBE-TCPP 4.2.0
2025-09-01 18:23:58,636 [INFO] ThirdParty:1030 - CMSIS Pack Vendor :RealThread X-CUBE-RT-Thread_Nano 4.1.1
2025-09-01 18:23:58,636 [INFO] ThirdParty:1030 - CMSIS Pack Vendor :STMicroelectronics FP-ATR-SIGFOX1 3.2.0
2025-09-01 18:23:58,636 [INFO] ThirdParty:1030 - CMSIS Pack Vendor :STMicroelectronics X-CUBE-NFC10 1.0.0
2025-09-01 18:23:58,636 [INFO] ThirdParty:1030 - CMSIS Pack Vendor :STMicroelectronics X-CUBE-FREERTOS 1.3.1
2025-09-01 18:23:58,636 [INFO] ThirdParty:1030 - CMSIS Pack Vendor :STMicroelectronics HAL Drivers 0.0.0
2025-09-01 18:23:58,636 [INFO] ThirdParty:1030 - CMSIS Pack Vendor :STMicroelectronics MBEDTLS 2.16.2
2025-09-01 18:23:58,636 [INFO] ThirdParty:1030 - CMSIS Pack Vendor :STMicroelectronics X-CUBE-IPS 3.1.0
2025-09-01 18:23:58,636 [INFO] ThirdParty:1030 - CMSIS Pack Vendor :STMicroelectronics X-CUBE-ALS 1.0.2
2025-09-01 18:23:58,636 [INFO] ThirdParty:1030 - CMSIS Pack Vendor :emotas I-CUBE-CANOPEN 1.3.0
2025-09-01 18:23:58,636 [INFO] ThirdParty:1030 - CMSIS Pack Vendor :STMicroelectronics MBEDTLS 2.14.1
2025-09-01 18:23:58,636 [INFO] ThirdParty:1030 - CMSIS Pack Vendor :ITTIA_DB I-CUBE-ITTIADB 8.9.0
2025-09-01 18:23:58,636 [INFO] ThirdParty:1030 - CMSIS Pack Vendor :portGmbH I-Cube-SoM-uGOAL 1.1.0
2025-09-01 18:23:58,637 [INFO] ThirdParty:1030 - CMSIS Pack Vendor :STMicroelectronics X-CUBE-ST67W61 1.0.0
2025-09-01 18:23:58,637 [INFO] ThirdParty:1030 - CMSIS Pack Vendor :STMicroelectronics FP-SNS-STBOX1 2.1.0
2025-09-01 18:23:58,637 [INFO] ThirdParty:1030 - CMSIS Pack Vendor :STMicroelectronics X-CUBE-AI 10.2.0
2025-09-01 18:23:58,637 [INFO] ThirdParty:1030 - CMSIS Pack Vendor :STMicroelectronics FP-SNS-STAIOTCFT 1.0.0
2025-09-01 18:23:58,637 [INFO] ThirdParty:1030 - CMSIS Pack Vendor :STMicroelectronics ThreadX 1.0.0
2025-09-01 18:23:58,637 [INFO] ThirdParty:1030 - CMSIS Pack Vendor :STMicroelectronics FP-SNS-SMARTAG2 1.2.0
2025-09-01 18:23:58,637 [INFO] ThirdParty:1030 - CMSIS Pack Vendor :STMicroelectronics FP-SNS-FLIGHT1 5.1.0
2025-09-01 18:23:58,637 [INFO] ThirdParty:1030 - CMSIS Pack Vendor :STMicroelectronics X-CUBE-AZRTOS-WL 2.0.0
2025-09-01 18:23:58,637 [INFO] ThirdParty:1030 - CMSIS Pack Vendor :SEGGER I-CUBE-embOS 1.3.1
2025-09-01 18:23:58,637 [INFO] ThirdParty:1030 - CMSIS Pack Vendor :STMicroelectronics X-CUBE-ALGOBUILD 1.4.0
2025-09-01 18:23:58,637 [INFO] ThirdParty:1030 - CMSIS Pack Vendor :STMicroelectronics X-CUBE-DPower 1.3.0
2025-09-01 18:23:58,637 [INFO] ThirdParty:1030 - CMSIS Pack Vendor :STMicroelectronics X-CUBE-MEMS1 11.3.0
2025-09-01 18:23:58,637 [INFO] ThirdParty:1030 - CMSIS Pack Vendor :STMicroelectronics FP-SNS-MOTENV1 5.0.0
2025-09-01 18:23:58,637 [INFO] ThirdParty:1030 - CMSIS Pack Vendor :STMicroelectronics USB_DEVICE 1.0.0
2025-09-01 18:23:58,637 [INFO] ThirdParty:1030 - CMSIS Pack Vendor :STMicroelectronics X-CUBE-AZRTOS-L4 2.0.0
2025-09-01 18:23:58,637 [INFO] ThirdParty:1030 - CMSIS Pack Vendor :STMicroelectronics ThreadX 0.0.2
2025-09-01 18:23:58,637 [INFO] ThirdParty:1030 - CMSIS Pack Vendor :WES I-CUBE-Cesium 1.3.0
2025-09-01 18:23:58,637 [INFO] ThirdParty:1030 - CMSIS Pack Vendor :STMicroelectronics lwIP 2.1.2
2025-09-01 18:23:58,637 [INFO] ThirdParty:1030 - CMSIS Pack Vendor :STMicroelectronics X-CUBE-SFXS2LP1 4.0.0
2025-09-01 18:23:58,637 [INFO] ThirdParty:1030 - CMSIS Pack Vendor :STMicroelectronics X-CUBE-BLE2 3.3.0
2025-09-01 18:23:58,637 [INFO] ThirdParty:1030 - CMSIS Pack Vendor :STMicroelectronics X-CUBE-TOF1 3.4.3
2025-09-01 18:23:58,637 [INFO] ThirdParty:1030 - CMSIS Pack Vendor :STMicroelectronics PDM2PCM 3.2.0
2025-09-01 18:23:58,637 [INFO] ThirdParty:841 - exiting critical section [change project]
2025-09-01 18:23:58,776 [INFO] PinOutPanel:1589 - setPackage(No Configuration,No Configuration)
2025-09-01 18:23:58,776 [INFO] PinOutPanel:1589 - setPackage(STM32F767ZITx,LQFP144)
2025-09-01 18:23:59,014 [INFO] UtilMem:75 - Before build in PCC Used Memory: 466309976 Bytes (1067450368)
2025-09-01 18:23:59,176 [INFO] UtilMem:75 - After build in PCC Used Memory: 519787352 Bytes (1067450368)
2025-09-01 18:23:59,189 [INFO] IPUIPlugin:80 - create IPUIPlugin
2025-09-01 18:23:59,189 [INFO] IPUIPlugin:80 - create IPUIPlugin
2025-09-01 18:23:59,189 [INFO] IPUIPlugin:80 - create IPUIPlugin
2025-09-01 18:23:59,189 [INFO] IPUIPlugin:80 - create IPUIPlugin
2025-09-01 18:23:59,189 [INFO] IPUIPlugin:80 - create IPUIPlugin
2025-09-01 18:23:59,189 [INFO] IPUIPlugin:80 - create IPUIPlugin
2025-09-01 18:23:59,189 [INFO] IPUIPlugin:80 - create IPUIPlugin
2025-09-01 18:23:59,189 [INFO] IPUIPlugin:80 - create IPUIPlugin
2025-09-01 18:23:59,190 [INFO] IPUIPlugin:80 - create IPUIPlugin
2025-09-01 18:23:59,190 [INFO] IPUIPlugin:80 - create IPUIPlugin
2025-09-01 18:23:59,190 [INFO] IPUIPlugin:80 - create IPUIPlugin
2025-09-01 18:23:59,190 [INFO] IPUIPlugin:80 - create IPUIPlugin
2025-09-01 18:23:59,190 [INFO] IPUIPlugin:80 - create IPUIPlugin
2025-09-01 18:23:59,190 [INFO] IPUIPlugin:80 - create IPUIPlugin
2025-09-01 18:23:59,190 [INFO] IPUIPlugin:80 - create IPUIPlugin
2025-09-01 18:23:59,190 [INFO] IPUIPlugin:80 - create IPUIPlugin
2025-09-01 18:23:59,190 [INFO] IPUIPlugin:80 - create IPUIPlugin
2025-09-01 18:23:59,190 [INFO] IPUIPlugin:80 - create IPUIPlugin
2025-09-01 18:23:59,190 [INFO] IPUIPlugin:80 - create IPUIPlugin
2025-09-01 18:23:59,190 [INFO] IPUIPlugin:80 - create IPUIPlugin
2025-09-01 18:23:59,190 [INFO] IPUIPlugin:80 - create IPUIPlugin
2025-09-01 18:23:59,190 [INFO] IPUIPlugin:80 - create IPUIPlugin
2025-09-01 18:23:59,190 [INFO] IPUIPlugin:80 - create IPUIPlugin
2025-09-01 18:23:59,190 [INFO] IPUIPlugin:80 - create IPUIPlugin
2025-09-01 18:23:59,190 [INFO] IPUIPlugin:80 - create IPUIPlugin
2025-09-01 18:23:59,190 [INFO] IPUIPlugin:80 - create IPUIPlugin
2025-09-01 18:23:59,191 [INFO] IPUIPlugin:80 - create IPUIPlugin
2025-09-01 18:23:59,191 [INFO] IPUIPlugin:80 - create IPUIPlugin
2025-09-01 18:23:59,191 [INFO] IPUIPlugin:80 - create IPUIPlugin
2025-09-01 18:23:59,191 [INFO] IPUIPlugin:80 - create IPUIPlugin
2025-09-01 18:23:59,191 [INFO] IPUIPlugin:80 - create IPUIPlugin
2025-09-01 18:23:59,191 [INFO] IPUIPlugin:80 - create IPUIPlugin
2025-09-01 18:23:59,191 [INFO] IPUIPlugin:80 - create IPUIPlugin
2025-09-01 18:23:59,191 [INFO] IPUIPlugin:80 - create IPUIPlugin
2025-09-01 18:23:59,191 [INFO] IPUIPlugin:80 - create IPUIPlugin
2025-09-01 18:23:59,191 [INFO] IPUIPlugin:80 - create IPUIPlugin
2025-09-01 18:23:59,191 [INFO] IPUIPlugin:80 - create IPUIPlugin
2025-09-01 18:23:59,192 [INFO] IPUIPlugin:80 - create IPUIPlugin
2025-09-01 18:23:59,192 [INFO] IPUIPlugin:80 - create IPUIPlugin
2025-09-01 18:23:59,192 [INFO] IPUIPlugin:80 - create IPUIPlugin
2025-09-01 18:23:59,192 [INFO] IPUIPlugin:80 - create IPUIPlugin
2025-09-01 18:23:59,192 [INFO] IPUIPlugin:80 - create IPUIPlugin
2025-09-01 18:23:59,192 [INFO] IPUIPlugin:80 - create IPUIPlugin
2025-09-01 18:23:59,192 [INFO] IPUIPlugin:80 - create IPUIPlugin
2025-09-01 18:23:59,192 [INFO] IPUIPlugin:80 - create IPUIPlugin
2025-09-01 18:23:59,192 [INFO] IPUIPlugin:80 - create IPUIPlugin
2025-09-01 18:23:59,192 [INFO] IPUIPlugin:80 - create IPUIPlugin
2025-09-01 18:23:59,193 [INFO] IPUIPlugin:80 - create IPUIPlugin
2025-09-01 18:23:59,193 [INFO] IPUIPlugin:80 - create IPUIPlugin
2025-09-01 18:23:59,193 [INFO] IPUIPlugin:80 - create IPUIPlugin
2025-09-01 18:23:59,193 [INFO] IPUIPlugin:80 - create IPUIPlugin
2025-09-01 18:23:59,193 [INFO] IPUIPlugin:80 - create IPUIPlugin
2025-09-01 18:23:59,193 [INFO] IPUIPlugin:80 - create IPUIPlugin
2025-09-01 18:23:59,193 [INFO] IPUIPlugin:80 - create IPUIPlugin
2025-09-01 18:23:59,193 [INFO] IPUIPlugin:80 - create IPUIPlugin
2025-09-01 18:23:59,193 [INFO] IPUIPlugin:80 - create IPUIPlugin
2025-09-01 18:23:59,193 [INFO] IPUIPlugin:80 - create IPUIPlugin
2025-09-01 18:23:59,194 [INFO] IPUIPlugin:80 - create IPUIPlugin
2025-09-01 18:23:59,194 [INFO] IPUIPlugin:80 - create IPUIPlugin
2025-09-01 18:23:59,194 [INFO] IPUIPlugin:80 - create IPUIPlugin
2025-09-01 18:23:59,194 [INFO] IPUIPlugin:80 - create IPUIPlugin
2025-09-01 18:23:59,194 [INFO] IPUIPlugin:80 - create IPUIPlugin
2025-09-01 18:23:59,194 [INFO] IPUIPlugin:80 - create IPUIPlugin
2025-09-01 18:23:59,194 [INFO] IPUIPlugin:80 - create IPUIPlugin
2025-09-01 18:23:59,194 [INFO] IPUIPlugin:80 - create IPUIPlugin
2025-09-01 18:23:59,195 [INFO] IPUIPlugin:80 - create IPUIPlugin
2025-09-01 18:23:59,195 [INFO] IPUIPlugin:80 - create IPUIPlugin
2025-09-01 18:23:59,195 [INFO] IPUIPlugin:80 - create IPUIPlugin
2025-09-01 18:23:59,195 [INFO] IPUIPlugin:80 - create IPUIPlugin
2025-09-01 18:23:59,195 [INFO] IPUIPlugin:80 - create IPUIPlugin
2025-09-01 18:23:59,195 [INFO] IPUIPlugin:80 - create IPUIPlugin
2025-09-01 18:23:59,196 [INFO] IPUIPlugin:80 - create IPUIPlugin
2025-09-01 18:23:59,196 [INFO] IPUIPlugin:80 - create IPUIPlugin
2025-09-01 18:23:59,196 [INFO] IPUIPlugin:80 - create IPUIPlugin
2025-09-01 18:23:59,196 [INFO] IPUIPlugin:80 - create IPUIPlugin
2025-09-01 18:23:59,196 [INFO] IPUIPlugin:80 - create IPUIPlugin
2025-09-01 18:23:59,196 [INFO] IPUIPlugin:80 - create IPUIPlugin
2025-09-01 18:23:59,197 [INFO] IPUIPlugin:80 - create IPUIPlugin
2025-09-01 18:23:59,197 [INFO] IPUIPlugin:80 - create IPUIPlugin
2025-09-01 18:23:59,198 [INFO] ApiDbMcu:532 - Load IP Config File for PDM2PCM
2025-09-01 18:23:59,235 [INFO] CADModel:165 - CPN selected for project levelSTM32F767ZIT6
2025-09-01 18:23:59,235 [INFO] CADModel:114 - Register for checkConnection events
2025-09-01 18:23:59,292 [INFO] OpenFileManager:386 - Restore cursor
2025-09-01 18:24:16,087 [INFO] UtilMem:75 - End SaveConfig() Used Memory: 577078872 Bytes (1067450368)
2025-09-01 18:24:16,455 [INFO] UtilMem:75 - End SaveConfig() Used Memory: 957180240 Bytes (1067450368)
2025-09-01 18:24:16,618 [INFO] BlockDiagram:2775 - set Specific Code input for plugin: TIM1_8F77
2025-09-01 18:24:16,618 [INFO] BlockDiagram:2775 - set Specific Code input for plugin: TIM1_8F77
2025-09-01 18:24:16,618 [INFO] BlockDiagram:2775 - set Specific Code input for plugin: SYS
2025-09-01 18:24:16,618 [INFO] BlockDiagram:2775 - set Specific Code input for plugin: RCC
2025-09-01 18:24:16,618 [INFO] BlockDiagram:2775 - set Specific Code input for plugin: NVIC
2025-09-01 18:24:16,618 [INFO] BlockDiagram:2775 - set Specific Code input for plugin: USART
2025-09-01 18:24:16,618 [INFO] BlockDiagram:2775 - set Specific Code input for plugin: CORTEX_M7
2025-09-01 18:24:16,618 [INFO] BlockDiagram:2775 - set Specific Code input for plugin: GPIO
2025-09-01 18:24:16,618 [INFO] CodeGenerator:892 - code generatio: config db path: E:\STM32CubeIDE_1.19.0\STM32CubeIDE\plugins\com.st.stm32cube.common.mx_6.15.0.202507011659\\db\
2025-09-01 18:24:16,682 [INFO] CodeEngine:265 - oldGeneratedFile, E:\STM32CubeIDE\lab06\MXTmpFiles\license.tmp_save
2025-09-01 18:24:16,852 [INFO] CodeEngine:289 - Generated code: E:\STM32CubeIDE\lab06\MXTmpFiles\license.tmp
2025-09-01 18:24:16,910 [INFO] CodeEngine:265 - oldGeneratedFile, E:\STM32CubeIDE\lab06\Core\Src\gpio.c_save
2025-09-01 18:24:17,017 [INFO] CodeEngine:289 - Generated code: E:\STM32CubeIDE\lab06\Core\Src\gpio.c
2025-09-01 18:24:17,020 [INFO] CodeEngine:265 - oldGeneratedFile, E:\STM32CubeIDE\lab06\Core\Inc\gpio.h_save
2025-09-01 18:24:17,069 [INFO] CodeEngine:289 - Generated code: E:\STM32CubeIDE\lab06\Core\Inc\gpio.h
2025-09-01 18:24:17,165 [INFO] CodeEngine:265 - oldGeneratedFile, E:\STM32CubeIDE\lab06\MXTmpFiles\cortex.tmp_save
2025-09-01 18:24:17,244 [INFO] CodeEngine:289 - Generated code: E:\STM32CubeIDE\lab06\MXTmpFiles\cortex.tmp
2025-09-01 18:24:17,254 [INFO] CodeEngine:265 - oldGeneratedFile, E:\STM32CubeIDE\lab06\Core\Src\tim.c_save
2025-09-01 18:24:17,367 [INFO] CodeEngine:289 - Generated code: E:\STM32CubeIDE\lab06\Core\Src\tim.c
2025-09-01 18:24:17,372 [INFO] CodeEngine:265 - oldGeneratedFile, E:\STM32CubeIDE\lab06\Core\Inc\tim.h_save
2025-09-01 18:24:17,417 [INFO] CodeEngine:289 - Generated code: E:\STM32CubeIDE\lab06\Core\Inc\tim.h
2025-09-01 18:24:17,423 [INFO] CodeEngine:265 - oldGeneratedFile, E:\STM32CubeIDE\lab06\Core\Src\usart.c_save
2025-09-01 18:24:17,517 [INFO] CodeEngine:289 - Generated code: E:\STM32CubeIDE\lab06\Core\Src\usart.c
2025-09-01 18:24:17,521 [INFO] CodeEngine:265 - oldGeneratedFile, E:\STM32CubeIDE\lab06\Core\Inc\usart.h_save
2025-09-01 18:24:17,574 [INFO] CodeEngine:289 - Generated code: E:\STM32CubeIDE\lab06\Core\Inc\usart.h
2025-09-01 18:24:17,584 [INFO] CodeEngine:265 - oldGeneratedFile, E:\STM32CubeIDE\lab06\Core\Src\stm32f7xx_it.c_save
2025-09-01 18:24:17,675 [INFO] CodeEngine:289 - Generated code: E:\STM32CubeIDE\lab06\Core\Src\stm32f7xx_it.c
2025-09-01 18:24:17,679 [INFO] CodeEngine:265 - oldGeneratedFile, E:\STM32CubeIDE\lab06\Core\Inc\stm32f7xx_it.h_save
2025-09-01 18:24:17,719 [INFO] CodeEngine:289 - Generated code: E:\STM32CubeIDE\lab06\Core\Inc\stm32f7xx_it.h
2025-09-01 18:24:17,731 [INFO] CodeEngine:265 - oldGeneratedFile, E:\STM32CubeIDE\lab06\Core\Src\stm32f7xx_hal_msp.c_save
2025-09-01 18:24:17,818 [INFO] CodeEngine:289 - Generated code: E:\STM32CubeIDE\lab06\Core\Src\stm32f7xx_hal_msp.c
2025-09-01 18:24:17,821 [INFO] CodeEngine:265 - oldGeneratedFile, E:\STM32CubeIDE\lab06\MXTmpFiles\system.tmp_save
2025-09-01 18:24:17,853 [INFO] CodeEngine:289 - Generated code: E:\STM32CubeIDE\lab06\MXTmpFiles\system.tmp
2025-09-01 18:24:17,860 [INFO] CodeEngine:321 - oldGeneratedFile, E:\STM32CubeIDE\lab06\Core\Inc\stm32f7xx_hal_conf.h_save
2025-09-01 18:24:17,958 [INFO] CodeEngine:345 - Generated code: E:\STM32CubeIDE\lab06\Core\Inc\stm32f7xx_hal_conf.h
2025-09-01 18:24:17,984 [INFO] ApiDbMcu:532 - Load IP Config File for TIM1
2025-09-01 18:24:17,989 [INFO] ApiDbMcu:532 - Load IP Config File for TIM2
2025-09-01 18:24:17,992 [INFO] ApiDbMcu:532 - Load IP Config File for USART3
2025-09-01 18:24:17,993 [INFO] ApiDbMcu:532 - Load IP Config File for RCC
2025-09-01 18:24:17,998 [INFO] CodeEngine:265 - oldGeneratedFile, E:\STM32CubeIDE\lab06\Core\Inc\main.h_save
2025-09-01 18:24:18,073 [INFO] CodeEngine:289 - Generated code: E:\STM32CubeIDE\lab06\Core\Inc\main.h
2025-09-01 18:24:18,077 [INFO] CodeEngine:265 - oldGeneratedFile, E:\STM32CubeIDE\lab06\Core\Src\main.c_save
2025-09-01 18:24:18,161 [INFO] CodeEngine:289 - Generated code: E:\STM32CubeIDE\lab06\Core\Src\main.c
2025-09-01 18:24:18,335 [INFO] ProjectBuilder:3606 - Time for Copy HAL[1] : 99mS.
2025-09-01 18:24:18,337 [INFO] ProjectBuilder:5216 - Project Generator version: 4.7.0-B52
2025-09-01 18:24:18,376 [INFO] ConfigFileManager:1595 - The Die is : DIE451
2025-09-01 18:24:18,386 [INFO] ApiDbMcu:532 - Load IP Config File for FATFS
2025-09-01 18:24:18,396 [INFO] ApiDbMcu:532 - Load IP Config File for FREERTOS
2025-09-01 18:24:18,404 [INFO] ApiDbMcu:532 - Load IP Config File for LIBJPEG
2025-09-01 18:24:18,416 [INFO] ApiDbMcu:532 - Load IP Config File for LWIP
2025-09-01 18:24:18,427 [INFO] ApiDbMcu:532 - Load IP Config File for MBEDTLS
2025-09-01 18:24:18,439 [INFO] ApiDbMcu:532 - Load IP Config File for USB_DEVICE
2025-09-01 18:24:18,448 [INFO] ApiDbMcu:532 - Load IP Config File for USB_HOST
2025-09-01 18:24:19,002 [INFO] ProjectBuilder:5496 - Time for Generating toolchain IDE Files: 665mS.
2025-09-01 18:24:19,003 [INFO] ProjectBuilder:3463 - Time for Copy CMSIS : 0mS.
2025-09-01 18:24:19,004 [INFO] ProjectBuilder:3463 - Time for Copy CMSIS : 0mS.
2025-09-01 18:24:21,675 [INFO] UtilMem:75 - End SaveConfig() Used Memory: 948131904 Bytes (1067450368)
2025-09-01 18:24:21,774 [INFO] BlockDiagram:2775 - set Specific Code input for plugin: TIM1_8F77
2025-09-01 18:24:21,774 [INFO] BlockDiagram:2775 - set Specific Code input for plugin: TIM1_8F77
2025-09-01 18:24:21,774 [INFO] BlockDiagram:2775 - set Specific Code input for plugin: SYS
2025-09-01 18:24:21,774 [INFO] BlockDiagram:2775 - set Specific Code input for plugin: RCC
2025-09-01 18:24:21,774 [INFO] BlockDiagram:2775 - set Specific Code input for plugin: NVIC
2025-09-01 18:24:21,774 [INFO] BlockDiagram:2775 - set Specific Code input for plugin: USART
2025-09-01 18:24:21,774 [INFO] BlockDiagram:2775 - set Specific Code input for plugin: CORTEX_M7
2025-09-01 18:24:21,775 [INFO] BlockDiagram:2775 - set Specific Code input for plugin: GPIO
2025-09-01 18:24:21,775 [INFO] CodeGenerator:892 - code generatio: config db path: E:\STM32CubeIDE_1.19.0\STM32CubeIDE\plugins\com.st.stm32cube.common.mx_6.15.0.202507011659\\db\
2025-09-01 18:24:21,843 [INFO] CodeEngine:265 - oldGeneratedFile, E:\STM32CubeIDE\lab06\MXTmpFiles\license.tmp_save
2025-09-01 18:24:21,909 [INFO] CodeEngine:289 - Generated code: E:\STM32CubeIDE\lab06\MXTmpFiles\license.tmp
2025-09-01 18:24:21,921 [INFO] CodeEngine:265 - oldGeneratedFile, E:\STM32CubeIDE\lab06\Core\Src\gpio.c_save
2025-09-01 18:24:21,992 [INFO] CodeEngine:289 - Generated code: E:\STM32CubeIDE\lab06\Core\Src\gpio.c
2025-09-01 18:24:21,995 [INFO] CodeEngine:265 - oldGeneratedFile, E:\STM32CubeIDE\lab06\Core\Inc\gpio.h_save
2025-09-01 18:24:22,032 [INFO] CodeEngine:289 - Generated code: E:\STM32CubeIDE\lab06\Core\Inc\gpio.h
2025-09-01 18:24:22,068 [INFO] CodeEngine:265 - oldGeneratedFile, E:\STM32CubeIDE\lab06\MXTmpFiles\cortex.tmp_save
2025-09-01 18:24:22,131 [INFO] CodeEngine:289 - Generated code: E:\STM32CubeIDE\lab06\MXTmpFiles\cortex.tmp
2025-09-01 18:24:22,138 [INFO] CodeEngine:265 - oldGeneratedFile, E:\STM32CubeIDE\lab06\Core\Src\tim.c_save
2025-09-01 18:24:22,222 [INFO] CodeEngine:289 - Generated code: E:\STM32CubeIDE\lab06\Core\Src\tim.c
2025-09-01 18:24:22,225 [INFO] CodeEngine:265 - oldGeneratedFile, E:\STM32CubeIDE\lab06\Core\Inc\tim.h_save
2025-09-01 18:24:22,262 [INFO] CodeEngine:289 - Generated code: E:\STM32CubeIDE\lab06\Core\Inc\tim.h
2025-09-01 18:24:22,268 [INFO] CodeEngine:265 - oldGeneratedFile, E:\STM32CubeIDE\lab06\Core\Src\usart.c_save
2025-09-01 18:24:22,352 [INFO] CodeEngine:289 - Generated code: E:\STM32CubeIDE\lab06\Core\Src\usart.c
2025-09-01 18:24:22,356 [INFO] CodeEngine:265 - oldGeneratedFile, E:\STM32CubeIDE\lab06\Core\Inc\usart.h_save
2025-09-01 18:24:22,392 [INFO] CodeEngine:289 - Generated code: E:\STM32CubeIDE\lab06\Core\Inc\usart.h
2025-09-01 18:24:22,402 [INFO] CodeEngine:265 - oldGeneratedFile, E:\STM32CubeIDE\lab06\Core\Src\stm32f7xx_it.c_save
2025-09-01 18:24:22,481 [INFO] CodeEngine:289 - Generated code: E:\STM32CubeIDE\lab06\Core\Src\stm32f7xx_it.c
2025-09-01 18:24:22,484 [INFO] CodeEngine:265 - oldGeneratedFile, E:\STM32CubeIDE\lab06\Core\Inc\stm32f7xx_it.h_save
2025-09-01 18:24:22,520 [INFO] CodeEngine:289 - Generated code: E:\STM32CubeIDE\lab06\Core\Inc\stm32f7xx_it.h
2025-09-01 18:24:22,529 [INFO] CodeEngine:265 - oldGeneratedFile, E:\STM32CubeIDE\lab06\Core\Src\stm32f7xx_hal_msp.c_save
2025-09-01 18:24:22,610 [INFO] CodeEngine:289 - Generated code: E:\STM32CubeIDE\lab06\Core\Src\stm32f7xx_hal_msp.c
2025-09-01 18:24:22,612 [INFO] CodeEngine:265 - oldGeneratedFile, E:\STM32CubeIDE\lab06\MXTmpFiles\system.tmp_save
2025-09-01 18:24:22,647 [INFO] CodeEngine:289 - Generated code: E:\STM32CubeIDE\lab06\MXTmpFiles\system.tmp
2025-09-01 18:24:22,654 [INFO] CodeEngine:321 - oldGeneratedFile, E:\STM32CubeIDE\lab06\Core\Inc\stm32f7xx_hal_conf.h_save
2025-09-01 18:24:22,746 [INFO] CodeEngine:345 - Generated code: E:\STM32CubeIDE\lab06\Core\Inc\stm32f7xx_hal_conf.h
2025-09-01 18:24:22,763 [INFO] CodeEngine:265 - oldGeneratedFile, E:\STM32CubeIDE\lab06\Core\Inc\main.h_save
2025-09-01 18:24:22,835 [INFO] CodeEngine:289 - Generated code: E:\STM32CubeIDE\lab06\Core\Inc\main.h
2025-09-01 18:24:22,838 [INFO] CodeEngine:265 - oldGeneratedFile, E:\STM32CubeIDE\lab06\Core\Src\main.c_save
2025-09-01 18:24:22,896 [INFO] CodeEngine:289 - Generated code: E:\STM32CubeIDE\lab06\Core\Src\main.c
2025-09-01 18:24:23,044 [INFO] ProjectBuilder:3606 - Time for Copy HAL[1] : 77mS.
2025-09-01 18:24:23,045 [INFO] ProjectBuilder:5216 - Project Generator version: 4.7.0-B52
2025-09-01 18:24:23,082 [INFO] ConfigFileManager:1595 - The Die is : DIE451
2025-09-01 18:24:23,460 [INFO] ProjectBuilder:5496 - Time for Generating toolchain IDE Files: 415mS.
2025-09-01 18:24:23,461 [INFO] ProjectBuilder:3463 - Time for Copy CMSIS : 1mS.
2025-09-01 18:24:23,462 [INFO] ProjectBuilder:3463 - Time for Copy CMSIS : 0mS.
2025-09-01 18:33:45,594 [INFO] UtilMem:75 - End SaveConfig() Used Memory: 827946656 Bytes (1067450368)
2025-09-01 18:33:45,664 [INFO] UtilMem:75 - End SaveConfig() Used Memory: 862549664 Bytes (1067450368)
2025-09-01 18:33:45,814 [INFO] UtilMem:75 - End SaveConfig() Used Memory: 390556936 Bytes (1067450368)
2025-09-01 18:33:45,994 [INFO] BlockDiagram:2775 - set Specific Code input for plugin: TIM1_8F77
2025-09-01 18:33:45,994 [INFO] BlockDiagram:2775 - set Specific Code input for plugin: TIM1_8F77
2025-09-01 18:33:45,995 [INFO] BlockDiagram:2775 - set Specific Code input for plugin: SYS
2025-09-01 18:33:45,995 [INFO] BlockDiagram:2775 - set Specific Code input for plugin: RCC
2025-09-01 18:33:45,995 [INFO] BlockDiagram:2775 - set Specific Code input for plugin: NVIC
2025-09-01 18:33:45,995 [INFO] BlockDiagram:2775 - set Specific Code input for plugin: USART
2025-09-01 18:33:45,995 [INFO] BlockDiagram:2775 - set Specific Code input for plugin: CORTEX_M7
2025-09-01 18:33:45,995 [INFO] BlockDiagram:2775 - set Specific Code input for plugin: GPIO
2025-09-01 18:33:45,996 [INFO] CodeGenerator:892 - code generatio: config db path: E:\STM32CubeIDE_1.19.0\STM32CubeIDE\plugins\com.st.stm32cube.common.mx_6.15.0.202507011659\\db\
2025-09-01 18:33:46,082 [INFO] CodeEngine:265 - oldGeneratedFile, E:\STM32CubeIDE\lab06\MXTmpFiles\license.tmp_save
2025-09-01 18:33:46,218 [INFO] CodeEngine:289 - Generated code: E:\STM32CubeIDE\lab06\MXTmpFiles\license.tmp
2025-09-01 18:33:46,230 [INFO] CodeEngine:265 - oldGeneratedFile, E:\STM32CubeIDE\lab06\Core\Src\gpio.c_save
2025-09-01 18:33:46,343 [INFO] CodeEngine:289 - Generated code: E:\STM32CubeIDE\lab06\Core\Src\gpio.c
2025-09-01 18:33:46,348 [INFO] CodeEngine:265 - oldGeneratedFile, E:\STM32CubeIDE\lab06\Core\Inc\gpio.h_save
2025-09-01 18:33:46,406 [INFO] CodeEngine:289 - Generated code: E:\STM32CubeIDE\lab06\Core\Inc\gpio.h
2025-09-01 18:33:46,454 [INFO] CodeEngine:265 - oldGeneratedFile, E:\STM32CubeIDE\lab06\MXTmpFiles\cortex.tmp_save
2025-09-01 18:33:46,543 [INFO] CodeEngine:289 - Generated code: E:\STM32CubeIDE\lab06\MXTmpFiles\cortex.tmp
2025-09-01 18:33:46,552 [INFO] CodeEngine:265 - oldGeneratedFile, E:\STM32CubeIDE\lab06\Core\Src\tim.c_save
2025-09-01 18:33:46,664 [INFO] CodeEngine:289 - Generated code: E:\STM32CubeIDE\lab06\Core\Src\tim.c
2025-09-01 18:33:46,667 [INFO] CodeEngine:265 - oldGeneratedFile, E:\STM32CubeIDE\lab06\Core\Inc\tim.h_save
2025-09-01 18:33:46,719 [INFO] CodeEngine:289 - Generated code: E:\STM32CubeIDE\lab06\Core\Inc\tim.h
2025-09-01 18:33:46,728 [INFO] CodeEngine:265 - oldGeneratedFile, E:\STM32CubeIDE\lab06\Core\Src\usart.c_save
2025-09-01 18:33:46,824 [INFO] CodeEngine:289 - Generated code: E:\STM32CubeIDE\lab06\Core\Src\usart.c
2025-09-01 18:33:46,828 [INFO] CodeEngine:265 - oldGeneratedFile, E:\STM32CubeIDE\lab06\Core\Inc\usart.h_save
2025-09-01 18:33:46,873 [INFO] CodeEngine:289 - Generated code: E:\STM32CubeIDE\lab06\Core\Inc\usart.h
2025-09-01 18:33:46,882 [INFO] CodeEngine:265 - oldGeneratedFile, E:\STM32CubeIDE\lab06\Core\Src\stm32f7xx_it.c_save
2025-09-01 18:33:46,970 [INFO] CodeEngine:289 - Generated code: E:\STM32CubeIDE\lab06\Core\Src\stm32f7xx_it.c
2025-09-01 18:33:46,973 [INFO] CodeEngine:265 - oldGeneratedFile, E:\STM32CubeIDE\lab06\Core\Inc\stm32f7xx_it.h_save
2025-09-01 18:33:47,014 [INFO] CodeEngine:289 - Generated code: E:\STM32CubeIDE\lab06\Core\Inc\stm32f7xx_it.h
2025-09-01 18:33:47,026 [INFO] CodeEngine:265 - oldGeneratedFile, E:\STM32CubeIDE\lab06\Core\Src\stm32f7xx_hal_msp.c_save
2025-09-01 18:33:47,116 [INFO] CodeEngine:289 - Generated code: E:\STM32CubeIDE\lab06\Core\Src\stm32f7xx_hal_msp.c
2025-09-01 18:33:47,118 [INFO] CodeEngine:265 - oldGeneratedFile, E:\STM32CubeIDE\lab06\MXTmpFiles\system.tmp_save
2025-09-01 18:33:47,154 [INFO] CodeEngine:289 - Generated code: E:\STM32CubeIDE\lab06\MXTmpFiles\system.tmp
2025-09-01 18:33:47,161 [INFO] CodeEngine:321 - oldGeneratedFile, E:\STM32CubeIDE\lab06\Core\Inc\stm32f7xx_hal_conf.h_save
2025-09-01 18:33:47,263 [INFO] CodeEngine:345 - Generated code: E:\STM32CubeIDE\lab06\Core\Inc\stm32f7xx_hal_conf.h
2025-09-01 18:33:47,285 [INFO] CodeEngine:265 - oldGeneratedFile, E:\STM32CubeIDE\lab06\Core\Inc\main.h_save
2025-09-01 18:33:47,363 [INFO] CodeEngine:289 - Generated code: E:\STM32CubeIDE\lab06\Core\Inc\main.h
2025-09-01 18:33:47,366 [INFO] CodeEngine:265 - oldGeneratedFile, E:\STM32CubeIDE\lab06\Core\Src\main.c_save
2025-09-01 18:33:47,438 [INFO] CodeEngine:289 - Generated code: E:\STM32CubeIDE\lab06\Core\Src\main.c
2025-09-01 18:33:47,632 [INFO] ProjectBuilder:3606 - Time for Copy HAL[1] : 111mS.
2025-09-01 18:33:47,635 [INFO] ProjectBuilder:5216 - Project Generator version: 4.7.0-B52
2025-09-01 18:33:47,679 [INFO] ConfigFileManager:1595 - The Die is : DIE451
2025-09-01 18:33:48,219 [INFO] ProjectBuilder:5496 - Time for Generating toolchain IDE Files: 583mS.
2025-09-01 18:33:48,219 [INFO] ProjectBuilder:3463 - Time for Copy CMSIS : 0mS.
2025-09-01 18:33:48,220 [INFO] ProjectBuilder:3463 - Time for Copy CMSIS : 0mS.
2025-09-01 18:54:26,228 [INFO] NvicIntPanel:101 - NVIC parent = com.st.microxplorer.plugins.ip.nvic.MultiNvicIntPanel[,0,0,0x0,invalid,layout=javax.swing.BoxLayout,alignmentX=0.0,alignmentY=0.0,border=,flags=9,maximumSize=,minimumSize=,preferredSize=]
2025-09-01 18:54:30,536 [INFO] UtilMem:75 - End SaveConfig() Used Memory: 503114480 Bytes (1067450368)
2025-09-01 18:54:30,615 [INFO] UtilMem:75 - End SaveConfig() Used Memory: 535620336 Bytes (1067450368)
2025-09-01 18:54:30,936 [INFO] UtilMem:75 - End SaveConfig() Used Memory: 583854832 Bytes (1067450368)
2025-09-01 18:54:31,019 [INFO] BlockDiagram:2775 - set Specific Code input for plugin: TIM1_8F77
2025-09-01 18:54:31,020 [INFO] BlockDiagram:2775 - set Specific Code input for plugin: TIM1_8F77
2025-09-01 18:54:31,020 [INFO] BlockDiagram:2775 - set Specific Code input for plugin: SYS
2025-09-01 18:54:31,020 [INFO] BlockDiagram:2775 - set Specific Code input for plugin: RCC
2025-09-01 18:54:31,020 [INFO] BlockDiagram:2775 - set Specific Code input for plugin: NVIC
2025-09-01 18:54:31,020 [INFO] BlockDiagram:2775 - set Specific Code input for plugin: USART
2025-09-01 18:54:31,020 [INFO] BlockDiagram:2775 - set Specific Code input for plugin: CORTEX_M7
2025-09-01 18:54:31,020 [INFO] BlockDiagram:2775 - set Specific Code input for plugin: GPIO
2025-09-01 18:54:31,021 [INFO] CodeGenerator:892 - code generatio: config db path: E:\STM32CubeIDE_1.19.0\STM32CubeIDE\plugins\com.st.stm32cube.common.mx_6.15.0.202507011659\\db\
2025-09-01 18:54:31,080 [INFO] CodeEngine:265 - oldGeneratedFile, E:\STM32CubeIDE\lab06\MXTmpFiles\license.tmp_save
2025-09-01 18:54:31,270 [INFO] CodeEngine:289 - Generated code: E:\STM32CubeIDE\lab06\MXTmpFiles\license.tmp
2025-09-01 18:54:31,285 [INFO] CodeEngine:265 - oldGeneratedFile, E:\STM32CubeIDE\lab06\Core\Src\gpio.c_save
2025-09-01 18:54:31,402 [INFO] CodeEngine:289 - Generated code: E:\STM32CubeIDE\lab06\Core\Src\gpio.c
2025-09-01 18:54:31,406 [INFO] CodeEngine:265 - oldGeneratedFile, E:\STM32CubeIDE\lab06\Core\Inc\gpio.h_save
2025-09-01 18:54:31,461 [INFO] CodeEngine:289 - Generated code: E:\STM32CubeIDE\lab06\Core\Inc\gpio.h
2025-09-01 18:54:31,512 [INFO] CodeEngine:265 - oldGeneratedFile, E:\STM32CubeIDE\lab06\MXTmpFiles\cortex.tmp_save
2025-09-01 18:54:31,618 [INFO] CodeEngine:289 - Generated code: E:\STM32CubeIDE\lab06\MXTmpFiles\cortex.tmp
2025-09-01 18:54:31,627 [INFO] CodeEngine:265 - oldGeneratedFile, E:\STM32CubeIDE\lab06\Core\Src\tim.c_save
2025-09-01 18:54:31,773 [INFO] CodeEngine:289 - Generated code: E:\STM32CubeIDE\lab06\Core\Src\tim.c
2025-09-01 18:54:31,776 [INFO] CodeEngine:265 - oldGeneratedFile, E:\STM32CubeIDE\lab06\Core\Inc\tim.h_save
2025-09-01 18:54:31,826 [INFO] CodeEngine:289 - Generated code: E:\STM32CubeIDE\lab06\Core\Inc\tim.h
2025-09-01 18:54:31,834 [INFO] CodeEngine:265 - oldGeneratedFile, E:\STM32CubeIDE\lab06\Core\Src\usart.c_save
2025-09-01 18:54:31,930 [INFO] CodeEngine:289 - Generated code: E:\STM32CubeIDE\lab06\Core\Src\usart.c
2025-09-01 18:54:31,934 [INFO] CodeEngine:265 - oldGeneratedFile, E:\STM32CubeIDE\lab06\Core\Inc\usart.h_save
2025-09-01 18:54:31,978 [INFO] CodeEngine:289 - Generated code: E:\STM32CubeIDE\lab06\Core\Inc\usart.h
2025-09-01 18:54:31,987 [INFO] CodeEngine:265 - oldGeneratedFile, E:\STM32CubeIDE\lab06\Core\Src\stm32f7xx_it.c_save
2025-09-01 18:54:32,174 [INFO] CodeEngine:289 - Generated code: E:\STM32CubeIDE\lab06\Core\Src\stm32f7xx_it.c
2025-09-01 18:54:32,177 [INFO] CodeEngine:265 - oldGeneratedFile, E:\STM32CubeIDE\lab06\Core\Inc\stm32f7xx_it.h_save
2025-09-01 18:54:32,215 [INFO] CodeEngine:289 - Generated code: E:\STM32CubeIDE\lab06\Core\Inc\stm32f7xx_it.h
2025-09-01 18:54:32,225 [INFO] CodeEngine:265 - oldGeneratedFile, E:\STM32CubeIDE\lab06\Core\Src\stm32f7xx_hal_msp.c_save
2025-09-01 18:54:32,315 [INFO] CodeEngine:289 - Generated code: E:\STM32CubeIDE\lab06\Core\Src\stm32f7xx_hal_msp.c
2025-09-01 18:54:32,317 [INFO] CodeEngine:265 - oldGeneratedFile, E:\STM32CubeIDE\lab06\MXTmpFiles\system.tmp_save
2025-09-01 18:54:32,351 [INFO] CodeEngine:289 - Generated code: E:\STM32CubeIDE\lab06\MXTmpFiles\system.tmp
2025-09-01 18:54:32,358 [INFO] CodeEngine:321 - oldGeneratedFile, E:\STM32CubeIDE\lab06\Core\Inc\stm32f7xx_hal_conf.h_save
2025-09-01 18:54:32,454 [INFO] CodeEngine:345 - Generated code: E:\STM32CubeIDE\lab06\Core\Inc\stm32f7xx_hal_conf.h
2025-09-01 18:54:32,475 [INFO] CodeEngine:265 - oldGeneratedFile, E:\STM32CubeIDE\lab06\Core\Inc\main.h_save
2025-09-01 18:54:32,562 [INFO] CodeEngine:289 - Generated code: E:\STM32CubeIDE\lab06\Core\Inc\main.h
2025-09-01 18:54:32,565 [INFO] CodeEngine:265 - oldGeneratedFile, E:\STM32CubeIDE\lab06\Core\Src\main.c_save
2025-09-01 18:54:32,633 [INFO] CodeEngine:289 - Generated code: E:\STM32CubeIDE\lab06\Core\Src\main.c
2025-09-01 18:54:32,794 [INFO] ProjectBuilder:3606 - Time for Copy HAL[1] : 88mS.
2025-09-01 18:54:32,795 [INFO] ProjectBuilder:5216 - Project Generator version: 4.7.0-B52
2025-09-01 18:54:32,837 [INFO] ConfigFileManager:1595 - The Die is : DIE451
2025-09-01 18:54:33,248 [INFO] ProjectBuilder:5496 - Time for Generating toolchain IDE Files: 453mS.
2025-09-01 18:54:33,249 [INFO] ProjectBuilder:3463 - Time for Copy CMSIS : 1mS.
2025-09-01 18:54:33,250 [INFO] ProjectBuilder:3463 - Time for Copy CMSIS : 0mS.
2025-09-01 18:54:33,787 [INFO] NvicIntPanel:101 - NVIC parent = com.st.microxplorer.plugins.ip.nvic.MultiNvicIntPanel[,0,0,0x0,invalid,layout=javax.swing.BoxLayout,alignmentX=0.0,alignmentY=0.0,border=,flags=9,maximumSize=,minimumSize=,preferredSize=]
2025-09-01 18:54:37,518 [INFO] UtilMem:75 - End SaveConfig() Used Memory: 636316568 Bytes (1067450368)
2025-09-01 18:54:37,835 [INFO] UtilMem:75 - End SaveConfig() Used Memory: 686121880 Bytes (1067450368)
2025-09-01 18:54:37,916 [INFO] BlockDiagram:2775 - set Specific Code input for plugin: TIM1_8F77
2025-09-01 18:54:37,916 [INFO] BlockDiagram:2775 - set Specific Code input for plugin: TIM1_8F77
2025-09-01 18:54:37,916 [INFO] BlockDiagram:2775 - set Specific Code input for plugin: SYS
2025-09-01 18:54:37,916 [INFO] BlockDiagram:2775 - set Specific Code input for plugin: RCC
2025-09-01 18:54:37,916 [INFO] BlockDiagram:2775 - set Specific Code input for plugin: NVIC
2025-09-01 18:54:37,916 [INFO] BlockDiagram:2775 - set Specific Code input for plugin: USART
2025-09-01 18:54:37,916 [INFO] BlockDiagram:2775 - set Specific Code input for plugin: CORTEX_M7
2025-09-01 18:54:37,917 [INFO] BlockDiagram:2775 - set Specific Code input for plugin: GPIO
2025-09-01 18:54:37,918 [INFO] CodeGenerator:892 - code generatio: config db path: E:\STM32CubeIDE_1.19.0\STM32CubeIDE\plugins\com.st.stm32cube.common.mx_6.15.0.202507011659\\db\
2025-09-01 18:54:37,968 [INFO] CodeEngine:265 - oldGeneratedFile, E:\STM32CubeIDE\lab06\MXTmpFiles\license.tmp_save
2025-09-01 18:54:38,031 [INFO] CodeEngine:289 - Generated code: E:\STM32CubeIDE\lab06\MXTmpFiles\license.tmp
2025-09-01 18:54:38,040 [INFO] CodeEngine:265 - oldGeneratedFile, E:\STM32CubeIDE\lab06\Core\Src\gpio.c_save
2025-09-01 18:54:38,109 [INFO] CodeEngine:289 - Generated code: E:\STM32CubeIDE\lab06\Core\Src\gpio.c
2025-09-01 18:54:38,111 [INFO] CodeEngine:265 - oldGeneratedFile, E:\STM32CubeIDE\lab06\Core\Inc\gpio.h_save
2025-09-01 18:54:38,146 [INFO] CodeEngine:289 - Generated code: E:\STM32CubeIDE\lab06\Core\Inc\gpio.h
2025-09-01 18:54:38,188 [INFO] CodeEngine:265 - oldGeneratedFile, E:\STM32CubeIDE\lab06\MXTmpFiles\cortex.tmp_save
2025-09-01 18:54:38,250 [INFO] CodeEngine:289 - Generated code: E:\STM32CubeIDE\lab06\MXTmpFiles\cortex.tmp
2025-09-01 18:54:38,258 [INFO] CodeEngine:265 - oldGeneratedFile, E:\STM32CubeIDE\lab06\Core\Src\tim.c_save
2025-09-01 18:54:38,365 [INFO] CodeEngine:289 - Generated code: E:\STM32CubeIDE\lab06\Core\Src\tim.c
2025-09-01 18:54:38,369 [INFO] CodeEngine:265 - oldGeneratedFile, E:\STM32CubeIDE\lab06\Core\Inc\tim.h_save
2025-09-01 18:54:38,416 [INFO] CodeEngine:289 - Generated code: E:\STM32CubeIDE\lab06\Core\Inc\tim.h
2025-09-01 18:54:38,421 [INFO] CodeEngine:265 - oldGeneratedFile, E:\STM32CubeIDE\lab06\Core\Src\usart.c_save
2025-09-01 18:54:38,499 [INFO] CodeEngine:289 - Generated code: E:\STM32CubeIDE\lab06\Core\Src\usart.c
2025-09-01 18:54:38,502 [INFO] CodeEngine:265 - oldGeneratedFile, E:\STM32CubeIDE\lab06\Core\Inc\usart.h_save
2025-09-01 18:54:38,531 [INFO] CodeEngine:289 - Generated code: E:\STM32CubeIDE\lab06\Core\Inc\usart.h
2025-09-01 18:54:38,539 [INFO] CodeEngine:265 - oldGeneratedFile, E:\STM32CubeIDE\lab06\Core\Src\stm32f7xx_it.c_save
2025-09-01 18:54:38,612 [INFO] CodeEngine:289 - Generated code: E:\STM32CubeIDE\lab06\Core\Src\stm32f7xx_it.c
2025-09-01 18:54:38,616 [INFO] CodeEngine:265 - oldGeneratedFile, E:\STM32CubeIDE\lab06\Core\Inc\stm32f7xx_it.h_save
2025-09-01 18:54:38,652 [INFO] CodeEngine:289 - Generated code: E:\STM32CubeIDE\lab06\Core\Inc\stm32f7xx_it.h
2025-09-01 18:54:38,661 [INFO] CodeEngine:265 - oldGeneratedFile, E:\STM32CubeIDE\lab06\Core\Src\stm32f7xx_hal_msp.c_save
2025-09-01 18:54:38,743 [INFO] CodeEngine:289 - Generated code: E:\STM32CubeIDE\lab06\Core\Src\stm32f7xx_hal_msp.c
2025-09-01 18:54:38,745 [INFO] CodeEngine:265 - oldGeneratedFile, E:\STM32CubeIDE\lab06\MXTmpFiles\system.tmp_save
2025-09-01 18:54:38,777 [INFO] CodeEngine:289 - Generated code: E:\STM32CubeIDE\lab06\MXTmpFiles\system.tmp
2025-09-01 18:54:38,783 [INFO] CodeEngine:321 - oldGeneratedFile, E:\STM32CubeIDE\lab06\Core\Inc\stm32f7xx_hal_conf.h_save
2025-09-01 18:54:38,872 [INFO] CodeEngine:345 - Generated code: E:\STM32CubeIDE\lab06\Core\Inc\stm32f7xx_hal_conf.h
2025-09-01 18:54:38,893 [INFO] CodeEngine:265 - oldGeneratedFile, E:\STM32CubeIDE\lab06\Core\Inc\main.h_save
2025-09-01 18:54:38,958 [INFO] CodeEngine:289 - Generated code: E:\STM32CubeIDE\lab06\Core\Inc\main.h
2025-09-01 18:54:38,961 [INFO] CodeEngine:265 - oldGeneratedFile, E:\STM32CubeIDE\lab06\Core\Src\main.c_save
2025-09-01 18:54:39,012 [INFO] CodeEngine:289 - Generated code: E:\STM32CubeIDE\lab06\Core\Src\main.c
2025-09-01 18:54:39,156 [INFO] ProjectBuilder:3606 - Time for Copy HAL[1] : 72mS.
2025-09-01 18:54:39,158 [INFO] ProjectBuilder:5216 - Project Generator version: 4.7.0-B52
2025-09-01 18:54:39,195 [INFO] ConfigFileManager:1595 - The Die is : DIE451
2025-09-01 18:54:39,517 [INFO] ProjectBuilder:5496 - Time for Generating toolchain IDE Files: 360mS.
2025-09-01 18:54:39,518 [INFO] ProjectBuilder:3463 - Time for Copy CMSIS : 1mS.
2025-09-01 18:54:39,519 [INFO] ProjectBuilder:3463 - Time for Copy CMSIS : 0mS.
2025-09-01 18:59:45,020 [INFO] NvicIntPanel:101 - NVIC parent = com.st.microxplorer.plugins.ip.nvic.MultiNvicIntPanel[,0,0,0x0,invalid,layout=javax.swing.BoxLayout,alignmentX=0.0,alignmentY=0.0,border=,flags=9,maximumSize=,minimumSize=,preferredSize=]
2025-09-01 19:00:20,958 [INFO] UtilMem:75 - End SaveConfig() Used Memory: 884157256 Bytes (1067450368)
2025-09-01 19:00:21,250 [INFO] UtilMem:75 - End SaveConfig() Used Memory: 933966664 Bytes (1067450368)
2025-09-01 19:00:21,322 [INFO] BlockDiagram:2775 - set Specific Code input for plugin: TIM1_8F77
2025-09-01 19:00:21,322 [INFO] BlockDiagram:2775 - set Specific Code input for plugin: TIM1_8F77
2025-09-01 19:00:21,322 [INFO] BlockDiagram:2775 - set Specific Code input for plugin: SYS
2025-09-01 19:00:21,322 [INFO] BlockDiagram:2775 - set Specific Code input for plugin: RCC
2025-09-01 19:00:21,322 [INFO] BlockDiagram:2775 - set Specific Code input for plugin: NVIC
2025-09-01 19:00:21,322 [INFO] BlockDiagram:2775 - set Specific Code input for plugin: USART
2025-09-01 19:00:21,322 [INFO] BlockDiagram:2775 - set Specific Code input for plugin: CORTEX_M7
2025-09-01 19:00:21,322 [INFO] BlockDiagram:2775 - set Specific Code input for plugin: GPIO
2025-09-01 19:00:21,323 [INFO] CodeGenerator:892 - code generatio: config db path: E:\STM32CubeIDE_1.19.0\STM32CubeIDE\plugins\com.st.stm32cube.common.mx_6.15.0.202507011659\\db\
2025-09-01 19:00:21,403 [INFO] CodeEngine:265 - oldGeneratedFile, E:\STM32CubeIDE\lab06\MXTmpFiles\license.tmp_save
2025-09-01 19:00:21,506 [INFO] CodeEngine:289 - Generated code: E:\STM32CubeIDE\lab06\MXTmpFiles\license.tmp
2025-09-01 19:00:21,515 [INFO] CodeEngine:265 - oldGeneratedFile, E:\STM32CubeIDE\lab06\Core\Src\gpio.c_save
2025-09-01 19:00:21,583 [INFO] CodeEngine:289 - Generated code: E:\STM32CubeIDE\lab06\Core\Src\gpio.c
2025-09-01 19:00:21,586 [INFO] CodeEngine:265 - oldGeneratedFile, E:\STM32CubeIDE\lab06\Core\Inc\gpio.h_save
2025-09-01 19:00:21,621 [INFO] CodeEngine:289 - Generated code: E:\STM32CubeIDE\lab06\Core\Inc\gpio.h
2025-09-01 19:00:21,661 [INFO] CodeEngine:265 - oldGeneratedFile, E:\STM32CubeIDE\lab06\MXTmpFiles\cortex.tmp_save
2025-09-01 19:00:21,726 [INFO] CodeEngine:289 - Generated code: E:\STM32CubeIDE\lab06\MXTmpFiles\cortex.tmp
2025-09-01 19:00:21,738 [INFO] CodeEngine:265 - oldGeneratedFile, E:\STM32CubeIDE\lab06\Core\Src\tim.c_save
2025-09-01 19:00:21,844 [INFO] CodeEngine:289 - Generated code: E:\STM32CubeIDE\lab06\Core\Src\tim.c
2025-09-01 19:00:21,848 [INFO] CodeEngine:265 - oldGeneratedFile, E:\STM32CubeIDE\lab06\Core\Inc\tim.h_save
2025-09-01 19:00:21,881 [INFO] CodeEngine:289 - Generated code: E:\STM32CubeIDE\lab06\Core\Inc\tim.h
2025-09-01 19:00:21,887 [INFO] CodeEngine:265 - oldGeneratedFile, E:\STM32CubeIDE\lab06\Core\Src\usart.c_save
2025-09-01 19:00:21,966 [INFO] CodeEngine:289 - Generated code: E:\STM32CubeIDE\lab06\Core\Src\usart.c
2025-09-01 19:00:21,969 [INFO] CodeEngine:265 - oldGeneratedFile, E:\STM32CubeIDE\lab06\Core\Inc\usart.h_save
2025-09-01 19:00:22,009 [INFO] CodeEngine:289 - Generated code: E:\STM32CubeIDE\lab06\Core\Inc\usart.h
2025-09-01 19:00:22,017 [INFO] CodeEngine:265 - oldGeneratedFile, E:\STM32CubeIDE\lab06\Core\Src\stm32f7xx_it.c_save
2025-09-01 19:00:22,098 [INFO] CodeEngine:289 - Generated code: E:\STM32CubeIDE\lab06\Core\Src\stm32f7xx_it.c
2025-09-01 19:00:22,100 [INFO] CodeEngine:265 - oldGeneratedFile, E:\STM32CubeIDE\lab06\Core\Inc\stm32f7xx_it.h_save
2025-09-01 19:00:22,139 [INFO] CodeEngine:289 - Generated code: E:\STM32CubeIDE\lab06\Core\Inc\stm32f7xx_it.h
2025-09-01 19:00:22,147 [INFO] CodeEngine:265 - oldGeneratedFile, E:\STM32CubeIDE\lab06\Core\Src\stm32f7xx_hal_msp.c_save
2025-09-01 19:00:22,226 [INFO] CodeEngine:289 - Generated code: E:\STM32CubeIDE\lab06\Core\Src\stm32f7xx_hal_msp.c
2025-09-01 19:00:22,229 [INFO] CodeEngine:265 - oldGeneratedFile, E:\STM32CubeIDE\lab06\MXTmpFiles\system.tmp_save
2025-09-01 19:00:22,261 [INFO] CodeEngine:289 - Generated code: E:\STM32CubeIDE\lab06\MXTmpFiles\system.tmp
2025-09-01 19:00:22,267 [INFO] CodeEngine:321 - oldGeneratedFile, E:\STM32CubeIDE\lab06\Core\Inc\stm32f7xx_hal_conf.h_save
2025-09-01 19:00:22,358 [INFO] CodeEngine:345 - Generated code: E:\STM32CubeIDE\lab06\Core\Inc\stm32f7xx_hal_conf.h
2025-09-01 19:00:22,375 [INFO] CodeEngine:265 - oldGeneratedFile, E:\STM32CubeIDE\lab06\Core\Inc\main.h_save
2025-09-01 19:00:22,445 [INFO] CodeEngine:289 - Generated code: E:\STM32CubeIDE\lab06\Core\Inc\main.h
2025-09-01 19:00:22,447 [INFO] CodeEngine:265 - oldGeneratedFile, E:\STM32CubeIDE\lab06\Core\Src\main.c_save
2025-09-01 19:00:22,502 [INFO] CodeEngine:289 - Generated code: E:\STM32CubeIDE\lab06\Core\Src\main.c
2025-09-01 19:00:22,644 [INFO] ProjectBuilder:3606 - Time for Copy HAL[1] : 70mS.
2025-09-01 19:00:22,645 [INFO] ProjectBuilder:5216 - Project Generator version: 4.7.0-B52
2025-09-01 19:00:22,683 [INFO] ConfigFileManager:1595 - The Die is : DIE451
2025-09-01 19:00:23,007 [INFO] ProjectBuilder:5496 - Time for Generating toolchain IDE Files: 362mS.
2025-09-01 19:00:23,007 [INFO] ProjectBuilder:3463 - Time for Copy CMSIS : 0mS.
2025-09-01 19:00:23,008 [INFO] ProjectBuilder:3463 - Time for Copy CMSIS : 0mS.
2025-09-01 19:00:49,518 [INFO] NvicIntPanel:101 - NVIC parent = com.st.microxplorer.plugins.ip.nvic.MultiNvicIntPanel[,0,0,0x0,invalid,layout=javax.swing.BoxLayout,alignmentX=0.0,alignmentY=0.0,border=,flags=9,maximumSize=,minimumSize=,preferredSize=]
2025-09-01 19:00:55,889 [INFO] UtilMem:75 - End SaveConfig() Used Memory: 865431576 Bytes (1067450368)
2025-09-01 19:00:55,936 [INFO] UtilMem:75 - End SaveConfig() Used Memory: 897411096 Bytes (1067450368)
2025-09-01 19:00:56,202 [INFO] UtilMem:75 - End SaveConfig() Used Memory: 427182672 Bytes (1067450368)
2025-09-01 19:00:56,269 [INFO] BlockDiagram:2775 - set Specific Code input for plugin: TIM1_8F77
2025-09-01 19:00:56,269 [INFO] BlockDiagram:2775 - set Specific Code input for plugin: TIM1_8F77
2025-09-01 19:00:56,269 [INFO] BlockDiagram:2775 - set Specific Code input for plugin: SYS
2025-09-01 19:00:56,269 [INFO] BlockDiagram:2775 - set Specific Code input for plugin: RCC
2025-09-01 19:00:56,269 [INFO] BlockDiagram:2775 - set Specific Code input for plugin: NVIC
2025-09-01 19:00:56,269 [INFO] BlockDiagram:2775 - set Specific Code input for plugin: USART
2025-09-01 19:00:56,269 [INFO] BlockDiagram:2775 - set Specific Code input for plugin: CORTEX_M7
2025-09-01 19:00:56,269 [INFO] BlockDiagram:2775 - set Specific Code input for plugin: GPIO
2025-09-01 19:00:56,270 [INFO] CodeGenerator:892 - code generatio: config db path: E:\STM32CubeIDE_1.19.0\STM32CubeIDE\plugins\com.st.stm32cube.common.mx_6.15.0.202507011659\\db\
2025-09-01 19:00:56,323 [INFO] CodeEngine:265 - oldGeneratedFile, E:\STM32CubeIDE\lab06\MXTmpFiles\license.tmp_save
2025-09-01 19:00:56,385 [INFO] CodeEngine:289 - Generated code: E:\STM32CubeIDE\lab06\MXTmpFiles\license.tmp
2025-09-01 19:00:56,393 [INFO] CodeEngine:265 - oldGeneratedFile, E:\STM32CubeIDE\lab06\Core\Src\gpio.c_save
2025-09-01 19:00:56,462 [INFO] CodeEngine:289 - Generated code: E:\STM32CubeIDE\lab06\Core\Src\gpio.c
2025-09-01 19:00:56,464 [INFO] CodeEngine:265 - oldGeneratedFile, E:\STM32CubeIDE\lab06\Core\Inc\gpio.h_save
2025-09-01 19:00:56,506 [INFO] CodeEngine:289 - Generated code: E:\STM32CubeIDE\lab06\Core\Inc\gpio.h
2025-09-01 19:00:56,540 [INFO] CodeEngine:265 - oldGeneratedFile, E:\STM32CubeIDE\lab06\MXTmpFiles\cortex.tmp_save
2025-09-01 19:00:56,601 [INFO] CodeEngine:289 - Generated code: E:\STM32CubeIDE\lab06\MXTmpFiles\cortex.tmp
2025-09-01 19:00:56,608 [INFO] CodeEngine:265 - oldGeneratedFile, E:\STM32CubeIDE\lab06\Core\Src\tim.c_save
2025-09-01 19:00:56,694 [INFO] CodeEngine:289 - Generated code: E:\STM32CubeIDE\lab06\Core\Src\tim.c
2025-09-01 19:00:56,697 [INFO] CodeEngine:265 - oldGeneratedFile, E:\STM32CubeIDE\lab06\Core\Inc\tim.h_save
2025-09-01 19:00:56,732 [INFO] CodeEngine:289 - Generated code: E:\STM32CubeIDE\lab06\Core\Inc\tim.h
2025-09-01 19:00:56,737 [INFO] CodeEngine:265 - oldGeneratedFile, E:\STM32CubeIDE\lab06\Core\Src\usart.c_save
2025-09-01 19:00:56,814 [INFO] CodeEngine:289 - Generated code: E:\STM32CubeIDE\lab06\Core\Src\usart.c
2025-09-01 19:00:56,817 [INFO] CodeEngine:265 - oldGeneratedFile, E:\STM32CubeIDE\lab06\Core\Inc\usart.h_save
2025-09-01 19:00:56,857 [INFO] CodeEngine:289 - Generated code: E:\STM32CubeIDE\lab06\Core\Inc\usart.h
2025-09-01 19:00:56,864 [INFO] CodeEngine:265 - oldGeneratedFile, E:\STM32CubeIDE\lab06\Core\Src\stm32f7xx_it.c_save
2025-09-01 19:00:56,937 [INFO] CodeEngine:289 - Generated code: E:\STM32CubeIDE\lab06\Core\Src\stm32f7xx_it.c
2025-09-01 19:00:56,939 [INFO] CodeEngine:265 - oldGeneratedFile, E:\STM32CubeIDE\lab06\Core\Inc\stm32f7xx_it.h_save
2025-09-01 19:00:56,971 [INFO] CodeEngine:289 - Generated code: E:\STM32CubeIDE\lab06\Core\Inc\stm32f7xx_it.h
2025-09-01 19:00:56,979 [INFO] CodeEngine:265 - oldGeneratedFile, E:\STM32CubeIDE\lab06\Core\Src\stm32f7xx_hal_msp.c_save
2025-09-01 19:00:57,063 [INFO] CodeEngine:289 - Generated code: E:\STM32CubeIDE\lab06\Core\Src\stm32f7xx_hal_msp.c
2025-09-01 19:00:57,065 [INFO] CodeEngine:265 - oldGeneratedFile, E:\STM32CubeIDE\lab06\MXTmpFiles\system.tmp_save
2025-09-01 19:00:57,103 [INFO] CodeEngine:289 - Generated code: E:\STM32CubeIDE\lab06\MXTmpFiles\system.tmp
2025-09-01 19:00:57,108 [INFO] CodeEngine:321 - oldGeneratedFile, E:\STM32CubeIDE\lab06\Core\Inc\stm32f7xx_hal_conf.h_save
2025-09-01 19:00:57,198 [INFO] CodeEngine:345 - Generated code: E:\STM32CubeIDE\lab06\Core\Inc\stm32f7xx_hal_conf.h
2025-09-01 19:00:57,216 [INFO] CodeEngine:265 - oldGeneratedFile, E:\STM32CubeIDE\lab06\Core\Inc\main.h_save
2025-09-01 19:00:57,284 [INFO] CodeEngine:289 - Generated code: E:\STM32CubeIDE\lab06\Core\Inc\main.h
2025-09-01 19:00:57,286 [INFO] CodeEngine:265 - oldGeneratedFile, E:\STM32CubeIDE\lab06\Core\Src\main.c_save
2025-09-01 19:00:57,341 [INFO] CodeEngine:289 - Generated code: E:\STM32CubeIDE\lab06\Core\Src\main.c
2025-09-01 19:00:57,478 [INFO] ProjectBuilder:3606 - Time for Copy HAL[1] : 67mS.
2025-09-01 19:00:57,479 [INFO] ProjectBuilder:5216 - Project Generator version: 4.7.0-B52
2025-09-01 19:00:57,516 [INFO] ConfigFileManager:1595 - The Die is : DIE451
2025-09-01 19:00:57,813 [INFO] ProjectBuilder:5496 - Time for Generating toolchain IDE Files: 334mS.
2025-09-01 19:00:57,814 [INFO] ProjectBuilder:3463 - Time for Copy CMSIS : 1mS.
2025-09-01 19:00:57,815 [INFO] ProjectBuilder:3463 - Time for Copy CMSIS : 0mS.
2025-09-01 19:01:01,091 [INFO] UtilMem:75 - End SaveConfig() Used Memory: 491015744 Bytes (1067450368)
2025-09-01 19:01:01,154 [INFO] BlockDiagram:2775 - set Specific Code input for plugin: TIM1_8F77
2025-09-01 19:01:01,154 [INFO] BlockDiagram:2775 - set Specific Code input for plugin: TIM1_8F77
2025-09-01 19:01:01,154 [INFO] BlockDiagram:2775 - set Specific Code input for plugin: SYS
2025-09-01 19:01:01,154 [INFO] BlockDiagram:2775 - set Specific Code input for plugin: RCC
2025-09-01 19:01:01,154 [INFO] BlockDiagram:2775 - set Specific Code input for plugin: NVIC
2025-09-01 19:01:01,154 [INFO] BlockDiagram:2775 - set Specific Code input for plugin: USART
2025-09-01 19:01:01,154 [INFO] BlockDiagram:2775 - set Specific Code input for plugin: CORTEX_M7
2025-09-01 19:01:01,154 [INFO] BlockDiagram:2775 - set Specific Code input for plugin: GPIO
2025-09-01 19:01:01,154 [INFO] CodeGenerator:892 - code generatio: config db path: E:\STM32CubeIDE_1.19.0\STM32CubeIDE\plugins\com.st.stm32cube.common.mx_6.15.0.202507011659\\db\
2025-09-01 19:01:01,205 [INFO] CodeEngine:265 - oldGeneratedFile, E:\STM32CubeIDE\lab06\MXTmpFiles\license.tmp_save
2025-09-01 19:01:01,267 [INFO] CodeEngine:289 - Generated code: E:\STM32CubeIDE\lab06\MXTmpFiles\license.tmp
2025-09-01 19:01:01,274 [INFO] CodeEngine:265 - oldGeneratedFile, E:\STM32CubeIDE\lab06\Core\Src\gpio.c_save
2025-09-01 19:01:01,343 [INFO] CodeEngine:289 - Generated code: E:\STM32CubeIDE\lab06\Core\Src\gpio.c
2025-09-01 19:01:01,346 [INFO] CodeEngine:265 - oldGeneratedFile, E:\STM32CubeIDE\lab06\Core\Inc\gpio.h_save
2025-09-01 19:01:01,380 [INFO] CodeEngine:289 - Generated code: E:\STM32CubeIDE\lab06\Core\Inc\gpio.h
2025-09-01 19:01:01,410 [INFO] CodeEngine:265 - oldGeneratedFile, E:\STM32CubeIDE\lab06\MXTmpFiles\cortex.tmp_save
2025-09-01 19:01:01,465 [INFO] CodeEngine:289 - Generated code: E:\STM32CubeIDE\lab06\MXTmpFiles\cortex.tmp
2025-09-01 19:01:01,471 [INFO] CodeEngine:265 - oldGeneratedFile, E:\STM32CubeIDE\lab06\Core\Src\tim.c_save
2025-09-01 19:01:01,547 [INFO] CodeEngine:289 - Generated code: E:\STM32CubeIDE\lab06\Core\Src\tim.c
2025-09-01 19:01:01,550 [INFO] CodeEngine:265 - oldGeneratedFile, E:\STM32CubeIDE\lab06\Core\Inc\tim.h_save
2025-09-01 19:01:01,579 [INFO] CodeEngine:289 - Generated code: E:\STM32CubeIDE\lab06\Core\Inc\tim.h
2025-09-01 19:01:01,584 [INFO] CodeEngine:265 - oldGeneratedFile, E:\STM32CubeIDE\lab06\Core\Src\usart.c_save
2025-09-01 19:01:01,660 [INFO] CodeEngine:289 - Generated code: E:\STM32CubeIDE\lab06\Core\Src\usart.c
2025-09-01 19:01:01,663 [INFO] CodeEngine:265 - oldGeneratedFile, E:\STM32CubeIDE\lab06\Core\Inc\usart.h_save
2025-09-01 19:01:01,696 [INFO] CodeEngine:289 - Generated code: E:\STM32CubeIDE\lab06\Core\Inc\usart.h
2025-09-01 19:01:01,704 [INFO] CodeEngine:265 - oldGeneratedFile, E:\STM32CubeIDE\lab06\Core\Src\stm32f7xx_it.c_save
2025-09-01 19:01:01,776 [INFO] CodeEngine:289 - Generated code: E:\STM32CubeIDE\lab06\Core\Src\stm32f7xx_it.c
2025-09-01 19:01:01,779 [INFO] CodeEngine:265 - oldGeneratedFile, E:\STM32CubeIDE\lab06\Core\Inc\stm32f7xx_it.h_save
2025-09-01 19:01:01,810 [INFO] CodeEngine:289 - Generated code: E:\STM32CubeIDE\lab06\Core\Inc\stm32f7xx_it.h
2025-09-01 19:01:01,818 [INFO] CodeEngine:265 - oldGeneratedFile, E:\STM32CubeIDE\lab06\Core\Src\stm32f7xx_hal_msp.c_save
2025-09-01 19:01:01,893 [INFO] CodeEngine:289 - Generated code: E:\STM32CubeIDE\lab06\Core\Src\stm32f7xx_hal_msp.c
2025-09-01 19:01:01,894 [INFO] CodeEngine:265 - oldGeneratedFile, E:\STM32CubeIDE\lab06\MXTmpFiles\system.tmp_save
2025-09-01 19:01:01,923 [INFO] CodeEngine:289 - Generated code: E:\STM32CubeIDE\lab06\MXTmpFiles\system.tmp
2025-09-01 19:01:01,928 [INFO] CodeEngine:321 - oldGeneratedFile, E:\STM32CubeIDE\lab06\Core\Inc\stm32f7xx_hal_conf.h_save
2025-09-01 19:01:02,016 [INFO] CodeEngine:345 - Generated code: E:\STM32CubeIDE\lab06\Core\Inc\stm32f7xx_hal_conf.h
2025-09-01 19:01:02,034 [INFO] CodeEngine:265 - oldGeneratedFile, E:\STM32CubeIDE\lab06\Core\Inc\main.h_save
2025-09-01 19:01:02,107 [INFO] CodeEngine:289 - Generated code: E:\STM32CubeIDE\lab06\Core\Inc\main.h
2025-09-01 19:01:02,110 [INFO] CodeEngine:265 - oldGeneratedFile, E:\STM32CubeIDE\lab06\Core\Src\main.c_save
2025-09-01 19:01:02,163 [INFO] CodeEngine:289 - Generated code: E:\STM32CubeIDE\lab06\Core\Src\main.c
2025-09-01 19:01:02,297 [INFO] ProjectBuilder:3606 - Time for Copy HAL[1] : 65mS.
2025-09-01 19:01:02,298 [INFO] ProjectBuilder:5216 - Project Generator version: 4.7.0-B52
2025-09-01 19:01:02,335 [INFO] ConfigFileManager:1595 - The Die is : DIE451
2025-09-01 19:01:02,644 [INFO] ProjectBuilder:5496 - Time for Generating toolchain IDE Files: 346mS.
2025-09-01 19:01:02,645 [INFO] ProjectBuilder:3463 - Time for Copy CMSIS : 1mS.
2025-09-01 19:01:02,646 [INFO] ProjectBuilder:3463 - Time for Copy CMSIS : 1mS.
2025-09-01 19:04:02,209 [INFO] NvicIntPanel:101 - NVIC parent = com.st.microxplorer.plugins.ip.nvic.MultiNvicIntPanel[,0,0,0x0,invalid,layout=javax.swing.BoxLayout,alignmentX=0.0,alignmentY=0.0,border=,flags=9,maximumSize=,minimumSize=,preferredSize=]
2025-09-01 19:04:06,245 [INFO] UtilMem:75 - End SaveConfig() Used Memory: 641132168 Bytes (1067450368)
2025-09-01 19:04:06,517 [INFO] UtilMem:75 - End SaveConfig() Used Memory: 690937480 Bytes (1067450368)
2025-09-01 19:04:06,578 [INFO] BlockDiagram:2775 - set Specific Code input for plugin: TIM1_8F77
2025-09-01 19:04:06,579 [INFO] BlockDiagram:2775 - set Specific Code input for plugin: TIM1_8F77
2025-09-01 19:04:06,579 [INFO] BlockDiagram:2775 - set Specific Code input for plugin: SYS
2025-09-01 19:04:06,579 [INFO] BlockDiagram:2775 - set Specific Code input for plugin: RCC
2025-09-01 19:04:06,579 [INFO] BlockDiagram:2775 - set Specific Code input for plugin: NVIC
2025-09-01 19:04:06,579 [INFO] BlockDiagram:2775 - set Specific Code input for plugin: USART
2025-09-01 19:04:06,579 [INFO] BlockDiagram:2775 - set Specific Code input for plugin: CORTEX_M7
2025-09-01 19:04:06,579 [INFO] BlockDiagram:2775 - set Specific Code input for plugin: GPIO
2025-09-01 19:04:06,579 [INFO] CodeGenerator:892 - code generatio: config db path: E:\STM32CubeIDE_1.19.0\STM32CubeIDE\plugins\com.st.stm32cube.common.mx_6.15.0.202507011659\\db\
2025-09-01 19:04:06,630 [INFO] CodeEngine:265 - oldGeneratedFile, E:\STM32CubeIDE\lab06\MXTmpFiles\license.tmp_save
2025-09-01 19:04:06,692 [INFO] CodeEngine:289 - Generated code: E:\STM32CubeIDE\lab06\MXTmpFiles\license.tmp
2025-09-01 19:04:06,700 [INFO] CodeEngine:265 - oldGeneratedFile, E:\STM32CubeIDE\lab06\Core\Src\gpio.c_save
2025-09-01 19:04:06,770 [INFO] CodeEngine:289 - Generated code: E:\STM32CubeIDE\lab06\Core\Src\gpio.c
2025-09-01 19:04:06,772 [INFO] CodeEngine:265 - oldGeneratedFile, E:\STM32CubeIDE\lab06\Core\Inc\gpio.h_save
2025-09-01 19:04:06,805 [INFO] CodeEngine:289 - Generated code: E:\STM32CubeIDE\lab06\Core\Inc\gpio.h
2025-09-01 19:04:06,838 [INFO] CodeEngine:265 - oldGeneratedFile, E:\STM32CubeIDE\lab06\MXTmpFiles\cortex.tmp_save
2025-09-01 19:04:06,896 [INFO] CodeEngine:289 - Generated code: E:\STM32CubeIDE\lab06\MXTmpFiles\cortex.tmp
2025-09-01 19:04:06,902 [INFO] CodeEngine:265 - oldGeneratedFile, E:\STM32CubeIDE\lab06\Core\Src\tim.c_save
2025-09-01 19:04:07,004 [INFO] CodeEngine:289 - Generated code: E:\STM32CubeIDE\lab06\Core\Src\tim.c
2025-09-01 19:04:07,007 [INFO] CodeEngine:265 - oldGeneratedFile, E:\STM32CubeIDE\lab06\Core\Inc\tim.h_save
2025-09-01 19:04:07,040 [INFO] CodeEngine:289 - Generated code: E:\STM32CubeIDE\lab06\Core\Inc\tim.h
2025-09-01 19:04:07,045 [INFO] CodeEngine:265 - oldGeneratedFile, E:\STM32CubeIDE\lab06\Core\Src\usart.c_save
2025-09-01 19:04:07,129 [INFO] CodeEngine:289 - Generated code: E:\STM32CubeIDE\lab06\Core\Src\usart.c
2025-09-01 19:04:07,133 [INFO] CodeEngine:265 - oldGeneratedFile, E:\STM32CubeIDE\lab06\Core\Inc\usart.h_save
2025-09-01 19:04:07,170 [INFO] CodeEngine:289 - Generated code: E:\STM32CubeIDE\lab06\Core\Inc\usart.h
2025-09-01 19:04:07,177 [INFO] CodeEngine:265 - oldGeneratedFile, E:\STM32CubeIDE\lab06\Core\Src\stm32f7xx_it.c_save
2025-09-01 19:04:07,267 [INFO] CodeEngine:289 - Generated code: E:\STM32CubeIDE\lab06\Core\Src\stm32f7xx_it.c
2025-09-01 19:04:07,277 [INFO] CodeEngine:265 - oldGeneratedFile, E:\STM32CubeIDE\lab06\Core\Inc\stm32f7xx_it.h_save
2025-09-01 19:04:07,311 [INFO] CodeEngine:289 - Generated code: E:\STM32CubeIDE\lab06\Core\Inc\stm32f7xx_it.h
2025-09-01 19:04:07,321 [INFO] CodeEngine:265 - oldGeneratedFile, E:\STM32CubeIDE\lab06\Core\Src\stm32f7xx_hal_msp.c_save
2025-09-01 19:04:07,403 [INFO] CodeEngine:289 - Generated code: E:\STM32CubeIDE\lab06\Core\Src\stm32f7xx_hal_msp.c
2025-09-01 19:04:07,405 [INFO] CodeEngine:265 - oldGeneratedFile, E:\STM32CubeIDE\lab06\MXTmpFiles\system.tmp_save
2025-09-01 19:04:07,443 [INFO] CodeEngine:289 - Generated code: E:\STM32CubeIDE\lab06\MXTmpFiles\system.tmp
2025-09-01 19:04:07,448 [INFO] CodeEngine:321 - oldGeneratedFile, E:\STM32CubeIDE\lab06\Core\Inc\stm32f7xx_hal_conf.h_save
2025-09-01 19:04:07,540 [INFO] CodeEngine:345 - Generated code: E:\STM32CubeIDE\lab06\Core\Inc\stm32f7xx_hal_conf.h
2025-09-01 19:04:07,557 [INFO] CodeEngine:265 - oldGeneratedFile, E:\STM32CubeIDE\lab06\Core\Inc\main.h_save
2025-09-01 19:04:07,622 [INFO] CodeEngine:289 - Generated code: E:\STM32CubeIDE\lab06\Core\Inc\main.h
2025-09-01 19:04:07,624 [INFO] CodeEngine:265 - oldGeneratedFile, E:\STM32CubeIDE\lab06\Core\Src\main.c_save
2025-09-01 19:04:07,676 [INFO] CodeEngine:289 - Generated code: E:\STM32CubeIDE\lab06\Core\Src\main.c
2025-09-01 19:04:07,850 [INFO] ProjectBuilder:3606 - Time for Copy HAL[1] : 82mS.
2025-09-01 19:04:07,852 [INFO] ProjectBuilder:5216 - Project Generator version: 4.7.0-B52
2025-09-01 19:04:07,889 [INFO] ConfigFileManager:1595 - The Die is : DIE451
2025-09-01 19:04:08,190 [INFO] ProjectBuilder:5496 - Time for Generating toolchain IDE Files: 339mS.
2025-09-01 19:04:08,190 [INFO] ProjectBuilder:3463 - Time for Copy CMSIS : 0mS.
2025-09-01 19:04:08,191 [INFO] ProjectBuilder:3463 - Time for Copy CMSIS : 0mS.
2025-09-01 19:08:01,225 [INFO] UtilMem:75 - End SaveConfig() Used Memory: 656986040 Bytes (1067450368)
2025-09-01 19:08:01,506 [INFO] BlockDiagram:2775 - set Specific Code input for plugin: TIM1_8F77
2025-09-01 19:08:01,506 [INFO] BlockDiagram:2775 - set Specific Code input for plugin: TIM1_8F77
2025-09-01 19:08:01,506 [INFO] BlockDiagram:2775 - set Specific Code input for plugin: SYS
2025-09-01 19:08:01,506 [INFO] BlockDiagram:2775 - set Specific Code input for plugin: RCC
2025-09-01 19:08:01,506 [INFO] BlockDiagram:2775 - set Specific Code input for plugin: NVIC
2025-09-01 19:08:01,506 [INFO] BlockDiagram:2775 - set Specific Code input for plugin: USART
2025-09-01 19:08:01,506 [INFO] BlockDiagram:2775 - set Specific Code input for plugin: CORTEX_M7
2025-09-01 19:08:01,507 [INFO] BlockDiagram:2775 - set Specific Code input for plugin: GPIO
2025-09-01 19:08:01,507 [INFO] CodeGenerator:892 - code generatio: config db path: E:\STM32CubeIDE_1.19.0\STM32CubeIDE\plugins\com.st.stm32cube.common.mx_6.15.0.202507011659\\db\
2025-09-01 19:08:01,570 [INFO] CodeEngine:265 - oldGeneratedFile, E:\STM32CubeIDE\lab06\MXTmpFiles\license.tmp_save
2025-09-01 19:08:01,707 [INFO] CodeEngine:289 - Generated code: E:\STM32CubeIDE\lab06\MXTmpFiles\license.tmp
2025-09-01 19:08:01,720 [INFO] CodeEngine:265 - oldGeneratedFile, E:\STM32CubeIDE\lab06\Core\Src\gpio.c_save
2025-09-01 19:08:01,819 [INFO] CodeEngine:289 - Generated code: E:\STM32CubeIDE\lab06\Core\Src\gpio.c
2025-09-01 19:08:01,823 [INFO] CodeEngine:265 - oldGeneratedFile, E:\STM32CubeIDE\lab06\Core\Inc\gpio.h_save
2025-09-01 19:08:01,881 [INFO] CodeEngine:289 - Generated code: E:\STM32CubeIDE\lab06\Core\Inc\gpio.h
2025-09-01 19:08:01,931 [INFO] CodeEngine:265 - oldGeneratedFile, E:\STM32CubeIDE\lab06\MXTmpFiles\cortex.tmp_save
2025-09-01 19:08:02,013 [INFO] CodeEngine:289 - Generated code: E:\STM32CubeIDE\lab06\MXTmpFiles\cortex.tmp
2025-09-01 19:08:02,021 [INFO] CodeEngine:265 - oldGeneratedFile, E:\STM32CubeIDE\lab06\Core\Src\tim.c_save
2025-09-01 19:08:02,141 [INFO] CodeEngine:289 - Generated code: E:\STM32CubeIDE\lab06\Core\Src\tim.c
2025-09-01 19:08:02,145 [INFO] CodeEngine:265 - oldGeneratedFile, E:\STM32CubeIDE\lab06\Core\Inc\tim.h_save
2025-09-01 19:08:02,208 [INFO] CodeEngine:289 - Generated code: E:\STM32CubeIDE\lab06\Core\Inc\tim.h
2025-09-01 19:08:02,215 [INFO] CodeEngine:265 - oldGeneratedFile, E:\STM32CubeIDE\lab06\Core\Src\usart.c_save
2025-09-01 19:08:02,314 [INFO] CodeEngine:289 - Generated code: E:\STM32CubeIDE\lab06\Core\Src\usart.c
2025-09-01 19:08:02,317 [INFO] CodeEngine:265 - oldGeneratedFile, E:\STM32CubeIDE\lab06\Core\Inc\usart.h_save
2025-09-01 19:08:02,359 [INFO] CodeEngine:289 - Generated code: E:\STM32CubeIDE\lab06\Core\Inc\usart.h
2025-09-01 19:08:02,369 [INFO] CodeEngine:265 - oldGeneratedFile, E:\STM32CubeIDE\lab06\Core\Src\stm32f7xx_it.c_save
2025-09-01 19:08:02,460 [INFO] CodeEngine:289 - Generated code: E:\STM32CubeIDE\lab06\Core\Src\stm32f7xx_it.c
2025-09-01 19:08:02,470 [INFO] CodeEngine:265 - oldGeneratedFile, E:\STM32CubeIDE\lab06\Core\Inc\stm32f7xx_it.h_save
2025-09-01 19:08:02,506 [INFO] CodeEngine:289 - Generated code: E:\STM32CubeIDE\lab06\Core\Inc\stm32f7xx_it.h
2025-09-01 19:08:02,517 [INFO] CodeEngine:265 - oldGeneratedFile, E:\STM32CubeIDE\lab06\Core\Src\stm32f7xx_hal_msp.c_save
2025-09-01 19:08:02,599 [INFO] CodeEngine:289 - Generated code: E:\STM32CubeIDE\lab06\Core\Src\stm32f7xx_hal_msp.c
2025-09-01 19:08:02,601 [INFO] CodeEngine:265 - oldGeneratedFile, E:\STM32CubeIDE\lab06\MXTmpFiles\system.tmp_save
2025-09-01 19:08:02,636 [INFO] CodeEngine:289 - Generated code: E:\STM32CubeIDE\lab06\MXTmpFiles\system.tmp
2025-09-01 19:08:02,643 [INFO] CodeEngine:321 - oldGeneratedFile, E:\STM32CubeIDE\lab06\Core\Inc\stm32f7xx_hal_conf.h_save
2025-09-01 19:08:02,742 [INFO] CodeEngine:345 - Generated code: E:\STM32CubeIDE\lab06\Core\Inc\stm32f7xx_hal_conf.h
2025-09-01 19:08:02,764 [INFO] CodeEngine:265 - oldGeneratedFile, E:\STM32CubeIDE\lab06\Core\Inc\main.h_save
2025-09-01 19:08:02,845 [INFO] CodeEngine:289 - Generated code: E:\STM32CubeIDE\lab06\Core\Inc\main.h
2025-09-01 19:08:02,848 [INFO] CodeEngine:265 - oldGeneratedFile, E:\STM32CubeIDE\lab06\Core\Src\main.c_save
2025-09-01 19:08:02,906 [INFO] CodeEngine:289 - Generated code: E:\STM32CubeIDE\lab06\Core\Src\main.c
2025-09-01 19:08:03,115 [INFO] ProjectBuilder:3606 - Time for Copy HAL[1] : 98mS.
2025-09-01 19:08:03,117 [INFO] ProjectBuilder:5216 - Project Generator version: 4.7.0-B52
2025-09-01 19:08:03,159 [INFO] ConfigFileManager:1595 - The Die is : DIE451
2025-09-01 19:08:03,725 [INFO] ProjectBuilder:5496 - Time for Generating toolchain IDE Files: 607mS.
2025-09-01 19:08:03,726 [INFO] ProjectBuilder:3463 - Time for Copy CMSIS : 0mS.
2025-09-01 19:08:03,727 [INFO] ProjectBuilder:3463 - Time for Copy CMSIS : 1mS.
2025-09-01 19:10:42,436 [INFO] UtilMem:75 - End SaveConfig() Used Memory: 610625560 Bytes (1067450368)
2025-09-01 19:10:42,521 [INFO] BlockDiagram:2775 - set Specific Code input for plugin: TIM1_8F77
2025-09-01 19:10:42,521 [INFO] BlockDiagram:2775 - set Specific Code input for plugin: TIM1_8F77
2025-09-01 19:10:42,521 [INFO] BlockDiagram:2775 - set Specific Code input for plugin: SYS
2025-09-01 19:10:42,521 [INFO] BlockDiagram:2775 - set Specific Code input for plugin: RCC
2025-09-01 19:10:42,521 [INFO] BlockDiagram:2775 - set Specific Code input for plugin: NVIC
2025-09-01 19:10:42,521 [INFO] BlockDiagram:2775 - set Specific Code input for plugin: USART
2025-09-01 19:10:42,521 [INFO] BlockDiagram:2775 - set Specific Code input for plugin: CORTEX_M7
2025-09-01 19:10:42,521 [INFO] BlockDiagram:2775 - set Specific Code input for plugin: GPIO
2025-09-01 19:10:42,522 [INFO] CodeGenerator:892 - code generatio: config db path: E:\STM32CubeIDE_1.19.0\STM32CubeIDE\plugins\com.st.stm32cube.common.mx_6.15.0.202507011659\\db\
2025-09-01 19:10:42,579 [INFO] CodeEngine:265 - oldGeneratedFile, E:\STM32CubeIDE\lab06\MXTmpFiles\license.tmp_save
2025-09-01 19:10:42,646 [INFO] CodeEngine:289 - Generated code: E:\STM32CubeIDE\lab06\MXTmpFiles\license.tmp
2025-09-01 19:10:42,657 [INFO] CodeEngine:265 - oldGeneratedFile, E:\STM32CubeIDE\lab06\Core\Src\gpio.c_save
2025-09-01 19:10:42,729 [INFO] CodeEngine:289 - Generated code: E:\STM32CubeIDE\lab06\Core\Src\gpio.c
2025-09-01 19:10:42,732 [INFO] CodeEngine:265 - oldGeneratedFile, E:\STM32CubeIDE\lab06\Core\Inc\gpio.h_save
2025-09-01 19:10:42,769 [INFO] CodeEngine:289 - Generated code: E:\STM32CubeIDE\lab06\Core\Inc\gpio.h
2025-09-01 19:10:42,810 [INFO] CodeEngine:265 - oldGeneratedFile, E:\STM32CubeIDE\lab06\MXTmpFiles\cortex.tmp_save
2025-09-01 19:10:42,875 [INFO] CodeEngine:289 - Generated code: E:\STM32CubeIDE\lab06\MXTmpFiles\cortex.tmp
2025-09-01 19:10:42,884 [INFO] CodeEngine:265 - oldGeneratedFile, E:\STM32CubeIDE\lab06\Core\Src\tim.c_save
2025-09-01 19:10:42,980 [INFO] CodeEngine:289 - Generated code: E:\STM32CubeIDE\lab06\Core\Src\tim.c
2025-09-01 19:10:42,983 [INFO] CodeEngine:265 - oldGeneratedFile, E:\STM32CubeIDE\lab06\Core\Inc\tim.h_save
2025-09-01 19:10:43,019 [INFO] CodeEngine:289 - Generated code: E:\STM32CubeIDE\lab06\Core\Inc\tim.h
2025-09-01 19:10:43,027 [INFO] CodeEngine:265 - oldGeneratedFile, E:\STM32CubeIDE\lab06\Core\Src\usart.c_save
2025-09-01 19:10:43,110 [INFO] CodeEngine:289 - Generated code: E:\STM32CubeIDE\lab06\Core\Src\usart.c
2025-09-01 19:10:43,114 [INFO] CodeEngine:265 - oldGeneratedFile, E:\STM32CubeIDE\lab06\Core\Inc\usart.h_save
2025-09-01 19:10:43,147 [INFO] CodeEngine:289 - Generated code: E:\STM32CubeIDE\lab06\Core\Inc\usart.h
2025-09-01 19:10:43,156 [INFO] CodeEngine:265 - oldGeneratedFile, E:\STM32CubeIDE\lab06\Core\Src\stm32f7xx_it.c_save
2025-09-01 19:10:43,235 [INFO] CodeEngine:289 - Generated code: E:\STM32CubeIDE\lab06\Core\Src\stm32f7xx_it.c
2025-09-01 19:10:43,245 [INFO] CodeEngine:265 - oldGeneratedFile, E:\STM32CubeIDE\lab06\Core\Inc\stm32f7xx_it.h_save
2025-09-01 19:10:43,279 [INFO] CodeEngine:289 - Generated code: E:\STM32CubeIDE\lab06\Core\Inc\stm32f7xx_it.h
2025-09-01 19:10:43,288 [INFO] CodeEngine:265 - oldGeneratedFile, E:\STM32CubeIDE\lab06\Core\Src\stm32f7xx_hal_msp.c_save
2025-09-01 19:10:43,367 [INFO] CodeEngine:289 - Generated code: E:\STM32CubeIDE\lab06\Core\Src\stm32f7xx_hal_msp.c
2025-09-01 19:10:43,369 [INFO] CodeEngine:265 - oldGeneratedFile, E:\STM32CubeIDE\lab06\MXTmpFiles\system.tmp_save
2025-09-01 19:10:43,399 [INFO] CodeEngine:289 - Generated code: E:\STM32CubeIDE\lab06\MXTmpFiles\system.tmp
2025-09-01 19:10:43,407 [INFO] CodeEngine:321 - oldGeneratedFile, E:\STM32CubeIDE\lab06\Core\Inc\stm32f7xx_hal_conf.h_save
2025-09-01 19:10:43,494 [INFO] CodeEngine:345 - Generated code: E:\STM32CubeIDE\lab06\Core\Inc\stm32f7xx_hal_conf.h
2025-09-01 19:10:43,513 [INFO] CodeEngine:265 - oldGeneratedFile, E:\STM32CubeIDE\lab06\Core\Inc\main.h_save
2025-09-01 19:10:43,588 [INFO] CodeEngine:289 - Generated code: E:\STM32CubeIDE\lab06\Core\Inc\main.h
2025-09-01 19:10:43,591 [INFO] CodeEngine:265 - oldGeneratedFile, E:\STM32CubeIDE\lab06\Core\Src\main.c_save
2025-09-01 19:10:43,651 [INFO] CodeEngine:289 - Generated code: E:\STM32CubeIDE\lab06\Core\Src\main.c
2025-09-01 19:10:43,825 [INFO] ProjectBuilder:3606 - Time for Copy HAL[1] : 79mS.
2025-09-01 19:10:43,826 [INFO] ProjectBuilder:5216 - Project Generator version: 4.7.0-B52
2025-09-01 19:10:43,865 [INFO] ConfigFileManager:1595 - The Die is : DIE451
2025-09-01 19:10:44,231 [INFO] ProjectBuilder:5496 - Time for Generating toolchain IDE Files: 405mS.
2025-09-01 19:10:44,232 [INFO] ProjectBuilder:3463 - Time for Copy CMSIS : 0mS.
2025-09-01 19:10:44,233 [INFO] ProjectBuilder:3463 - Time for Copy CMSIS : 0mS.
2025-09-01 19:20:35,991 [INFO] UtilMem:75 - End SaveConfig() Used Memory: 670248712 Bytes (1067450368)
2025-09-01 19:20:36,078 [INFO] BlockDiagram:2775 - set Specific Code input for plugin: TIM1_8F77
2025-09-01 19:20:36,079 [INFO] BlockDiagram:2775 - set Specific Code input for plugin: TIM1_8F77
2025-09-01 19:20:36,079 [INFO] BlockDiagram:2775 - set Specific Code input for plugin: SYS
2025-09-01 19:20:36,079 [INFO] BlockDiagram:2775 - set Specific Code input for plugin: RCC
2025-09-01 19:20:36,079 [INFO] BlockDiagram:2775 - set Specific Code input for plugin: NVIC
2025-09-01 19:20:36,079 [INFO] BlockDiagram:2775 - set Specific Code input for plugin: USART
2025-09-01 19:20:36,079 [INFO] BlockDiagram:2775 - set Specific Code input for plugin: CORTEX_M7
2025-09-01 19:20:36,079 [INFO] BlockDiagram:2775 - set Specific Code input for plugin: GPIO
2025-09-01 19:20:36,079 [INFO] CodeGenerator:892 - code generatio: config db path: E:\STM32CubeIDE_1.19.0\STM32CubeIDE\plugins\com.st.stm32cube.common.mx_6.15.0.202507011659\\db\
2025-09-01 19:20:36,142 [INFO] CodeEngine:265 - oldGeneratedFile, E:\STM32CubeIDE\lab06\MXTmpFiles\license.tmp_save
2025-09-01 19:20:36,217 [INFO] CodeEngine:289 - Generated code: E:\STM32CubeIDE\lab06\MXTmpFiles\license.tmp
2025-09-01 19:20:36,229 [INFO] CodeEngine:265 - oldGeneratedFile, E:\STM32CubeIDE\lab06\Core\Src\gpio.c_save
2025-09-01 19:20:36,307 [INFO] CodeEngine:289 - Generated code: E:\STM32CubeIDE\lab06\Core\Src\gpio.c
2025-09-01 19:20:36,310 [INFO] CodeEngine:265 - oldGeneratedFile, E:\STM32CubeIDE\lab06\Core\Inc\gpio.h_save
2025-09-01 19:20:36,346 [INFO] CodeEngine:289 - Generated code: E:\STM32CubeIDE\lab06\Core\Inc\gpio.h
2025-09-01 19:20:36,385 [INFO] CodeEngine:265 - oldGeneratedFile, E:\STM32CubeIDE\lab06\MXTmpFiles\cortex.tmp_save
2025-09-01 19:20:36,448 [INFO] CodeEngine:289 - Generated code: E:\STM32CubeIDE\lab06\MXTmpFiles\cortex.tmp
2025-09-01 19:20:36,458 [INFO] CodeEngine:265 - oldGeneratedFile, E:\STM32CubeIDE\lab06\Core\Src\tim.c_save
2025-09-01 19:20:36,545 [INFO] CodeEngine:289 - Generated code: E:\STM32CubeIDE\lab06\Core\Src\tim.c
2025-09-01 19:20:36,548 [INFO] CodeEngine:265 - oldGeneratedFile, E:\STM32CubeIDE\lab06\Core\Inc\tim.h_save
2025-09-01 19:20:36,584 [INFO] CodeEngine:289 - Generated code: E:\STM32CubeIDE\lab06\Core\Inc\tim.h
2025-09-01 19:20:36,591 [INFO] CodeEngine:265 - oldGeneratedFile, E:\STM32CubeIDE\lab06\Core\Src\usart.c_save
2025-09-01 19:20:36,672 [INFO] CodeEngine:289 - Generated code: E:\STM32CubeIDE\lab06\Core\Src\usart.c
2025-09-01 19:20:36,675 [INFO] CodeEngine:265 - oldGeneratedFile, E:\STM32CubeIDE\lab06\Core\Inc\usart.h_save
2025-09-01 19:20:36,724 [INFO] CodeEngine:289 - Generated code: E:\STM32CubeIDE\lab06\Core\Inc\usart.h
2025-09-01 19:20:36,732 [INFO] CodeEngine:265 - oldGeneratedFile, E:\STM32CubeIDE\lab06\Core\Src\stm32f7xx_it.c_save
2025-09-01 19:20:36,808 [INFO] CodeEngine:289 - Generated code: E:\STM32CubeIDE\lab06\Core\Src\stm32f7xx_it.c
2025-09-01 19:20:36,811 [INFO] CodeEngine:265 - oldGeneratedFile, E:\STM32CubeIDE\lab06\Core\Inc\stm32f7xx_it.h_save
2025-09-01 19:20:36,845 [INFO] CodeEngine:289 - Generated code: E:\STM32CubeIDE\lab06\Core\Inc\stm32f7xx_it.h
2025-09-01 19:20:36,853 [INFO] CodeEngine:265 - oldGeneratedFile, E:\STM32CubeIDE\lab06\Core\Src\stm32f7xx_hal_msp.c_save
2025-09-01 19:20:36,935 [INFO] CodeEngine:289 - Generated code: E:\STM32CubeIDE\lab06\Core\Src\stm32f7xx_hal_msp.c
2025-09-01 19:20:36,937 [INFO] CodeEngine:265 - oldGeneratedFile, E:\STM32CubeIDE\lab06\MXTmpFiles\system.tmp_save
2025-09-01 19:20:36,968 [INFO] CodeEngine:289 - Generated code: E:\STM32CubeIDE\lab06\MXTmpFiles\system.tmp
2025-09-01 19:20:36,980 [INFO] CodeEngine:321 - oldGeneratedFile, E:\STM32CubeIDE\lab06\Core\Inc\stm32f7xx_hal_conf.h_save
2025-09-01 19:20:37,071 [INFO] CodeEngine:345 - Generated code: E:\STM32CubeIDE\lab06\Core\Inc\stm32f7xx_hal_conf.h
2025-09-01 19:20:37,109 [INFO] CodeEngine:265 - oldGeneratedFile, E:\STM32CubeIDE\lab06\Core\Inc\main.h_save
2025-09-01 19:20:37,187 [INFO] CodeEngine:289 - Generated code: E:\STM32CubeIDE\lab06\Core\Inc\main.h
2025-09-01 19:20:37,189 [INFO] CodeEngine:265 - oldGeneratedFile, E:\STM32CubeIDE\lab06\Core\Src\main.c_save
2025-09-01 19:20:37,248 [INFO] CodeEngine:289 - Generated code: E:\STM32CubeIDE\lab06\Core\Src\main.c
2025-09-01 19:20:37,514 [INFO] ProjectBuilder:3606 - Time for Copy HAL[1] : 94mS.
2025-09-01 19:20:37,516 [INFO] ProjectBuilder:5216 - Project Generator version: 4.7.0-B52
2025-09-01 19:20:37,558 [INFO] ConfigFileManager:1595 - The Die is : DIE451
2025-09-01 19:20:37,960 [INFO] ProjectBuilder:5496 - Time for Generating toolchain IDE Files: 443mS.
2025-09-01 19:20:37,960 [INFO] ProjectBuilder:3463 - Time for Copy CMSIS : 0mS.
2025-09-01 19:20:37,961 [INFO] ProjectBuilder:3463 - Time for Copy CMSIS : 0mS.
2025-09-01 19:24:54,048 [INFO] MainUpdater:2872 - connection check result : 10
2025-09-01 19:24:54,048 [INFO] MainUpdater:2872 - connection check result : 10
2025-09-01 19:24:54,084 [INFO] MicroXplorer:468 - Change Database Path : 
2025-09-01 19:24:54,084 [INFO] MicroXplorer:498 - Change Database Version : DB.6.0.150
2025-09-01 19:24:54,101 [ERROR] ProjectManagerView:395 - 
java.lang.NullPointerException: Cannot invoke "javax.swing.JTextField.getText()" because the return value of "java.util.List.get(int)" is null
	at com.st.microxplorer.plugins.projectmanager.gui.ProjectChoiceTab$9.caretUpdate(ProjectChoiceTab.java:2706) ~[filemanager.jar:?]
	at javax.swing.text.JTextComponent.fireCaretUpdate(JTextComponent.java:408) ~[?:?]
	at javax.swing.text.JTextComponent$MutableCaretEvent.fire(JTextComponent.java:4484) ~[?:?]
	at javax.swing.text.JTextComponent$MutableCaretEvent.stateChanged(JTextComponent.java:4506) ~[?:?]
	at javax.swing.text.DefaultCaret.fireStateChanged(DefaultCaret.java:857) ~[?:?]
	at javax.swing.text.DefaultCaret.changeCaretPosition(DefaultCaret.java:1343) ~[?:?]
	at javax.swing.text.DefaultCaret.handleSetDot(DefaultCaret.java:1242) ~[?:?]
	at javax.swing.text.DefaultCaret.setDot(DefaultCaret.java:1223) ~[?:?]
	at javax.swing.text.DefaultCaret$Handler.insertUpdate(DefaultCaret.java:1819) ~[?:?]
	at javax.swing.text.AbstractDocument.fireInsertUpdate(AbstractDocument.java:227) ~[?:?]
	at javax.swing.text.AbstractDocument.handleInsertString(AbstractDocument.java:781) ~[?:?]
	at javax.swing.text.AbstractDocument.insertString(AbstractDocument.java:740) ~[?:?]
	at javax.swing.text.PlainDocument.insertString(PlainDocument.java:131) ~[?:?]
	at javax.swing.text.AbstractDocument.replace(AbstractDocument.java:699) ~[?:?]
	at javax.swing.text.JTextComponent.setText(JTextComponent.java:1725) ~[?:?]
	at com.st.microxplorer.plugins.projectmanager.gui.ProjectChoiceTab.createHeapStackFields(ProjectChoiceTab.java:993) ~[filemanager.jar:?]
	at com.st.microxplorer.plugins.projectmanager.gui.ProjectChoiceTab.buildLinkSettingsPanel(ProjectChoiceTab.java:3813) ~[filemanager.jar:?]
	at com.st.microxplorer.plugins.projectmanager.gui.ProjectChoiceTab.defineWindowsFields(ProjectChoiceTab.java:1987) ~[filemanager.jar:?]
	at com.st.microxplorer.plugins.projectmanager.gui.ProjectChoiceTab.updateSettings(ProjectChoiceTab.java:558) ~[filemanager.jar:?]
	at com.st.microxplorer.plugins.projectmanager.gui.ProjectSettingsPanel.UpdateDialog(ProjectSettingsPanel.java:247) ~[filemanager.jar:?]
	at com.st.microxplorer.plugins.projectmanager.ProjectManagerView.propertyChange(ProjectManagerView.java:392) ~[filemanager.jar:?]
	at java.beans.PropertyChangeSupport.fire(PropertyChangeSupport.java:343) ~[?:?]
	at java.beans.PropertyChangeSupport.firePropertyChange(PropertyChangeSupport.java:335) ~[?:?]
	at java.beans.PropertyChangeSupport.firePropertyChange(PropertyChangeSupport.java:268) ~[?:?]
	at com.st.microxplorer.util.MXPropertyChangeSupport.firePropertyChange(MXPropertyChangeSupport.java:54) ~[STM32CubeMX.jar:?]
	at com.st.microxplorer.mxsystem.MxSystem.closeConfig(MxSystem.java:899) ~[STM32CubeMX.jar:?]
	at com.st.microxplorer.maingui.MainPanel.closeConfig(MainPanel.java:792) ~[STM32CubeMX.jar:?]
	at com.st.microxplorer.plugins.filemanager.engine.OpenFileManager.loadConfigurationFile(OpenFileManager.java:288) ~[filemanager.jar:?]
	at com.st.microxplorer.plugins.filemanager.engine.MainFileManager.userLoadConfig(MainFileManager.java:364) ~[filemanager.jar:?]
	at com.st.microxplorer.plugins.filemanager.engine.MainFileManager.userLoadConfig(MainFileManager.java:342) ~[filemanager.jar:?]
	at com.st.microxplorer.plugins.filemanager.FileManagerView.getSpecificTask(FileManagerView.java:264) ~[filemanager.jar:?]
	at com.st.stm32cube.common.mx.editor.CubeMxEditor.getMxTabbedPaneInstance(CubeMxEditor.java:1198) ~[com.st.stm32cube.common.mx_6.15.0.202507011659/:?]
	at com.st.stm32cube.common.mx.editor.CubeMxEditor$12$1.createSwingComponent(CubeMxEditor.java:1068) ~[com.st.stm32cube.common.mx_6.15.0.202507011659/:?]
	at com.st.stm32cube.common.mx.oss.core.awtswtbridge.EmbeddedSwingComposite.doComponentCreation(EmbeddedSwingComposite.java:492) ~[com.st.stm32cube.common.mx.oss_6.15.0.202507011659/:?]
	at com.st.stm32cube.common.mx.oss.core.awtswtbridge.EmbeddedSwingComposite$4.run(EmbeddedSwingComposite.java:291) ~[com.st.stm32cube.common.mx.oss_6.15.0.202507011659/:?]
	at com.st.stm32cube.common.mx.oss.core.awtswtbridge.AwtEnvironment$2.run(AwtEnvironment.java:166) ~[com.st.stm32cube.common.mx.oss_6.15.0.202507011659/:?]
	at java.awt.event.InvocationEvent.dispatch(InvocationEvent.java:318) ~[?:?]
	at java.awt.EventQueue.dispatchEventImpl(EventQueue.java:773) ~[?:?]
	at java.awt.EventQueue$4.run(EventQueue.java:720) ~[?:?]
	at java.awt.EventQueue$4.run(EventQueue.java:714) ~[?:?]
	at java.security.AccessController.doPrivileged(AccessController.java:400) ~[?:?]
	at java.security.ProtectionDomain$JavaSecurityAccessImpl.doIntersectionPrivilege(ProtectionDomain.java:87) ~[?:?]
	at java.awt.EventQueue.dispatchEvent(EventQueue.java:742) ~[?:?]
	at java.awt.EventDispatchThread.pumpOneEventForFilters(EventDispatchThread.java:203) ~[?:?]
	at java.awt.EventDispatchThread.pumpEventsForFilter(EventDispatchThread.java:124) ~[?:?]
	at java.awt.EventDispatchThread.pumpEventsForHierarchy(EventDispatchThread.java:113) ~[?:?]
	at java.awt.EventDispatchThread.pumpEvents(EventDispatchThread.java:109) ~[?:?]
	at java.awt.EventDispatchThread.pumpEvents(EventDispatchThread.java:101) ~[?:?]
	at java.awt.EventDispatchThread.run(EventDispatchThread.java:90) ~[?:?]
2025-09-01 19:24:54,103 [WARN] ThirdParty:871 - waiting for thirdparty lock release [close project]
2025-09-01 19:24:54,103 [INFO] ThirdParty:873 - entering critical section [close project]
2025-09-01 19:24:54,103 [INFO] ThirdParty:883 - exiting critical section [close project]
2025-09-01 19:24:54,106 [INFO] PinOutPanel:1589 - setPackage(No Configuration,No Configuration)
2025-09-01 19:24:54,114 [WARN] IpParametersView:155 - Warning: This peripheral hasn't parameters
2025-09-01 19:24:54,120 [WARN] MainPanel:289 - <html><b><center>Warning: This peripheral has no parameters to be configured<br></b></html>
2025-09-01 19:24:54,124 [INFO] UtilMem:75 - Begin LoadConfig() Used Memory: 700865288 Bytes (1067450368)
2025-09-01 19:24:54,125 [INFO] MicroXplorer:468 - Change Database Path : 
2025-09-01 19:24:54,125 [INFO] MicroXplorer:498 - Change Database Version : DB.6.0.150
2025-09-01 19:24:54,125 [INFO] OpenFileManager:355 - Change cursor
2025-09-01 19:24:54,138 [INFO] RulesReader:64 - Compatibility file has been processed (317 Rules)
2025-09-01 19:24:54,142 [INFO] Mcu:2029 - Initializing MCU STM32F767ZITx STM32F767ZITx STM32F767ZIT6
2025-09-01 19:24:55,665 [INFO] Context:786 - Trying to add GPIOservice into a context  which must be forbidden
2025-09-01 19:24:56,325 [INFO] ImportTextPane:234 - (OptionalMessage_ERROR) Pin9 (VP_RIF_VS_RIF1) cannot be retrieved for this MCU
2025-09-01 19:24:56,361 [INFO] RtosManager:558 - Registered RTOS mode: class=CMSIS, group=RTOS, mode=CMSIS_V1, owner=FREERTOS
2025-09-01 19:24:56,362 [INFO] RtosManager:558 - Registered RTOS mode: class=CMSIS, group=RTOS2, mode=CMSIS_V2, owner=FREERTOS
2025-09-01 19:24:56,362 [INFO] RtosManager:558 - Registered RTOS mode: class=RTOS, group=Core, mode=CMSIS_V1, owner=FREERTOS
2025-09-01 19:24:56,362 [INFO] RtosManager:558 - Registered RTOS mode: class=RTOS, group=Core, mode=CMSIS_V2, owner=FREERTOS
2025-09-01 19:24:56,362 [WARN] ModelIntegratedComponent:184 - Missing modes for component STMicroelectronics:FreeRTOS:0.0.1:STMicroelectronics:RTOS:FreeRTOS:Core:::10.2.0:
2025-09-01 19:24:56,376 [WARN] ModelIntegratedComponent:63 - No mode defined for component null
2025-09-01 19:24:56,377 [WARN] ModelIntegratedComponent:63 - No mode defined for component null
2025-09-01 19:24:56,377 [WARN] ModelIntegratedComponent:63 - No mode defined for component null
2025-09-01 19:24:56,377 [WARN] ModelIntegratedComponent:63 - No mode defined for component null
2025-09-01 19:24:56,377 [WARN] ModelIntegratedComponent:63 - No mode defined for component null
2025-09-01 19:24:56,377 [WARN] ModelIntegratedComponent:63 - No mode defined for component null
2025-09-01 19:24:56,377 [WARN] ModelIntegratedComponent:63 - No mode defined for component null
2025-09-01 19:24:56,377 [WARN] ModelIntegratedComponent:63 - No mode defined for component null
2025-09-01 19:24:56,377 [WARN] ModelIntegratedComponent:63 - No mode defined for component null
2025-09-01 19:24:56,377 [WARN] ModelIntegratedComponent:63 - No mode defined for component null
2025-09-01 19:24:56,377 [WARN] ModelIntegratedComponent:63 - No mode defined for component null
2025-09-01 19:24:56,377 [WARN] ModelIntegratedComponent:63 - No mode defined for component null
2025-09-01 19:24:56,377 [WARN] ModelIntegratedComponent:63 - No mode defined for component null
2025-09-01 19:24:56,377 [WARN] ModelIntegratedComponent:63 - No mode defined for component null
2025-09-01 19:24:56,377 [WARN] ModelIntegratedComponent:63 - No mode defined for component null
2025-09-01 19:24:56,377 [WARN] ModelIntegratedComponent:63 - No mode defined for component null
2025-09-01 19:24:56,377 [WARN] ModelIntegratedComponent:63 - No mode defined for component null
2025-09-01 19:24:56,377 [WARN] ModelIntegratedComponent:63 - No mode defined for component null
2025-09-01 19:24:56,377 [WARN] ModelIntegratedComponent:63 - No mode defined for component null
2025-09-01 19:24:56,377 [WARN] ModelIntegratedComponent:63 - No mode defined for component null
2025-09-01 19:24:56,377 [WARN] ModelIntegratedComponent:63 - No mode defined for component null
2025-09-01 19:24:56,377 [WARN] ModelIntegratedComponent:63 - No mode defined for component null
2025-09-01 19:24:56,377 [WARN] ModelIntegratedComponent:63 - No mode defined for component null
2025-09-01 19:24:56,377 [WARN] ModelIntegratedComponent:63 - No mode defined for component null
2025-09-01 19:24:56,377 [WARN] ModelIntegratedComponent:63 - No mode defined for component null
2025-09-01 19:24:56,377 [WARN] ModelIntegratedComponent:63 - No mode defined for component null
2025-09-01 19:24:56,377 [WARN] ModelIntegratedComponent:63 - No mode defined for component null
2025-09-01 19:24:56,377 [WARN] ModelIntegratedComponent:63 - No mode defined for component null
2025-09-01 19:24:56,377 [WARN] ModelIntegratedComponent:63 - No mode defined for component null
2025-09-01 19:24:56,377 [WARN] ModelIntegratedComponent:63 - No mode defined for component null
2025-09-01 19:24:56,377 [WARN] ModelIntegratedComponent:63 - No mode defined for component null
2025-09-01 19:24:56,377 [WARN] ModelIntegratedComponent:63 - No mode defined for component null
2025-09-01 19:24:56,377 [WARN] ModelIntegratedComponent:63 - No mode defined for component null
2025-09-01 19:24:56,377 [WARN] ModelIntegratedComponent:63 - No mode defined for component null
2025-09-01 19:24:56,377 [WARN] ModelIntegratedComponent:63 - No mode defined for component null
2025-09-01 19:24:56,377 [WARN] ModelPack:524 - Component already loaded: STMicroelectronics:HAL Drivers:0.0.0:STMicroelectronics:Device:STMicro_Driver:XSPI:HAL::0.0.1:HAL_XSPI
2025-09-01 19:24:56,471 [INFO] ThirdPartyModel:298 - Start build external matchings
2025-09-01 19:24:56,747 [INFO] ThirdPartyModel:316 - End build external matchings
2025-09-01 19:24:56,757 [INFO] ImportTextPane:234 - (OptionalMessage_ERROR) IP (DMA) : Parameter (Instance) has Id (ADC1) currently not set
2025-09-01 19:24:56,757 [INFO] ImportTextPane:234 - (OptionalMessage_ERROR) IP (DMA) : Parameter (Channel) has Id (ADC1) currently not set
2025-09-01 19:24:56,757 [INFO] ImportTextPane:234 - (OptionalMessage_ERROR) IP (DMA) : Parameter (Direction) has Id (ADC1) currently not set
2025-09-01 19:24:56,757 [INFO] ImportTextPane:234 - (OptionalMessage_ERROR) IP (DMA) : Parameter (PeriphInc) has Id (ADC1) currently not set
2025-09-01 19:24:56,757 [INFO] ImportTextPane:234 - (OptionalMessage_ERROR) IP (DMA) : Parameter (MemInc) has Id (ADC1) currently not set
2025-09-01 19:24:56,757 [INFO] ImportTextPane:234 - (OptionalMessage_ERROR) IP (DMA) : Parameter (PeriphDataAlignment) has Id (ADC1) currently not set
2025-09-01 19:24:56,757 [INFO] ImportTextPane:234 - (OptionalMessage_ERROR) IP (DMA) : Parameter (MemDataAlignment) has Id (ADC1) currently not set
2025-09-01 19:24:56,757 [INFO] ImportTextPane:234 - (OptionalMessage_ERROR) IP (DMA) : Parameter (Mode) has Id (ADC1) currently not set
2025-09-01 19:24:56,757 [INFO] ImportTextPane:234 - (OptionalMessage_ERROR) IP (DMA) : Parameter (Priority) has Id (ADC1) currently not set
2025-09-01 19:24:56,757 [INFO] ImportTextPane:234 - (OptionalMessage_ERROR) IP (DMA) : Parameter (FIFOMode) has Id (ADC1) currently not set
2025-09-01 19:24:57,139 [INFO] UtilMem:75 - End LoadConfig() Used Memory: 744153016 Bytes (1067450368)
2025-09-01 19:24:57,168 [WARN] ThirdParty:833 - waiting for thirdparty lock release [change project]
2025-09-01 19:24:57,168 [INFO] ThirdParty:835 - entering critical section [change project]
2025-09-01 19:24:57,168 [INFO] ThirdParty:1030 - CMSIS Pack Vendor :STMicroelectronics X-CUBE-PM33A1 1.0.0
2025-09-01 19:24:57,168 [INFO] ThirdParty:1030 - CMSIS Pack Vendor :STMicroelectronics USBPD 4.1
2025-09-01 19:24:57,168 [INFO] ThirdParty:1030 - CMSIS Pack Vendor :STMicroelectronics X-CUBE-NFC9 1.0.0
2025-09-01 19:24:57,168 [INFO] ThirdParty:1030 - CMSIS Pack Vendor :wolfSSL I-CUBE-wolfSSL 5.8.0
2025-09-01 19:24:57,168 [INFO] ThirdParty:1030 - CMSIS Pack Vendor :STMicroelectronics USB_HOST 2.0.0
2025-09-01 19:24:57,168 [INFO] ThirdParty:1030 - CMSIS Pack Vendor :STMicroelectronics FP-SNS-MOTENVWB1 1.4.0
2025-09-01 19:24:57,168 [INFO] ThirdParty:1030 - CMSIS Pack Vendor :STMicroelectronics X-CUBE-AZRTOS-F4 1.1.0
2025-09-01 19:24:57,168 [INFO] ThirdParty:1030 - CMSIS Pack Vendor :STMicroelectronics LIBJPEG 8.0.0
2025-09-01 19:24:57,168 [INFO] ThirdParty:1030 - CMSIS Pack Vendor :STMicroelectronics FP-ATR-ASTRA1 2.0.2
2025-09-01 19:24:57,168 [INFO] ThirdParty:1030 - CMSIS Pack Vendor :wolfSSL I-CUBE-wolfSSL 5.8.2
2025-09-01 19:24:57,168 [INFO] ThirdParty:1030 - CMSIS Pack Vendor :STMicroelectronics X-CUBE-BLE1 7.1.0
2025-09-01 19:24:57,168 [INFO] ThirdParty:1030 - CMSIS Pack Vendor :Avnet-IotConnect X-CUBE-IoTC-DA16k-PMOD 1.0.0
2025-09-01 19:24:57,168 [INFO] ThirdParty:1030 - CMSIS Pack Vendor :STMicroelectronics X-CUBE-SMBUS 2.1.0
2025-09-01 19:24:57,168 [INFO] ThirdParty:1030 - CMSIS Pack Vendor :wolfSSL I-CUBE-wolfMQTT 1.19.2
2025-09-01 19:24:57,168 [INFO] ThirdParty:1030 - CMSIS Pack Vendor :STMicroelectronics USB_DEVICE 3.0.0
2025-09-01 19:24:57,168 [INFO] ThirdParty:1030 - CMSIS Pack Vendor :STMicroelectronics X-CUBE-ISPU 2.1.0
2025-09-01 19:24:57,168 [INFO] ThirdParty:1030 - CMSIS Pack Vendor :STMicroelectronics X-CUBE-EEPRMA1 5.2.0
2025-09-01 19:24:57,168 [INFO] ThirdParty:1030 - CMSIS Pack Vendor :STMicroelectronics X-CUBE-BLEMGR 4.1.0
2025-09-01 19:24:57,168 [INFO] ThirdParty:1030 - CMSIS Pack Vendor :STMicroelectronics X-CUBE-AZRTOS-WB 2.0.0
2025-09-01 19:24:57,168 [INFO] ThirdParty:1030 - CMSIS Pack Vendor :STMicroelectronics X-CUBE-ST60 1.0.0
2025-09-01 19:24:57,168 [INFO] ThirdParty:1030 - CMSIS Pack Vendor :STMicroelectronics X-CUBE-GNSS1 7.0.1
2025-09-01 19:24:57,168 [INFO] ThirdParty:1030 - CMSIS Pack Vendor :STMicroelectronics X-CUBE-NFC12 1.0.0
2025-09-01 19:24:57,168 [INFO] ThirdParty:1030 - CMSIS Pack Vendor :STMicroelectronics X-CUBE-AZRTOS-F7 1.1.0
2025-09-01 19:24:57,168 [INFO] ThirdParty:1030 - CMSIS Pack Vendor :STMicroelectronics X-CUBE-AZRTOS-L5 2.0.0
2025-09-01 19:24:57,168 [INFO] ThirdParty:1030 - CMSIS Pack Vendor :STMicroelectronics X-CUBE-TOUCHGFX 4.25.0
2025-09-01 19:24:57,168 [INFO] ThirdParty:1030 - CMSIS Pack Vendor :STMicroelectronics USB_DEVICE 2.0.0
2025-09-01 19:24:57,168 [INFO] ThirdParty:1030 - CMSIS Pack Vendor :STMicroelectronics X-CUBE-NFC6 3.1.0
2025-09-01 19:24:57,168 [INFO] ThirdParty:1030 - CMSIS Pack Vendor :STMicroelectronics X-CUBE-AI 10.1.0
2025-09-01 19:24:57,168 [INFO] ThirdParty:1030 - CMSIS Pack Vendor :STMicroelectronics FP-SNS-STBOX1 2.0.0
2025-09-01 19:24:57,168 [INFO] ThirdParty:1030 - CMSIS Pack Vendor :quantropi X-CUBE-qispace-sdk-base 2.1.0
2025-09-01 19:24:57,168 [INFO] ThirdParty:1030 - CMSIS Pack Vendor :STMicroelectronics FreeRTOS 0.0.1
2025-09-01 19:24:57,168 [INFO] ThirdParty:1030 - CMSIS Pack Vendor :STMicroelectronics X-CUBE-AZRTOS-G0 1.1.0
2025-09-01 19:24:57,168 [INFO] ThirdParty:1030 - CMSIS Pack Vendor :STMicroelectronics X-CUBE-SAFEA1 1.2.2
2025-09-01 19:24:57,168 [INFO] ThirdParty:1030 - CMSIS Pack Vendor :STMicroelectronics X-CUBE-NFC4 3.0.0
2025-09-01 19:24:57,168 [INFO] ThirdParty:1030 - CMSIS Pack Vendor :STMicroelectronics X-CUBE-SUBG2 5.0.0
2025-09-01 19:24:57,168 [INFO] ThirdParty:1030 - CMSIS Pack Vendor :STMicroelectronics X-CUBE-AZRTOS-H7RS 1.1.0
2025-09-01 19:24:57,168 [INFO] ThirdParty:1030 - CMSIS Pack Vendor :STMicroelectronics STM32_WPAN 1.0.0
2025-09-01 19:24:57,168 [INFO] ThirdParty:1030 - CMSIS Pack Vendor :EmbeddedOffice I-CUBE-FS-RTOS 1.0.1
2025-09-01 19:24:57,168 [INFO] ThirdParty:1030 - CMSIS Pack Vendor :STMicroelectronics lwIP 2.0.3
2025-09-01 19:24:57,168 [INFO] ThirdParty:1030 - CMSIS Pack Vendor :Cesanta I-CUBE-Mongoose 7.13.0
2025-09-01 19:24:57,168 [INFO] ThirdParty:1030 - CMSIS Pack Vendor :STMicroelectronics USB_HOST 1.0.0
2025-09-01 19:24:57,168 [INFO] ThirdParty:1030 - CMSIS Pack Vendor :Infineon AIROC-Wi-Fi-Bluetooth-STM32 1.7.1
2025-09-01 19:24:57,168 [INFO] ThirdParty:1030 - CMSIS Pack Vendor :STMicroelectronics X-CUBE-AZRTOS-G4 2.0.0
2025-09-01 19:24:57,168 [INFO] ThirdParty:1030 - CMSIS Pack Vendor :STMicroelectronics X-CUBE-WB05N 2.0.0
2025-09-01 19:24:57,168 [INFO] ThirdParty:1030 - CMSIS Pack Vendor :STMicroelectronics PDM2PCM 3.1.0
2025-09-01 19:24:57,168 [INFO] ThirdParty:1030 - CMSIS Pack Vendor :STMicroelectronics PDM2PCM 3.3.0
2025-09-01 19:24:57,168 [INFO] ThirdParty:1030 - CMSIS Pack Vendor :wolfSSL I-CUBE-wolfTPM 3.8.0
2025-09-01 19:24:57,168 [INFO] ThirdParty:1030 - CMSIS Pack Vendor :STMicroelectronics X-CUBE-AZRTOS-H7 3.4.0
2025-09-01 19:24:57,168 [INFO] ThirdParty:1030 - CMSIS Pack Vendor :STMicroelectronics X-CUBE-DISPLAY 3.0.0
2025-09-01 19:24:57,168 [INFO] ThirdParty:1030 - CMSIS Pack Vendor :wolfSSL I-CUBE-wolfSSH 1.4.20
2025-09-01 19:24:57,168 [INFO] ThirdParty:1030 - CMSIS Pack Vendor :STMicroelectronics X-CUBE-NFC7 2.0.0
2025-09-01 19:24:57,168 [INFO] ThirdParty:1030 - CMSIS Pack Vendor :STMicroelectronics X-CUBE-TCPP 4.2.0
2025-09-01 19:24:57,168 [INFO] ThirdParty:1030 - CMSIS Pack Vendor :RealThread X-CUBE-RT-Thread_Nano 4.1.1
2025-09-01 19:24:57,168 [INFO] ThirdParty:1030 - CMSIS Pack Vendor :STMicroelectronics FP-ATR-SIGFOX1 3.2.0
2025-09-01 19:24:57,168 [INFO] ThirdParty:1030 - CMSIS Pack Vendor :STMicroelectronics X-CUBE-NFC10 1.0.0
2025-09-01 19:24:57,168 [INFO] ThirdParty:1030 - CMSIS Pack Vendor :STMicroelectronics X-CUBE-FREERTOS 1.3.1
2025-09-01 19:24:57,168 [INFO] ThirdParty:1030 - CMSIS Pack Vendor :STMicroelectronics HAL Drivers 0.0.0
2025-09-01 19:24:57,168 [INFO] ThirdParty:1030 - CMSIS Pack Vendor :STMicroelectronics MBEDTLS 2.16.2
2025-09-01 19:24:57,168 [INFO] ThirdParty:1030 - CMSIS Pack Vendor :STMicroelectronics X-CUBE-IPS 3.1.0
2025-09-01 19:24:57,168 [INFO] ThirdParty:1030 - CMSIS Pack Vendor :STMicroelectronics X-CUBE-ALS 1.0.2
2025-09-01 19:24:57,168 [INFO] ThirdParty:1030 - CMSIS Pack Vendor :emotas I-CUBE-CANOPEN 1.3.0
2025-09-01 19:24:57,168 [INFO] ThirdParty:1030 - CMSIS Pack Vendor :STMicroelectronics MBEDTLS 2.14.1
2025-09-01 19:24:57,168 [INFO] ThirdParty:1030 - CMSIS Pack Vendor :ITTIA_DB I-CUBE-ITTIADB 8.9.0
2025-09-01 19:24:57,169 [INFO] ThirdParty:1030 - CMSIS Pack Vendor :portGmbH I-Cube-SoM-uGOAL 1.1.0
2025-09-01 19:24:57,169 [INFO] ThirdParty:1030 - CMSIS Pack Vendor :STMicroelectronics X-CUBE-ST67W61 1.0.0
2025-09-01 19:24:57,169 [INFO] ThirdParty:1030 - CMSIS Pack Vendor :STMicroelectronics FP-SNS-STBOX1 2.1.0
2025-09-01 19:24:57,169 [INFO] ThirdParty:1030 - CMSIS Pack Vendor :STMicroelectronics X-CUBE-AI 10.2.0
2025-09-01 19:24:57,169 [INFO] ThirdParty:1030 - CMSIS Pack Vendor :STMicroelectronics FP-SNS-STAIOTCFT 1.0.0
2025-09-01 19:24:57,169 [INFO] ThirdParty:1030 - CMSIS Pack Vendor :STMicroelectronics ThreadX 1.0.0
2025-09-01 19:24:57,169 [INFO] ThirdParty:1030 - CMSIS Pack Vendor :STMicroelectronics FP-SNS-SMARTAG2 1.2.0
2025-09-01 19:24:57,169 [INFO] ThirdParty:1030 - CMSIS Pack Vendor :STMicroelectronics FP-SNS-FLIGHT1 5.1.0
2025-09-01 19:24:57,169 [INFO] ThirdParty:1030 - CMSIS Pack Vendor :STMicroelectronics X-CUBE-AZRTOS-WL 2.0.0
2025-09-01 19:24:57,169 [INFO] ThirdParty:1030 - CMSIS Pack Vendor :SEGGER I-CUBE-embOS 1.3.1
2025-09-01 19:24:57,169 [INFO] ThirdParty:1030 - CMSIS Pack Vendor :STMicroelectronics X-CUBE-ALGOBUILD 1.4.0
2025-09-01 19:24:57,169 [INFO] ThirdParty:1030 - CMSIS Pack Vendor :STMicroelectronics X-CUBE-DPower 1.3.0
2025-09-01 19:24:57,169 [INFO] ThirdParty:1030 - CMSIS Pack Vendor :STMicroelectronics X-CUBE-MEMS1 11.3.0
2025-09-01 19:24:57,169 [INFO] ThirdParty:1030 - CMSIS Pack Vendor :STMicroelectronics FP-SNS-MOTENV1 5.0.0
2025-09-01 19:24:57,169 [INFO] ThirdParty:1030 - CMSIS Pack Vendor :STMicroelectronics USB_DEVICE 1.0.0
2025-09-01 19:24:57,169 [INFO] ThirdParty:1030 - CMSIS Pack Vendor :STMicroelectronics X-CUBE-AZRTOS-L4 2.0.0
2025-09-01 19:24:57,169 [INFO] ThirdParty:1030 - CMSIS Pack Vendor :STMicroelectronics ThreadX 0.0.2
2025-09-01 19:24:57,169 [INFO] ThirdParty:1030 - CMSIS Pack Vendor :WES I-CUBE-Cesium 1.3.0
2025-09-01 19:24:57,169 [INFO] ThirdParty:1030 - CMSIS Pack Vendor :STMicroelectronics lwIP 2.1.2
2025-09-01 19:24:57,169 [INFO] ThirdParty:1030 - CMSIS Pack Vendor :STMicroelectronics X-CUBE-SFXS2LP1 4.0.0
2025-09-01 19:24:57,169 [INFO] ThirdParty:1030 - CMSIS Pack Vendor :STMicroelectronics X-CUBE-BLE2 3.3.0
2025-09-01 19:24:57,169 [INFO] ThirdParty:1030 - CMSIS Pack Vendor :STMicroelectronics X-CUBE-TOF1 3.4.3
2025-09-01 19:24:57,169 [INFO] ThirdParty:1030 - CMSIS Pack Vendor :STMicroelectronics PDM2PCM 3.2.0
2025-09-01 19:24:57,169 [INFO] ThirdParty:841 - exiting critical section [change project]
2025-09-01 19:24:57,362 [INFO] PinOutPanel:1589 - setPackage(No Configuration,No Configuration)
2025-09-01 19:24:57,362 [INFO] PinOutPanel:1589 - setPackage(STM32F767ZITx,LQFP144)
2025-09-01 19:24:57,665 [INFO] UtilMem:75 - Before build in PCC Used Memory: 505243672 Bytes (1067450368)
2025-09-01 19:24:57,857 [INFO] UtilMem:75 - After build in PCC Used Memory: 559247384 Bytes (1067450368)
2025-09-01 19:24:57,873 [INFO] IPUIPlugin:80 - create IPUIPlugin
2025-09-01 19:24:57,873 [INFO] IPUIPlugin:80 - create IPUIPlugin
2025-09-01 19:24:57,873 [INFO] IPUIPlugin:80 - create IPUIPlugin
2025-09-01 19:24:57,873 [INFO] IPUIPlugin:80 - create IPUIPlugin
2025-09-01 19:24:57,873 [INFO] IPUIPlugin:80 - create IPUIPlugin
2025-09-01 19:24:57,873 [INFO] IPUIPlugin:80 - create IPUIPlugin
2025-09-01 19:24:57,873 [INFO] IPUIPlugin:80 - create IPUIPlugin
2025-09-01 19:24:57,873 [INFO] IPUIPlugin:80 - create IPUIPlugin
2025-09-01 19:24:57,873 [INFO] IPUIPlugin:80 - create IPUIPlugin
2025-09-01 19:24:57,873 [INFO] IPUIPlugin:80 - create IPUIPlugin
2025-09-01 19:24:57,873 [INFO] IPUIPlugin:80 - create IPUIPlugin
2025-09-01 19:24:57,874 [INFO] IPUIPlugin:80 - create IPUIPlugin
2025-09-01 19:24:57,874 [INFO] IPUIPlugin:80 - create IPUIPlugin
2025-09-01 19:24:57,874 [INFO] IPUIPlugin:80 - create IPUIPlugin
2025-09-01 19:24:57,874 [INFO] IPUIPlugin:80 - create IPUIPlugin
2025-09-01 19:24:57,874 [INFO] IPUIPlugin:80 - create IPUIPlugin
2025-09-01 19:24:57,874 [INFO] IPUIPlugin:80 - create IPUIPlugin
2025-09-01 19:24:57,874 [INFO] IPUIPlugin:80 - create IPUIPlugin
2025-09-01 19:24:57,874 [INFO] IPUIPlugin:80 - create IPUIPlugin
2025-09-01 19:24:57,874 [INFO] IPUIPlugin:80 - create IPUIPlugin
2025-09-01 19:24:57,874 [INFO] IPUIPlugin:80 - create IPUIPlugin
2025-09-01 19:24:57,874 [INFO] IPUIPlugin:80 - create IPUIPlugin
2025-09-01 19:24:57,874 [INFO] IPUIPlugin:80 - create IPUIPlugin
2025-09-01 19:24:57,874 [INFO] IPUIPlugin:80 - create IPUIPlugin
2025-09-01 19:24:57,874 [INFO] IPUIPlugin:80 - create IPUIPlugin
2025-09-01 19:24:57,874 [INFO] IPUIPlugin:80 - create IPUIPlugin
2025-09-01 19:24:57,874 [INFO] IPUIPlugin:80 - create IPUIPlugin
2025-09-01 19:24:57,875 [INFO] IPUIPlugin:80 - create IPUIPlugin
2025-09-01 19:24:57,875 [INFO] IPUIPlugin:80 - create IPUIPlugin
2025-09-01 19:24:57,875 [INFO] IPUIPlugin:80 - create IPUIPlugin
2025-09-01 19:24:57,875 [INFO] IPUIPlugin:80 - create IPUIPlugin
2025-09-01 19:24:57,875 [INFO] IPUIPlugin:80 - create IPUIPlugin
2025-09-01 19:24:57,875 [INFO] IPUIPlugin:80 - create IPUIPlugin
2025-09-01 19:24:57,875 [INFO] IPUIPlugin:80 - create IPUIPlugin
2025-09-01 19:24:57,875 [INFO] IPUIPlugin:80 - create IPUIPlugin
2025-09-01 19:24:57,875 [INFO] IPUIPlugin:80 - create IPUIPlugin
2025-09-01 19:24:57,875 [INFO] IPUIPlugin:80 - create IPUIPlugin
2025-09-01 19:24:57,876 [INFO] IPUIPlugin:80 - create IPUIPlugin
2025-09-01 19:24:57,876 [INFO] IPUIPlugin:80 - create IPUIPlugin
2025-09-01 19:24:57,876 [INFO] IPUIPlugin:80 - create IPUIPlugin
2025-09-01 19:24:57,876 [INFO] IPUIPlugin:80 - create IPUIPlugin
2025-09-01 19:24:57,876 [INFO] IPUIPlugin:80 - create IPUIPlugin
2025-09-01 19:24:57,876 [INFO] IPUIPlugin:80 - create IPUIPlugin
2025-09-01 19:24:57,876 [INFO] IPUIPlugin:80 - create IPUIPlugin
2025-09-01 19:24:57,876 [INFO] IPUIPlugin:80 - create IPUIPlugin
2025-09-01 19:24:57,877 [INFO] IPUIPlugin:80 - create IPUIPlugin
2025-09-01 19:24:57,877 [INFO] IPUIPlugin:80 - create IPUIPlugin
2025-09-01 19:24:57,877 [INFO] IPUIPlugin:80 - create IPUIPlugin
2025-09-01 19:24:57,877 [INFO] IPUIPlugin:80 - create IPUIPlugin
2025-09-01 19:24:57,877 [INFO] IPUIPlugin:80 - create IPUIPlugin
2025-09-01 19:24:57,877 [INFO] IPUIPlugin:80 - create IPUIPlugin
2025-09-01 19:24:57,877 [INFO] IPUIPlugin:80 - create IPUIPlugin
2025-09-01 19:24:57,877 [INFO] IPUIPlugin:80 - create IPUIPlugin
2025-09-01 19:24:57,877 [INFO] IPUIPlugin:80 - create IPUIPlugin
2025-09-01 19:24:57,877 [INFO] IPUIPlugin:80 - create IPUIPlugin
2025-09-01 19:24:57,878 [INFO] IPUIPlugin:80 - create IPUIPlugin
2025-09-01 19:24:57,878 [INFO] IPUIPlugin:80 - create IPUIPlugin
2025-09-01 19:24:57,878 [INFO] IPUIPlugin:80 - create IPUIPlugin
2025-09-01 19:24:57,878 [INFO] IPUIPlugin:80 - create IPUIPlugin
2025-09-01 19:24:57,878 [INFO] IPUIPlugin:80 - create IPUIPlugin
2025-09-01 19:24:57,878 [INFO] IPUIPlugin:80 - create IPUIPlugin
2025-09-01 19:24:57,878 [INFO] IPUIPlugin:80 - create IPUIPlugin
2025-09-01 19:24:57,878 [INFO] IPUIPlugin:80 - create IPUIPlugin
2025-09-01 19:24:57,878 [INFO] IPUIPlugin:80 - create IPUIPlugin
2025-09-01 19:24:57,878 [INFO] IPUIPlugin:80 - create IPUIPlugin
2025-09-01 19:24:57,879 [INFO] IPUIPlugin:80 - create IPUIPlugin
2025-09-01 19:24:57,879 [INFO] IPUIPlugin:80 - create IPUIPlugin
2025-09-01 19:24:57,879 [INFO] IPUIPlugin:80 - create IPUIPlugin
2025-09-01 19:24:57,879 [INFO] IPUIPlugin:80 - create IPUIPlugin
2025-09-01 19:24:57,879 [INFO] IPUIPlugin:80 - create IPUIPlugin
2025-09-01 19:24:57,880 [INFO] IPUIPlugin:80 - create IPUIPlugin
2025-09-01 19:24:57,880 [INFO] IPUIPlugin:80 - create IPUIPlugin
2025-09-01 19:24:57,880 [INFO] IPUIPlugin:80 - create IPUIPlugin
2025-09-01 19:24:57,880 [INFO] IPUIPlugin:80 - create IPUIPlugin
2025-09-01 19:24:57,880 [INFO] IPUIPlugin:80 - create IPUIPlugin
2025-09-01 19:24:57,881 [INFO] IPUIPlugin:80 - create IPUIPlugin
2025-09-01 19:24:57,881 [INFO] IPUIPlugin:80 - create IPUIPlugin
2025-09-01 19:24:57,881 [INFO] IPUIPlugin:80 - create IPUIPlugin
2025-09-01 19:24:57,881 [INFO] IPUIPlugin:80 - create IPUIPlugin
2025-09-01 19:24:57,884 [INFO] ApiDbMcu:532 - Load IP Config File for PDM2PCM
2025-09-01 19:24:57,921 [INFO] CADModel:165 - CPN selected for project levelSTM32F767ZIT6
2025-09-01 19:24:57,921 [INFO] CADModel:114 - Register for checkConnection events
2025-09-01 19:24:57,981 [INFO] OpenFileManager:386 - Restore cursor
2025-09-01 19:25:22,505 [ERROR] ConfigurationRetriever:142 - IOException on connection: Connect timed out
2025-09-01 19:25:23,639 [ERROR] LogOutputStream:75 - [STDERR_REDIRECT] 
