2025-09-05 11:40:11,842 [INFO] Activator:176 - 


2025-09-05 11:40:11,845 [INFO] Activator:177 - !SESSION log4j initialized
2025-09-05 11:40:17,033 [INFO] LogOutputStream:77 - [STDOUT_REDIRECT] 
2025-09-05 11:40:23,664 [INFO] ApplicationProperties:184 - Using Application install path: E:\STM32CubeIDE_1.19.0\STM32CubeIDE\plugins\com.st.stm32cube.common.mx_6.15.0.202507011659
2025-09-05 11:40:23,677 [INFO] DbMcusXml:78 - Set database path to: E:\STM32CubeIDE_1.19.0\STM32CubeIDE\plugins\com.st.stm32cube.common.mx_6.15.0.202507011659\\db\/mcu/
2025-09-05 11:40:23,677 [INFO] ApiDb:274 - Set plugin database path to: E:\STM32CubeIDE_1.19.0\STM32CubeIDE\plugins\com.st.stm32cube.common.mx_6.15.0.202507011659\\db\/plugins/boardmanager/
2025-09-05 11:40:23,681 [WARN] ApiDb:259 - Overriding images path with different value:  => E:\STM32CubeIDE_1.19.0\STM32CubeIDE\plugins\com.st.stm32cube.common.mx_6.15.0.202507011659\\db\/plugins/mcufinder/images/
2025-09-05 11:40:23,693 [INFO] ApiDb:250 - Set database path to: C:\Users\nphis\.stmcufinder\plugins\mcufinder//mcu/
2025-09-05 11:40:23,695 [INFO] DbMcusAds:125 - Set database path to: C:\Users\nphis\.stmcufinder\plugins\mcufinder//mcu/
2025-09-05 11:40:23,697 [INFO] CrossReferenceDbSqlite:203 - Set database path to: C:\Users\nphis\.stmcufinder\plugins\mcufinder//mcu/cs/
2025-09-05 11:40:23,785 [INFO] RulesReader:64 - Compatibility file has been processed (317 Rules)
2025-09-05 11:40:23,850 [INFO] DbMcusXml:78 - Set database path to: E:\STM32CubeIDE_1.19.0\STM32CubeIDE\plugins\com.st.stm32cube.common.mx_6.15.0.202507011659\\db\/mcu/
2025-09-05 11:40:23,850 [INFO] ApiDb:274 - Set plugin database path to: E:\STM32CubeIDE_1.19.0\STM32CubeIDE\plugins\com.st.stm32cube.common.mx_6.15.0.202507011659\\db\/plugins/boardmanager/
2025-09-05 11:40:23,850 [INFO] ApiDb:261 - Set plugin images path to: E:\STM32CubeIDE_1.19.0\STM32CubeIDE\plugins\com.st.stm32cube.common.mx_6.15.0.202507011659\\db\/plugins/mcufinder/images/
2025-09-05 11:40:23,850 [WARN] DbFile:41 - Overriding database path with different value: C:\Users\nphis\.stmcufinder\plugins\mcufinder/ => C:\Users\nphis\.stmcufinder\plugins\mcufinder
2025-09-05 11:40:23,851 [INFO] ApiDb:250 - Set database path to: C:\Users\nphis\.stmcufinder\plugins\mcufinder//mcu/
2025-09-05 11:40:23,851 [WARN] DbFile:41 - Overriding database path with different value: C:\Users\nphis\.stmcufinder\plugins\mcufinder/ => C:\Users\nphis\.stmcufinder\plugins\mcufinder
2025-09-05 11:40:23,851 [INFO] DbMcusAds:125 - Set database path to: C:\Users\nphis\.stmcufinder\plugins\mcufinder//mcu/
2025-09-05 11:40:23,851 [WARN] DbFile:41 - Overriding database path with different value: C:\Users\nphis\.stmcufinder\plugins\mcufinder/ => C:\Users\nphis\.stmcufinder\plugins\mcufinder
2025-09-05 11:40:23,851 [WARN] DbFile:41 - Overriding database path with different value: C:\Users\nphis\.stmcufinder\plugins\mcufinder/ => C:\Users\nphis\.stmcufinder\plugins\mcufinder
2025-09-05 11:40:23,851 [INFO] CrossReferenceDbSqlite:203 - Set database path to: C:\Users\nphis\.stmcufinder\plugins\mcufinder//mcu/cs/
2025-09-05 11:40:23,927 [INFO] MainPanel:274 - HeapMemory: 268435456
2025-09-05 11:40:24,020 [INFO] DbMcusXml:78 - Set database path to: E:\STM32CubeIDE_1.19.0\STM32CubeIDE\plugins\com.st.stm32cube.common.mx_6.15.0.202507011659\\db\/mcu/
2025-09-05 11:40:24,020 [INFO] ApiDb:274 - Set plugin database path to: E:\STM32CubeIDE_1.19.0\STM32CubeIDE\plugins\com.st.stm32cube.common.mx_6.15.0.202507011659\\db\/plugins/boardmanager/
2025-09-05 11:40:24,020 [INFO] ApiDb:261 - Set plugin images path to: E:\STM32CubeIDE_1.19.0\STM32CubeIDE\plugins\com.st.stm32cube.common.mx_6.15.0.202507011659\\db\/plugins/mcufinder/images/
2025-09-05 11:40:24,020 [WARN] DbFile:41 - Overriding database path with different value: C:\Users\nphis\.stmcufinder\plugins\mcufinder/ => C:\Users\nphis\.stmcufinder\plugins\mcufinder
2025-09-05 11:40:24,021 [INFO] ApiDb:250 - Set database path to: C:\Users\nphis\.stmcufinder\plugins\mcufinder//mcu/
2025-09-05 11:40:24,021 [WARN] DbFile:41 - Overriding database path with different value: C:\Users\nphis\.stmcufinder\plugins\mcufinder/ => C:\Users\nphis\.stmcufinder\plugins\mcufinder
2025-09-05 11:40:24,021 [INFO] DbMcusAds:125 - Set database path to: C:\Users\nphis\.stmcufinder\plugins\mcufinder//mcu/
2025-09-05 11:40:24,021 [WARN] DbFile:41 - Overriding database path with different value: C:\Users\nphis\.stmcufinder\plugins\mcufinder/ => C:\Users\nphis\.stmcufinder\plugins\mcufinder
2025-09-05 11:40:24,021 [WARN] DbFile:41 - Overriding database path with different value: C:\Users\nphis\.stmcufinder\plugins\mcufinder/ => C:\Users\nphis\.stmcufinder\plugins\mcufinder
2025-09-05 11:40:24,021 [INFO] CrossReferenceDbSqlite:203 - Set database path to: C:\Users\nphis\.stmcufinder\plugins\mcufinder//mcu/cs/
2025-09-05 11:40:24,035 [INFO] ApplicationProperties:184 - Using Application install path: E:\STM32CubeIDE_1.19.0\STM32CubeIDE\plugins\com.st.stm32cube.common.mx_6.15.0.202507011659
2025-09-05 11:40:24,036 [INFO] PluginManage:196 - Search for loadable plugins [exclusion list=, ]
2025-09-05 11:40:24,037 [INFO] PluginManage:310 - Check plugin analytics
2025-09-05 11:40:28,893 [INFO] McuFinderGlobals:63 - Set McuFinder mode to 2 (CubeIDE integrated)
2025-09-05 11:40:29,132 [INFO] AnalyticsPlugin:253 - Accepted Software Licenses: STM32CubeMX.6.15.0
2025-09-05 11:40:29,132 [INFO] AnalyticsPlugin:255 - Accepted CMSIS Pack Licenses: 
2025-09-05 11:40:29,132 [INFO] AnalyticsPlugin:257 - Accepted Firmware Licenses: FW.F7.1.17.0,FW.F4.1.28.0
2025-09-05 11:40:29,134 [INFO] PluginManage:359 - Loaded plugin analytics (category:tool,tabindex:-1)
2025-09-05 11:40:29,134 [INFO] PluginManage:310 - Check plugin cadmodel
2025-09-05 11:40:29,149 [INFO] CADModel:105 - Init CAD model plugin
2025-09-05 11:40:29,149 [INFO] PluginManage:359 - Loaded plugin cadmodel (category:power,tabindex:5)
2025-09-05 11:40:29,149 [INFO] PluginManage:310 - Check plugin clock
2025-09-05 11:40:29,165 [INFO] PluginManage:359 - Loaded plugin clock (category:base,tabindex:2)
2025-09-05 11:40:29,165 [INFO] PluginManage:310 - Check plugin ddr
2025-09-05 11:40:29,167 [INFO] PluginManage:359 - Loaded plugin ddr (category:tool,tabindex:6)
2025-09-05 11:40:29,167 [INFO] PluginManage:310 - Check plugin filemanager
2025-09-05 11:40:29,269 [INFO] PluginManage:359 - Loaded plugin filemanager (category:base,tabindex:10)
2025-09-05 11:40:29,269 [INFO] PluginManage:310 - Check plugin ipmanager
2025-09-05 11:40:29,274 [INFO] PluginManage:359 - Loaded plugin ipmanager (category:base,tabindex:5)
2025-09-05 11:40:29,274 [INFO] PluginManage:310 - Check plugin lpbam
2025-09-05 11:40:29,289 [INFO] PluginManage:359 - Loaded plugin lpbam (category:base,tabindex:0)
2025-09-05 11:40:29,290 [INFO] PluginManage:310 - Check plugin memorymap
2025-09-05 11:40:29,309 [INFO] PluginManage:359 - Loaded plugin memorymap (category:base,tabindex:4)
2025-09-05 11:40:29,309 [INFO] PluginManage:310 - Check plugin pinoutandconfiguration
2025-09-05 11:40:29,325 [INFO] PluginManage:359 - Loaded plugin pinoutandconfiguration (category:base,tabindex:1)
2025-09-05 11:40:29,325 [INFO] PluginManage:310 - Check plugin pinoutconfig
2025-09-05 11:40:29,393 [WARN] SupportedApi:132 - Cannot load RTOS API schema: s4s-elt-must-match.1: The content of 'definitions' must match (annotation?, (simpleType | complexType)?, (unique | key | keyref)*)). A problem was found starting at: attribute.
2025-09-05 11:40:29,483 [INFO] PluginManage:359 - Loaded plugin pinoutconfig (category:base,tabindex:0)
2025-09-05 11:40:29,484 [INFO] PluginManage:310 - Check plugin power
2025-09-05 11:40:29,500 [INFO] PluginManage:359 - Loaded plugin power (category:power,tabindex:4)
2025-09-05 11:40:29,501 [INFO] PluginManage:310 - Check plugin projectmanager
2025-09-05 11:40:29,511 [INFO] PluginManage:359 - Loaded plugin projectmanager (category:projectmanager,tabindex:4)
2025-09-05 11:40:29,511 [INFO] PluginManage:310 - Check plugin rif
2025-09-05 11:40:29,527 [INFO] PluginManage:359 - Loaded plugin rif (category:base,tabindex:3)
2025-09-05 11:40:29,527 [INFO] PluginManage:310 - Check plugin thirdparty
2025-09-05 11:40:29,774 [INFO] PluginManage:359 - Loaded plugin thirdparty (category:base,tabindex:-1)
2025-09-05 11:40:29,774 [WARN] IntegrityCheckThread:84 - waiting for thirdparty lock release [integrity check]
2025-09-05 11:40:29,774 [INFO] PluginManage:310 - Check plugin tools
2025-09-05 11:40:29,774 [INFO] IntegrityCheckThread:86 - entering critical section [integrity check]
2025-09-05 11:40:29,775 [INFO] ThirdPartyUpdaterWithRetryManager:70 - Updater plugin not ready yet. [1/15]
2025-09-05 11:40:29,807 [INFO] PluginManage:359 - Loaded plugin tools (category:base,tabindex:7)
2025-09-05 11:40:29,807 [INFO] PluginManage:310 - Check plugin tutovideos
2025-09-05 11:40:29,977 [INFO] PluginManage:359 - Loaded plugin tutovideos (category:base,tabindex:-1)
2025-09-05 11:40:29,977 [INFO] PluginManage:310 - Check plugin updater
2025-09-05 11:40:29,993 [INFO] PluginManage:359 - Loaded plugin updater (category:base,tabindex:12)
2025-09-05 11:40:29,993 [INFO] PluginManage:310 - Check plugin userauth
2025-09-05 11:40:29,996 [INFO] UserAuth:118 - Init User Auth plugin
2025-09-05 11:40:29,997 [INFO] PluginManage:359 - Loaded plugin userauth (category:base,tabindex:14)
2025-09-05 11:40:29,997 [INFO] PluginManage:283 - PluginManage : Loaded plugins [18]
2025-09-05 11:40:30,152 [INFO] PinOutPanel:1589 - setPackage(No Configuration,No Configuration)
2025-09-05 11:40:30,214 [INFO] CADModel:165 - CPN selected for project level
2025-09-05 11:40:30,214 [INFO] CADModel:114 - Register for checkConnection events
2025-09-05 11:40:30,240 [INFO] IPUIPlugin:80 - create IPUIPlugin
2025-09-05 11:40:30,240 [INFO] PluginManager:220 - loadIPPluginJar : add adc
2025-09-05 11:40:30,276 [INFO] IPUIPlugin:80 - create IPUIPlugin
2025-09-05 11:40:30,276 [INFO] PluginManager:220 - loadIPPluginJar : add aes
2025-09-05 11:40:30,316 [INFO] IPUIPlugin:80 - create IPUIPlugin
2025-09-05 11:40:30,316 [INFO] PluginManager:220 - loadIPPluginJar : add can
2025-09-05 11:40:30,341 [INFO] IPUIPlugin:80 - create IPUIPlugin
2025-09-05 11:40:30,341 [INFO] PluginManager:220 - loadIPPluginJar : add comp
2025-09-05 11:40:30,374 [INFO] IPUIPlugin:80 - create IPUIPlugin
2025-09-05 11:40:30,374 [INFO] PluginManager:220 - loadIPPluginJar : add cryp
2025-09-05 11:40:30,385 [INFO] IPUIPlugin:80 - create IPUIPlugin
2025-09-05 11:40:30,385 [INFO] PluginManager:220 - loadIPPluginJar : add ddr_ctrl_phy
2025-09-05 11:40:30,414 [INFO] IPUIPlugin:80 - create IPUIPlugin
2025-09-05 11:40:30,414 [INFO] PluginManager:220 - loadIPPluginJar : add dfsdm
2025-09-05 11:40:30,428 [INFO] IPUIPlugin:80 - create IPUIPlugin
2025-09-05 11:40:30,428 [INFO] PluginManager:220 - loadIPPluginJar : add dma
2025-09-05 11:40:30,464 [INFO] IPUIPlugin:80 - create IPUIPlugin
2025-09-05 11:40:30,464 [INFO] PluginManager:220 - loadIPPluginJar : add dma3
2025-09-05 11:40:30,503 [INFO] IPUIPlugin:80 - create IPUIPlugin
2025-09-05 11:40:30,503 [INFO] PluginManager:220 - loadIPPluginJar : add extmemmanager
2025-09-05 11:40:30,523 [INFO] IPUIPlugin:80 - create IPUIPlugin
2025-09-05 11:40:30,523 [INFO] PluginManager:220 - loadIPPluginJar : add fatfs
2025-09-05 11:40:30,564 [INFO] IPUIPlugin:80 - create IPUIPlugin
2025-09-05 11:40:30,565 [INFO] PluginManager:220 - loadIPPluginJar : add fmc
2025-09-05 11:40:30,580 [INFO] IPUIPlugin:80 - create IPUIPlugin
2025-09-05 11:40:30,580 [INFO] PluginManager:220 - loadIPPluginJar : add freertos
2025-09-05 11:40:30,600 [INFO] IPUIPlugin:80 - create IPUIPlugin
2025-09-05 11:40:30,600 [INFO] PluginManager:220 - loadIPPluginJar : add genericplugin
2025-09-05 11:40:30,681 [INFO] IPUIPlugin:80 - create IPUIPlugin
2025-09-05 11:40:30,681 [INFO] PluginManager:220 - loadIPPluginJar : add gfxmmu
2025-09-05 11:40:30,791 [INFO] IPUIPlugin:80 - create IPUIPlugin
2025-09-05 11:40:30,791 [INFO] PluginManager:220 - loadIPPluginJar : add gic
2025-09-05 11:40:30,804 [INFO] IPUIPlugin:80 - create IPUIPlugin
2025-09-05 11:40:30,804 [INFO] PluginManager:220 - loadIPPluginJar : add gpio
2025-09-05 11:40:30,878 [INFO] IPUIPlugin:80 - create IPUIPlugin
2025-09-05 11:40:30,879 [INFO] PluginManager:220 - loadIPPluginJar : add gtzc
2025-09-05 11:40:30,909 [INFO] IPUIPlugin:80 - create IPUIPlugin
2025-09-05 11:40:30,909 [INFO] PluginManager:220 - loadIPPluginJar : add hash
2025-09-05 11:40:30,955 [INFO] IPUIPlugin:80 - create IPUIPlugin
2025-09-05 11:40:30,955 [INFO] PluginManager:220 - loadIPPluginJar : add i2c
2025-09-05 11:40:30,992 [INFO] IPUIPlugin:80 - create IPUIPlugin
2025-09-05 11:40:30,992 [INFO] PluginManager:220 - loadIPPluginJar : add i2s
2025-09-05 11:40:31,031 [INFO] IPUIPlugin:80 - create IPUIPlugin
2025-09-05 11:40:31,031 [INFO] PluginManager:220 - loadIPPluginJar : add i3c
2025-09-05 11:40:31,113 [INFO] IPUIPlugin:80 - create IPUIPlugin
2025-09-05 11:40:31,113 [INFO] PluginManager:220 - loadIPPluginJar : add ipddr
2025-09-05 11:40:31,195 [INFO] IPUIPlugin:80 - create IPUIPlugin
2025-09-05 11:40:31,195 [INFO] PluginManager:220 - loadIPPluginJar : add linkedlist
2025-09-05 11:40:31,227 [INFO] IPUIPlugin:80 - create IPUIPlugin
2025-09-05 11:40:31,228 [INFO] PluginManager:220 - loadIPPluginJar : add lorawan
2025-09-05 11:40:31,261 [INFO] IPUIPlugin:80 - create IPUIPlugin
2025-09-05 11:40:31,261 [INFO] PluginManager:220 - loadIPPluginJar : add ltdc
2025-09-05 11:40:31,274 [INFO] IPUIPlugin:80 - create IPUIPlugin
2025-09-05 11:40:31,275 [INFO] PluginManager:220 - loadIPPluginJar : add mdma
2025-09-05 11:40:31,286 [INFO] IPUIPlugin:80 - create IPUIPlugin
2025-09-05 11:40:31,286 [INFO] PluginManager:220 - loadIPPluginJar : add nvic
2025-09-05 11:40:31,321 [INFO] IPUIPlugin:80 - create IPUIPlugin
2025-09-05 11:40:31,322 [INFO] PluginManager:220 - loadIPPluginJar : add opamp
2025-09-05 11:40:31,376 [INFO] IPUIPlugin:80 - create IPUIPlugin
2025-09-05 11:40:31,376 [INFO] PluginManager:220 - loadIPPluginJar : add openamp
2025-09-05 11:40:31,416 [INFO] IPUIPlugin:80 - create IPUIPlugin
2025-09-05 11:40:31,417 [INFO] PluginManager:220 - loadIPPluginJar : add pdm2pcm
2025-09-05 11:40:31,430 [INFO] IPUIPlugin:80 - create IPUIPlugin
2025-09-05 11:40:31,431 [INFO] PluginManager:220 - loadIPPluginJar : add plateformsettings
2025-09-05 11:40:31,454 [INFO] IPUIPlugin:80 - create IPUIPlugin
2025-09-05 11:40:31,454 [INFO] PluginManager:220 - loadIPPluginJar : add quadspi
2025-09-05 11:40:31,480 [INFO] IPUIPlugin:80 - create IPUIPlugin
2025-09-05 11:40:31,480 [INFO] PluginManager:220 - loadIPPluginJar : add radio
2025-09-05 11:40:31,493 [INFO] IPUIPlugin:80 - create IPUIPlugin
2025-09-05 11:40:31,493 [INFO] PluginManager:220 - loadIPPluginJar : add resmgrutility
2025-09-05 11:40:31,534 [INFO] IPUIPlugin:80 - create IPUIPlugin
2025-09-05 11:40:31,535 [INFO] PluginManager:220 - loadIPPluginJar : add sai
2025-09-05 11:40:31,567 [INFO] IPUIPlugin:80 - create IPUIPlugin
2025-09-05 11:40:31,567 [INFO] PluginManager:220 - loadIPPluginJar : add spi
2025-09-05 11:40:31,633 [INFO] IPUIPlugin:80 - create IPUIPlugin
2025-09-05 11:40:31,633 [INFO] PluginManager:220 - loadIPPluginJar : add stm32_wpan
2025-09-05 11:40:31,657 [INFO] IPUIPlugin:80 - create IPUIPlugin
2025-09-05 11:40:31,657 [INFO] PluginManager:220 - loadIPPluginJar : add tim
2025-09-05 11:40:31,711 [INFO] IPUIPlugin:80 - create IPUIPlugin
2025-09-05 11:40:31,711 [INFO] PluginManager:220 - loadIPPluginJar : add touchsensing
2025-09-05 11:40:31,734 [INFO] IPUIPlugin:80 - create IPUIPlugin
2025-09-05 11:40:31,734 [INFO] PluginManager:220 - loadIPPluginJar : add tracer_emb
2025-09-05 11:40:31,760 [INFO] IPUIPlugin:80 - create IPUIPlugin
2025-09-05 11:40:31,760 [INFO] PluginManager:220 - loadIPPluginJar : add ts
2025-09-05 11:40:31,784 [INFO] IPUIPlugin:80 - create IPUIPlugin
2025-09-05 11:40:31,784 [INFO] PluginManager:220 - loadIPPluginJar : add tsc
2025-09-05 11:40:31,804 [INFO] IPUIPlugin:80 - create IPUIPlugin
2025-09-05 11:40:31,804 [INFO] PluginManager:220 - loadIPPluginJar : add ucpd
2025-09-05 11:40:31,841 [INFO] IPUIPlugin:80 - create IPUIPlugin
2025-09-05 11:40:31,841 [INFO] PluginManager:220 - loadIPPluginJar : add usart
2025-09-05 11:40:31,883 [INFO] IPUIPlugin:80 - create IPUIPlugin
2025-09-05 11:40:31,883 [INFO] PluginManager:220 - loadIPPluginJar : add usbx
2025-09-05 11:40:31,991 [FATAL] Updater:351 - Updater called before beeing initialized
2025-09-05 11:40:32,013 [INFO] RulesReader:64 - Compatibility file has been processed (317 Rules)
2025-09-05 11:40:32,021 [INFO] RulesReader:64 - Compatibility file has been processed (317 Rules)
2025-09-05 11:40:32,027 [INFO] CADModel:165 - CPN selected for project level
2025-09-05 11:40:32,028 [INFO] CADModel:114 - Register for checkConnection events
2025-09-05 11:40:32,028 [FATAL] Updater:351 - Updater called before beeing initialized
2025-09-05 11:40:32,028 [ERROR] CADModel:125 - Updater not yet initialized, retry later 
2025-09-05 11:40:32,122 [FATAL] Updater:351 - Updater called before beeing initialized
2025-09-05 11:40:32,124 [INFO] CADModel:165 - CPN selected for project level
2025-09-05 11:40:32,124 [INFO] CADModel:114 - Register for checkConnection events
2025-09-05 11:40:32,124 [FATAL] Updater:351 - Updater called before beeing initialized
2025-09-05 11:40:32,124 [ERROR] CADModel:125 - Updater not yet initialized, retry later 
2025-09-05 11:40:32,127 [FATAL] Updater:351 - Updater called before beeing initialized
2025-09-05 11:40:32,204 [FATAL] Updater:351 - Updater called before beeing initialized
2025-09-05 11:40:32,213 [INFO] DbMcusAds:53 - JSON generation date=Tue Jul 08 15:14:23 ICT 2025 (1751962463582)
2025-09-05 11:40:32,213 [FATAL] Updater:351 - Updater called before beeing initialized
2025-09-05 11:40:32,288 [WARN] DetailPanel:346 - Failed to get advertising image, set to default
2025-09-05 11:40:32,365 [FATAL] Updater:351 - Updater called before beeing initialized
2025-09-05 11:40:32,371 [FATAL] Updater:351 - Updater called before beeing initialized
2025-09-05 11:40:32,371 [FATAL] Updater:351 - Updater called before beeing initialized
2025-09-05 11:40:32,371 [WARN] DetailPanel:346 - Failed to get advertising image, set to default
2025-09-05 11:40:32,372 [FATAL] Updater:351 - Updater called before beeing initialized
2025-09-05 11:40:32,414 [ERROR] Updater:1198 - MainUpdater not yet initialized. External WinMGr cannot be set.
2025-09-05 11:40:32,423 [INFO] Updater:1134 - Updater Version found : 6.15.0
2025-09-05 11:40:32,434 [INFO] ApplicationProperties:184 - Using Application install path: E:\STM32CubeIDE_1.19.0\STM32CubeIDE\plugins\com.st.stm32cube.common.mx_6.15.0.202507011659
2025-09-05 11:40:32,776 [INFO] ThirdPartyUpdaterWithRetryManager:70 - Updater plugin not ready yet. [2/15]
2025-09-05 11:40:32,898 [INFO] MainUpdater:2872 - connection check result : 10
2025-09-05 11:40:32,898 [INFO] MainUpdater:289 - Updater Check For Update Now.
2025-09-05 11:40:32,899 [INFO] MicroXplorer:498 - Change Database Version : DB.6.0.150
2025-09-05 11:40:32,916 [INFO] McuFinderGlobals:63 - Set McuFinder mode to 2 (CubeIDE integrated)
2025-09-05 11:40:32,924 [INFO] UserAuth:487 - Internet connection configuration mode: 1
2025-09-05 11:40:32,953 [INFO] JxBrowserEngine:152 - Initiate JxBrowser Engine with user profile folder
2025-09-05 11:40:33,080 [INFO] CheckServerUpdateThread:120 - End of CheckServer Thread
2025-09-05 11:40:33,136 [INFO] MainUpdater:2872 - connection check result : 10
2025-09-05 11:40:33,156 [INFO] McuFinderGlobals:76 - Set McuFinderConnectedMode to true
2025-09-05 11:40:33,711 [INFO] ServerAccessManage:452 - Complete download http(s) 200
2025-09-05 11:40:33,712 [INFO] ServerAccessManage:509 - Download File mcusAds.json._tmp_
2025-09-05 11:40:33,822 [INFO] LoadUrlFilesThread:156 - End of LoadUrlFiles Thread
2025-09-05 11:40:33,971 [INFO] WebApp:169 - Instantiating new browser for Auth
2025-09-05 11:40:34,234 [INFO] ServerAccessManage:452 - Complete download http(s) 200
2025-09-05 11:40:34,235 [INFO] ServerAccessManage:509 - Download File cube-finder-db.zip
2025-09-05 11:40:34,531 [INFO] WebApp:463 - Apply proxy settings
2025-09-05 11:40:34,531 [INFO] WebApp:548 - Chromium requires no authentication
2025-09-05 11:40:34,538 [INFO] WebApp:491 - Direct internet connection detected
2025-09-05 11:40:34,556 [INFO] WebApp:900 - Register for checkConnection events
2025-09-05 11:40:34,556 [INFO] WebApp:463 - Apply proxy settings
2025-09-05 11:40:34,556 [INFO] WebApp:548 - Chromium requires no authentication
2025-09-05 11:40:34,557 [INFO] WebApp:491 - Direct internet connection detected
2025-09-05 11:40:34,718 [INFO] WebApp:225 - Starting web application
2025-09-05 11:40:34,718 [INFO] WebApp:593 - Web application path used E:\STM32CubeIDE_1.19.0\STM32CubeIDE\plugins\com.st.stm32cube.common.mx_6.15.0.202507011659\db\plugins\mcufinder\reactClient1\index.html
2025-09-05 11:40:34,848 [INFO] UserAuth:487 - Internet connection configuration mode: 1
2025-09-05 11:40:34,924 [INFO] WebApp:191 - Connection restablished
2025-09-05 11:40:35,464 [INFO] FileExtend:248 - Unzip File : cube-finder-db.zip
2025-09-05 11:40:35,465 [INFO] FileExtend:263 - Standard Zip Deflate
2025-09-05 11:40:35,777 [WARN] MainUpdater:1193 - Updater busy. Cannot search thirdparties
2025-09-05 11:40:35,777 [INFO] ThirdPartyUpdaterWithRetryManager:96 - Updater plugin is busy. [1/15]
2025-09-05 11:40:36,211 [INFO] LoadUrlFilesThread:156 - End of LoadUrlFiles Thread
2025-09-05 11:40:37,393 [INFO] ServerAccessManage:452 - Complete download http(s) 200
2025-09-05 11:40:37,393 [INFO] ServerAccessManage:509 - Download File crdb.zip
2025-09-05 11:40:38,639 [INFO] FileExtend:248 - Unzip File : crdb.zip
2025-09-05 11:40:38,639 [INFO] FileExtend:263 - Standard Zip Deflate
2025-09-05 11:40:38,766 [INFO] LoadUrlFilesThread:156 - End of LoadUrlFiles Thread
2025-09-05 11:40:38,777 [WARN] MainUpdater:1193 - Updater busy. Cannot search thirdparties
2025-09-05 11:40:38,777 [INFO] ThirdPartyUpdaterWithRetryManager:96 - Updater plugin is busy. [2/15]
2025-09-05 11:40:40,565 [INFO] ServerAccessManage:452 - Complete download http(s) 200
2025-09-05 11:40:40,565 [INFO] ServerAccessManage:509 - Download File tutoVideoDB.zip
2025-09-05 11:40:40,571 [INFO] FileExtend:248 - Unzip File : tutoVideoDB.zip
2025-09-05 11:40:40,571 [INFO] FileExtend:263 - Standard Zip Deflate
2025-09-05 11:40:40,689 [INFO] LoadUrlFilesThread:156 - End of LoadUrlFiles Thread
2025-09-05 11:40:40,690 [WARN] DbFile:41 - Overriding database path with different value: C:\Users\nphis\.stmcufinder\plugins\mcufinder/ => C:\Users\nphis\.stmcufinder\plugins\mcufinder
2025-09-05 11:40:41,476 [INFO] ServerAccessManage:452 - Complete download http(s) 200
2025-09-05 11:40:41,476 [INFO] ServerAccessManage:509 - Download File api_config.json
2025-09-05 11:40:41,583 [INFO] LoadUrlFilesThread:156 - End of LoadUrlFiles Thread
2025-09-05 11:40:41,584 [INFO] DbMcusAds:53 - JSON generation date=Tue Jul 08 15:14:23 ICT 2025 (1751962463582)
2025-09-05 11:40:41,599 [INFO] LoadUrlFilesThread:185 - End of LoadServerUrlFiles without Thread
2025-09-05 11:40:41,599 [INFO] TargetSelectorAdapter:259 - Refresh data is successful
2025-09-05 11:40:41,873 [INFO] ApiDb:581 - Connected to CubeFinder SQLite database (C:\Users\nphis\.stmcufinder\plugins\mcufinder\mcu\cube-finder-db.db)
2025-09-05 11:40:41,924 [INFO] ApiDb:668 - CubeFinder database Data Model version=2.1
2025-09-05 11:40:41,924 [INFO] ApiDb:669 - CubeFinder database Configuration version=3.0.39
2025-09-05 11:40:41,924 [INFO] ApiDb:670 - CubeFinder database generation date=2025-07-24 (1753349077)
2025-09-05 11:40:41,924 [INFO] ApiDb:671 - CubeFinder database FW Pack versions=[FP-ATR-ASTRA1_V2.0.0, FP-SNS-FLIGHT1_V5.1.0, FP-SNS-MOTENV1_V5.0.0, FP-SNS-MOTENVWB1_V1.4.0, FP-SNS-SMARTAG2_V1.2.0, FP-SNS-STBOX1_V2.0.0, STM32Cube_FW_C0_V1.4.0, STM32Cube_FW_F4_V1.28.2, STM32Cube_FW_F7_V1.17.3, STM32Cube_FW_G0_V1.6.2, STM32Cube_FW_G4_V1.6.1, STM32Cube_FW_H5_V1.5.0, STM32Cube_FW_H7RS_V1.2.0, STM32Cube_FW_H7_V1.12.1, STM32Cube_FW_L0_V1.12.2, STM32Cube_FW_L4_V1.18.1, STM32Cube_FW_L5_V1.5.1, STM32Cube_FW_N6_V1.2.0, STM32Cube_FW_U0_V1.3.0, STM32Cube_FW_U3_V1.2.0, STM32Cube_FW_U5_V1.8.0, STM32Cube_FW_WB0_V1.3.0, STM32Cube_FW_WBA_V1.7.0, STM32Cube_FW_WB_V1.23.0, STM32Cube_FW_WL3_V1.2.0, STM32Cube_FW_WL_V1.3.1, X-CUBE-ALGOBUILD_V1.4.0, X-CUBE-ALS_V1.0.2, X-CUBE-AZRTOS-F4_V1.1.0, X-CUBE-AZRTOS-F7_V1.1.0, X-CUBE-AZRTOS-G0_V1.1.0, X-CUBE-AZRTOS-G4_V2.0.0, X-CUBE-AZRTOS-H7RS_V1.1.0, X-CUBE-AZRTOS-H7_V3.4.0, X-CUBE-AZRTOS-L4_V2.0.0, X-CUBE-AZRTOS-L5_V2.0.0, X-CUBE-AZRTOS-WB_V2.0.0, X-CUBE-AZRTOS-WL_V2.0.0, X-CUBE-BLE1_V7.1.0, X-CUBE-BLE2_V3.3.0, X-CUBE-BLEMGR_V4.1.0, X-CUBE-EEPRMA1_V5.2.0, X-CUBE-FREERTOS_V1.3.1, X-CUBE-GNSS1_V6.0.0, X-CUBE-MEMS1_V11.3.0, X-CUBE-NFC4_V3.0.0, X-CUBE-NFC7_V2.0.0, X-CUBE-SFXS2LP1_V4.0.0, X-CUBE-ST67W61_V1.0.0, X-CUBE-SUBG2_V5.0.0, X-CUBE-TOF1_V3.4.3]
2025-09-05 11:40:41,967 [WARN] PackLoader:240 - Cannot read IP mode file for STMicroelectronics.FP-SNS-MOTENVWB1.1.4.0
2025-09-05 11:40:41,982 [WARN] PackLoader:240 - Cannot read IP mode file for STMicroelectronics.FP-ATR-ASTRA1.2.0.2
2025-09-05 11:40:41,999 [WARN] PackLoader:240 - Cannot read IP mode file for STMicroelectronics.X-CUBE-SMBUS.2.1.0
2025-09-05 11:40:42,011 [WARN] PackLoader:240 - Cannot read IP mode file for STMicroelectronics.X-CUBE-ST60.1.0.0
2025-09-05 11:40:42,040 [WARN] PackLoader:240 - Cannot read IP mode file for STMicroelectronics.X-CUBE-AZRTOS-F7.1.1.0
2025-09-05 11:40:42,067 [WARN] PackLoader:240 - Cannot read IP mode file for Infineon.AIROC-Wi-Fi-Bluetooth-STM32.1.7.1
2025-09-05 11:40:42,098 [WARN] PackLoader:240 - Cannot read IP mode file for STMicroelectronics.X-CUBE-AZRTOS-H7.3.4.0
2025-09-05 11:40:42,114 [WARN] PackLoader:240 - Cannot read IP mode file for STMicroelectronics.X-CUBE-DISPLAY.3.0.0
2025-09-05 11:40:42,133 [WARN] PackLoader:240 - Cannot read IP mode file for STMicroelectronics.X-CUBE-NFC10.1.0.0
2025-09-05 11:40:42,146 [WARN] PackLoader:240 - Cannot read IP mode file for emotas.I-CUBE-CANOPEN.1.3.0
2025-09-05 11:40:42,160 [WARN] PackLoader:240 - Cannot read IP mode file for STMicroelectronics.FP-SNS-STBOX1.2.1.0
2025-09-05 11:40:42,174 [WARN] PackLoader:240 - Cannot read IP mode file for STMicroelectronics.FP-SNS-SMARTAG2.1.2.0
2025-09-05 11:40:42,185 [WARN] PackLoader:240 - Cannot read IP mode file for STMicroelectronics.FP-SNS-FLIGHT1.5.1.0
2025-09-05 11:40:42,200 [INFO] LogOutputStream:77 - [STDOUT_REDIRECT] 1 : Invalid condition id : UX_CORESTACK_Condition cause : null
2025-09-05 11:40:42,201 [INFO] LogOutputStream:77 - [STDOUT_REDIRECT] 1 : Invalid condition id : UX_CORESTACK_Condition cause : null
2025-09-05 11:40:42,202 [INFO] LogOutputStream:77 - [STDOUT_REDIRECT] 1 : Invalid condition id : UX_CORESTACK_Condition cause : null
2025-09-05 11:40:42,203 [INFO] LogOutputStream:77 - [STDOUT_REDIRECT] 1 : Invalid condition id : UX_CORESTACK_Condition cause : null
2025-09-05 11:40:42,203 [INFO] LogOutputStream:77 - [STDOUT_REDIRECT] 1 : Invalid condition id : UX_CORESTACK_Condition cause : null
2025-09-05 11:40:42,205 [WARN] PackLoader:240 - Cannot read IP mode file for STMicroelectronics.X-CUBE-AZRTOS-WL.2.0.0
2025-09-05 11:40:42,217 [WARN] PackLoader:240 - Cannot read IP mode file for STMicroelectronics.FP-SNS-MOTENV1.5.0.0
2025-09-05 11:40:42,232 [WARN] PackLoader:240 - Cannot read IP mode file for WES.I-CUBE-Cesium.1.3.0
2025-09-05 11:40:42,246 [WARN] PackLoader:240 - Cannot read IP mode file for STMicroelectronics.X-CUBE-BLE2.3.3.0
2025-09-05 11:40:42,259 [WARN] PackLoader:240 - Cannot read IP mode file for STMicroelectronics.X-CUBE-NFC9.1.0.0
2025-09-05 11:40:42,272 [WARN] PackLoader:240 - Cannot read IP mode file for wolfSSL.I-CUBE-wolfSSL.5.8.0
2025-09-05 11:40:42,283 [WARN] PackLoader:240 - Cannot read IP mode file for wolfSSL.I-CUBE-wolfSSL.5.8.2
2025-09-05 11:40:42,295 [WARN] PackLoader:240 - Cannot read IP mode file for STMicroelectronics.X-CUBE-BLE1.7.1.0
2025-09-05 11:40:42,305 [WARN] PackLoader:240 - Cannot read IP mode file for wolfSSL.I-CUBE-wolfMQTT.1.19.2
2025-09-05 11:40:42,318 [WARN] PackLoader:240 - Cannot read IP mode file for STMicroelectronics.X-CUBE-EEPRMA1.5.2.0
2025-09-05 11:40:42,329 [WARN] PackLoader:240 - Cannot read IP mode file for STMicroelectronics.X-CUBE-AI.10.1.0
2025-09-05 11:40:42,349 [WARN] PackLoader:240 - Cannot read IP mode file for STMicroelectronics.X-CUBE-AZRTOS-G0.1.1.0
2025-09-05 11:40:42,364 [WARN] PackLoader:240 - Cannot read IP mode file for STMicroelectronics.X-CUBE-SAFEA1.1.2.2
2025-09-05 11:40:42,381 [WARN] PackLoader:240 - Cannot read IP mode file for STMicroelectronics.X-CUBE-NFC4.3.0.0
2025-09-05 11:40:42,397 [WARN] PackLoader:240 - Cannot read IP mode file for EmbeddedOffice.I-CUBE-FS-RTOS.1.0.1
2025-09-05 11:40:42,410 [WARN] PackLoader:240 - Cannot read IP mode file for STMicroelectronics.X-CUBE-WB05N.2.0.0
2025-09-05 11:40:42,421 [WARN] PackLoader:240 - Cannot read IP mode file for wolfSSL.I-CUBE-wolfTPM.3.8.0
2025-09-05 11:40:42,432 [WARN] PackLoader:240 - Cannot read IP mode file for STMicroelectronics.X-CUBE-TCPP.4.2.0
2025-09-05 11:40:42,446 [WARN] PackLoader:240 - Cannot read IP mode file for RealThread.X-CUBE-RT-Thread_Nano.4.1.1
2025-09-05 11:40:42,458 [WARN] PackLoader:240 - Cannot read IP mode file for STMicroelectronics.FP-ATR-SIGFOX1.3.2.0
2025-09-05 11:40:42,470 [WARN] PackLoader:240 - Cannot read IP mode file for ITTIA_DB.I-CUBE-ITTIADB.8.9.0
2025-09-05 11:40:42,481 [WARN] PackLoader:240 - Cannot read IP mode file for STMicroelectronics.X-CUBE-ST67W61.1.0.0
2025-09-05 11:40:42,490 [WARN] PackLoader:240 - Cannot read IP mode file for STMicroelectronics.X-CUBE-AI.10.2.0
2025-09-05 11:40:42,516 [WARN] PackLoader:240 - Cannot read IP mode file for SEGGER.I-CUBE-embOS.1.3.1
2025-09-05 11:40:42,544 [WARN] PackLoader:240 - Cannot read IP mode file for STMicroelectronics.X-CUBE-ALGOBUILD.1.4.0
2025-09-05 11:40:42,575 [WARN] PackLoader:240 - Cannot read IP mode file for STMicroelectronics.X-CUBE-MEMS1.11.3.0
2025-09-05 11:40:42,636 [WARN] PackLoader:240 - Cannot read IP mode file for STMicroelectronics.X-CUBE-PM33A1.1.0.0
2025-09-05 11:40:42,656 [WARN] PackLoader:240 - Cannot read IP mode file for STMicroelectronics.X-CUBE-AZRTOS-F4.1.1.0
2025-09-05 11:40:42,668 [WARN] PackLoader:240 - Cannot read IP mode file for Avnet-IotConnect.X-CUBE-IoTC-DA16k-PMOD.1.0.0
2025-09-05 11:40:42,679 [WARN] PackLoader:240 - Cannot read IP mode file for STMicroelectronics.X-CUBE-ISPU.2.1.0
2025-09-05 11:40:42,693 [WARN] PackLoader:240 - Cannot read IP mode file for STMicroelectronics.X-CUBE-NFC12.1.0.0
2025-09-05 11:40:42,713 [WARN] PackLoader:240 - Cannot read IP mode file for STMicroelectronics.X-CUBE-AZRTOS-L5.2.0.0
2025-09-05 11:40:42,728 [WARN] PackLoader:240 - Cannot read IP mode file for STMicroelectronics.X-CUBE-NFC6.3.1.0
2025-09-05 11:40:42,742 [WARN] PackLoader:240 - Cannot read IP mode file for STMicroelectronics.X-CUBE-FREERTOS.1.3.1
2025-09-05 11:40:42,753 [WARN] PackLoader:240 - Cannot read IP mode file for STMicroelectronics.FP-SNS-STAIOTCFT.1.0.0
2025-09-05 11:40:42,764 [WARN] PackLoader:240 - Cannot read IP mode file for STMicroelectronics.X-CUBE-DPower.1.3.0
2025-09-05 11:40:42,782 [WARN] ConditionMgr:438 - getConditionDescription Invalid condition id : LAN8742 Phy interface Condition cause : null
2025-09-05 11:40:42,782 [WARN] PackLoader:240 - Cannot read IP mode file for STMicroelectronics.X-CUBE-AZRTOS-L4.2.0.0
2025-09-05 11:40:42,783 [WARN] ConditionMgr:1044 - genDependencies : Invalid condition id : LAN8742 Phy interface Condition cause : null
2025-09-05 11:40:42,783 [WARN] ConditionMgr:1044 - genDependencies : Invalid condition id : LAN8742 Phy interface Condition cause : null
2025-09-05 11:40:42,783 [WARN] ConditionMgr:1044 - genDependencies : Invalid condition id : LAN8742 Phy interface Condition cause : null
2025-09-05 11:40:42,795 [WARN] PackLoader:240 - Cannot read IP mode file for STMicroelectronics.X-CUBE-SFXS2LP1.4.0.0
2025-09-05 11:40:42,809 [WARN] PackLoader:240 - Cannot read IP mode file for STMicroelectronics.X-CUBE-BLEMGR.4.1.0
2025-09-05 11:40:42,828 [WARN] ConditionMgr:438 - getConditionDescription Invalid condition id : UX DEVICE CLASS RTOS Condition cause : null
2025-09-05 11:40:42,828 [WARN] ConditionMgr:438 - getConditionDescription Invalid condition id : UX DEVICE CLASS RTOS Condition cause : null
2025-09-05 11:40:42,833 [WARN] PackLoader:240 - Cannot read IP mode file for STMicroelectronics.X-CUBE-AZRTOS-WB.2.0.0
2025-09-05 11:40:42,834 [WARN] ConditionMgr:1044 - genDependencies : Invalid condition id : UX DEVICE CLASS RTOS Condition cause : null
2025-09-05 11:40:42,834 [WARN] ConditionMgr:1044 - genDependencies : Invalid condition id : UX DEVICE CLASS RTOS Condition cause : null
2025-09-05 11:40:42,834 [WARN] ConditionMgr:1044 - genDependencies : Invalid condition id : UX DEVICE CLASS RTOS Condition cause : null
2025-09-05 11:40:42,834 [WARN] ConditionMgr:1044 - genDependencies : Invalid condition id : UX DEVICE CLASS RTOS Condition cause : null
2025-09-05 11:40:42,834 [WARN] ConditionMgr:1044 - genDependencies : Invalid condition id : UX DEVICE CLASS RTOS Condition cause : null
2025-09-05 11:40:42,848 [WARN] PackLoader:240 - Cannot read IP mode file for STMicroelectronics.X-CUBE-GNSS1.7.0.1
2025-09-05 11:40:42,861 [WARN] PackLoader:240 - Cannot read IP mode file for STMicroelectronics.X-CUBE-TOUCHGFX.4.25.0
2025-09-05 11:40:42,874 [WARN] PackLoader:240 - Cannot read IP mode file for STMicroelectronics.FP-SNS-STBOX1.2.0.0
2025-09-05 11:40:42,886 [WARN] ConditionMgr:438 - getConditionDescription Invalid condition id : Cortex-A Device cause : null
2025-09-05 11:40:42,904 [WARN] ConditionMgr:1044 - genDependencies : Invalid condition id : Cortex-A Device cause : null
2025-09-05 11:40:42,904 [WARN] ConditionMgr:1044 - genDependencies : Invalid condition id : Cortex-A Device cause : null
2025-09-05 11:40:42,904 [WARN] ConditionMgr:1044 - genDependencies : Invalid condition id : Cortex-A Device cause : null
2025-09-05 11:40:42,920 [WARN] PackLoader:240 - Cannot read IP mode file for STMicroelectronics.X-CUBE-SUBG2.5.0.0
2025-09-05 11:40:42,942 [WARN] PackLoader:240 - Cannot read IP mode file for STMicroelectronics.X-CUBE-AZRTOS-H7RS.1.1.0
2025-09-05 11:40:42,954 [WARN] PackLoader:240 - Cannot read IP mode file for Cesanta.I-CUBE-Mongoose.7.13.0
2025-09-05 11:40:42,972 [WARN] PackLoader:240 - Cannot read IP mode file for STMicroelectronics.X-CUBE-AZRTOS-G4.2.0.0
2025-09-05 11:40:42,983 [WARN] PackLoader:240 - Cannot read IP mode file for wolfSSL.I-CUBE-wolfSSH.1.4.20
2025-09-05 11:40:42,995 [WARN] PackLoader:240 - Cannot read IP mode file for STMicroelectronics.X-CUBE-NFC7.2.0.0
2025-09-05 11:40:43,010 [WARN] PackLoader:240 - Cannot read IP mode file for STMicroelectronics.X-CUBE-IPS.3.1.0
2025-09-05 11:40:43,024 [WARN] PackLoader:240 - Cannot read IP mode file for STMicroelectronics.X-CUBE-ALS.1.0.2
2025-09-05 11:40:43,037 [WARN] PackLoader:240 - Cannot read IP mode file for portGmbH.I-Cube-SoM-uGOAL.1.1.0
2025-09-05 11:40:43,052 [WARN] PackLoader:240 - Cannot read IP mode file for STMicroelectronics.X-CUBE-TOF1.3.4.3
2025-09-05 11:40:43,057 [INFO] ThirdParty:978 - Integrity check success = true
2025-09-05 11:40:43,057 [INFO] IntegrityCheckThread:100 - exiting critical section [integrity check]
2025-09-05 11:40:43,057 [INFO] IntegrityCheckThread:103 - End integrity checks thread
2025-09-05 11:40:43,477 [INFO] ApiDb:240 - Found 880 in-development CPN: [B-G473E-ZEST1S, B-WB1M-WPAN1, B-WBA5M-WPAN, B-WL5M-SUBG1, NUCLEO-C031C6, NUCLEO-C051C8, NUCLEO-C071RB, NUCLEO-C092RC, NUCLEO-H503RB, NUCLEO-H533RE, NUCLEO-H563ZI, NUCLEO-H7S3L8, NUCLEO-N657X0-Q, NUCLEO-U031R8, NUCLEO-U083RC, NUCLEO-U385RG-Q, NUCLEO-U545RE-Q, NUCLEO-U5A5ZJ-Q, NUCLEO-WB05KZ, NUCLEO-WB07CC, NUCLEO-WB09KE, NUCLEO-WBA52CG, NUCLEO-WBA55CG, NUCLEO-WL33CC1, NUCLEO-WL33CC2, STEVAL-PROTEUS1, STEVAL-SMARTAG2, STEVAL-STWINBX1, STM320518-EVAL, STM32C0116-DK, STM32C011D6Y3TR, STM32C011D6Y6TR, STM32C011F4P3, STM32C011F4P6, STM32C011F4U3, STM32C011F4U6TR, STM32C011F6P3, STM32C011F6P6, STM32C011F6U3, STM32C011F6U6TR, STM32C011J4M3, STM32C011J4M6, STM32C011J6M3, STM32C011J6M6, STM32C0316-DK, STM32C031C4T3, STM32C031C4T6, STM32C031C4U3, STM32C031C4U6, STM32C031C6T3, STM32C031C6T6, STM32C031C6U3, STM32C031C6U6, STM32C031F4P3, STM32C031F4P6, STM32C031F6P3, STM32C031F6P6, STM32C031G4U3, STM32C031G4U6, STM32C031G6U3, STM32C031G6U6, STM32C031K4T3, STM32C031K4T6, STM32C031K4U3, STM32C031K4U6, STM32C031K6T3, STM32C031K6T6, STM32C031K6U3, STM32C031K6U6, STM32C051C6T6, STM32C051C6U6, STM32C051C8T6, STM32C051C8U6, STM32C051D8Y6TR, STM32C051F6P6, STM32C051F8P6, STM32C051G6U6, STM32C051G8U6, STM32C051K6T6, STM32C051K6U6, STM32C051K8T6, STM32C071C8T6, STM32C071C8T6N, STM32C071C8U6, STM32C071C8U6N, STM32C071CBT6, STM32C071CBT6N, STM32C071CBU6, STM32C071CBU6N, STM32C071F8P6, STM32C071F8P6N, STM32C071FBP6, STM32C071FBP6N, STM32C071FBY6TR, STM32C071G8U6, STM32C071G8U6N, STM32C071GBU6, STM32C071GBU6N, STM32C071K8T6, STM32C071K8T6N, STM32C071K8U6, STM32C071K8U6N, STM32C071KBT6, STM32C071KBT6N, STM32C071KBU6, STM32C071KBU6N, STM32C071R8T6, STM32C071R8T6N, STM32C071RBI6N, STM32C071RBT6, STM32C071RBT6N, STM32C091CBT6, STM32C091CBU6, STM32C091CCT6, STM32C091CCU6, STM32C091ECY6TR, STM32C091FBP6, STM32C091FCP6, STM32C091GBU6, STM32C091GCU6, STM32C091KBT6, STM32C091KBU6, STM32C091KCT6, STM32C091KCU6, STM32C091RBT6, STM32C091RCI6, STM32C091RCT6, STM32C092CBT6, STM32C092CBU6, STM32C092CCT6, STM32C092CCU6, STM32C092ECY6TR, STM32C092FBP6, STM32C092FCP6, STM32C092GBU6, STM32C092GCU6, STM32C092KBT6, STM32C092KBU6, STM32C092KCT6, STM32C092KCU6, STM32C092RBT6, STM32C092RCI6, STM32C092RCT6, STM32G071K8TXN, STM32G071K8UXN, STM32G081GBU6N, STM32G081KBT6N, STM32G081KBUXN, STM32G0B1CCT6N, STM32G0B1KCT6, STM32G0B1NEY6TR, STM32G0B1RCT6N, STM32G0C1CCT6, STM32G0C1CCT6N, STM32G0C1CCU6N, STM32G0C1CET6N, STM32G0C1CEU6N, STM32G0C1KCT6, STM32G0C1NEY6TR, STM32G0C1RCI6N, STM32G0C1RCT6N, STM32G0C1REI6N, STM32G0C1RET6N, STM32G0C1VCI6, STM32G0C1VEI6, STM32G411C6T3, STM32G411C6T6, STM32G411C6U3, STM32G411C6U6, STM32G411C8T3, STM32G411C8T6, STM32G411C8U3, STM32G411C8U6, STM32G411CBT3, STM32G411CBT6, STM32G411CBU3, STM32G411CBU6, STM32G411K6T3, STM32G411K6T6, STM32G411K6U3, STM32G411K6U6, STM32G411K8T3, STM32G411K8T6, STM32G411K8U3, STM32G411K8U6, STM32G411KBT3, STM32G411KBT6, STM32G411KBU3, STM32G411KBU6, STM32G411M6T3, STM32G411M6T6, STM32G411M8T3, STM32G411M8T6, STM32G411MBT3, STM32G411MBT6, STM32G411R6T3, STM32G411R6T6, STM32G411R8T3, STM32G411R8T6, STM32G411RBT3, STM32G411RBT6, STM32G414CBT3, STM32G414CBT6, STM32G414CBU3, STM32G414CBU6, STM32G414CCT3, STM32G414CCT6, STM32G414CCU3, STM32G414CCU6, STM32G414MBT3, STM32G414MBT6, STM32G414MCT3, STM32G414MCT6, STM32G414RBT3, STM32G414RBT6, STM32G414RCT3, STM32G414RCT6, STM32G414VBT3, STM32G414VBT6, STM32G414VCT3, STM32G414VCT6, STM32G431CBT3Z, STM32G431RBT3Z, STM32G471CCT6, STM32G471CCU6, STM32G471CET3, STM32G471CET6, STM32G471CEU3, STM32G471CEU6, STM32G471MCT6, STM32G471MET3, STM32G471MET6, STM32G471MEY6TR, STM32G471QCT6, STM32G471QET3, STM32G471RCT6, STM32G471RET3, STM32G471RET6, STM32G471VCH6, STM32G471VCI6, STM32G471VCT6, STM32G471VEH3, STM32G471VEH6, STM32G471VEI3, STM32G471VEI6, STM32G471VET3, STM32G471VET6, STM32G473QET3Z, STM32G473RET3Z, STM32G474CCT6, STM32G491RET3Z, STM32H503CBT6, STM32H503CBU6, STM32H503EBY6TR, STM32H503KBU6, STM32H503RBT6, STM32H523CCT6, STM32H523CCU6, STM32H523CET6, STM32H523CEU6, STM32H523HEY6TR, STM32H523RCT6, STM32H523RET6, STM32H523VCI6, STM32H523VCT6, STM32H523VEI6, STM32H523VET6, STM32H523ZCJ6, STM32H523ZCT6, STM32H523ZEJ6, STM32H523ZET6, STM32H533CET6, STM32H533CEU6, STM32H533HEY6TR, STM32H533RET6, STM32H533VEI6, STM32H533VET6, STM32H533ZEJ6, STM32H533ZET6, STM32H562AGI6, STM32H562AII6, STM32H562IGK6, STM32H562IGT6, STM32H562IIK6, STM32H562IIT6, STM32H562RGT6, STM32H562RGV6, STM32H562RIT6, STM32H562RIV6, STM32H562VGT6, STM32H562VIT6, STM32H562ZGT6, STM32H562ZIT6, STM32H563AGI6, STM32H563AII3Q, STM32H563AII6, STM32H563IGK6, STM32H563IGT6, STM32H563IIK3Q, STM32H563IIK6, STM32H563IIT3Q, STM32H563IIT6, STM32H563MIY3QTR, STM32H563RGT6, STM32H563RGV6, STM32H563RIT6, STM32H563RIV6, STM32H563VGT6, STM32H563VIT3Q, STM32H563VIT6, STM32H563ZGT6, STM32H563ZIT3Q, STM32H563ZIT6, STM32H573AII3Q, STM32H573AII6, STM32H573I-DK, STM32H573IIK3Q, STM32H573IIK6, STM32H573IIT3Q, STM32H573IIT6, STM32H573MIY3QTR, STM32H573RIT6, STM32H573RIV6, STM32H573VIT3Q, STM32H573VIT6, STM32H573ZIT3Q, STM32H573ZIT6, STM32H7R3A8I6, STM32H7R3I8K6, STM32H7R3I8T6, STM32H7R3L8H6, STM32H7R3L8H6H, STM32H7R3R8V6, STM32H7R3V8H6, STM32H7R3V8T6, STM32H7R3V8Y6TR, STM32H7R3Z8J6, STM32H7R3Z8T6, STM32H7R7A8I6, STM32H7R7I8K6, STM32H7R7I8T6, STM32H7R7L8H6, STM32H7R7L8H6H, STM32H7R7Z8J6, STM32H7S3A8I6, STM32H7S3I8K6, STM32H7S3I8T6, STM32H7S3L8H6, STM32H7S3L8H6H, STM32H7S3R8V6, STM32H7S3V8H6, STM32H7S3V8T6, STM32H7S3V8Y6TR, STM32H7S3Z8J6, STM32H7S3Z8T6, STM32H7S78-DK, STM32H7S7A8I6, STM32H7S7I8K6, STM32H7S7I8T6, STM32H7S7L8H6, STM32H7S7L8H6H, STM32H7S7Z8J6, STM32L4R5QGI6STR, STM32MP131AAE3, STM32MP131AAF3, STM32MP131AAG3, STM32MP131CAE3, STM32MP131CAF3, STM32MP131CAG3, STM32MP131DAE7, STM32MP131DAF7, STM32MP131DAG7, STM32MP131FAE7, STM32MP131FAF7, STM32MP131FAG7, STM32MP133AAE3, STM32MP133AAF3, STM32MP133AAG3, STM32MP133CAE3, STM32MP133CAF3, STM32MP133CAG3, STM32MP133DAE7, STM32MP133DAF7, STM32MP133DAG7, STM32MP133FAE7, STM32MP133FAF7, STM32MP133FAG7, STM32MP135AAE3, STM32MP135AAF3, STM32MP135AAG3, STM32MP135CAE3, STM32MP135CAF3, STM32MP135CAG3, STM32MP135DAE7, STM32MP135DAF7, STM32MP135DAG7, STM32MP135F-DK, STM32MP135FAE7, STM32MP135FAF7, STM32MP135FAF7T, STM32MP135FAF7U, STM32MP135FAG7, STM32MP211AAL3, STM32MP211AAM3, STM32MP211AAN3, STM32MP211AAO3, STM32MP211CAL3, STM32MP211CAM3, STM32MP211CAN3, STM32MP211CAO3, STM32MP211DAL3, STM32MP211DAM3, STM32MP211DAN3, STM32MP211DAO3, STM32MP211FAL3, STM32MP211FAM3, STM32MP211FAN3, STM32MP211FAO3, STM32MP213AAL3, STM32MP213AAM3, STM32MP213AAN3, STM32MP213AAO3, STM32MP213CAL3, STM32MP213CAM3, STM32MP213CAN3, STM32MP213CAO3, STM32MP213DAL3, STM32MP213DAM3, STM32MP213DAN3, STM32MP213DAO3, STM32MP213FAL3, STM32MP213FAM3, STM32MP213FAN3, STM32MP213FAO3, STM32MP215AAL3, STM32MP215AAM3, STM32MP215AAN3, STM32MP215AAO3, STM32MP215CAL3, STM32MP215CAM3, STM32MP215CAN3, STM32MP215CAO3, STM32MP215DAL3, STM32MP215DAM3, STM32MP215DAN3, STM32MP215DAO3, STM32MP215F-DK, STM32MP215FAL3, STM32MP215FAM3, STM32MP215FAN3, STM32MP215FAO3, STM32MP231AAJ3, STM32MP231AAK3, STM32MP231AAL3, STM32MP231CAJ3, STM32MP231CAK3, STM32MP231CAL3, STM32MP231DAJ3, STM32MP231DAK3, STM32MP231DAL3, STM32MP231FAJ3, STM32MP231FAK3, STM32MP231FAL3, STM32MP233AAJ3, STM32MP233AAK3, STM32MP233AAL3, STM32MP233CAJ3, STM32MP233CAK3, STM32MP233CAL3, STM32MP233DAJ3, STM32MP233DAK3, STM32MP233DAL3, STM32MP233FAJ3, STM32MP233FAK3, STM32MP233FAL3, STM32MP235AAJ3, STM32MP235AAK3, STM32MP235AAL3, STM32MP235CAJ3, STM32MP235CAK3, STM32MP235CAL3, STM32MP235DAJ3, STM32MP235DAK3, STM32MP235DAL3, STM32MP235FAJ3, STM32MP235FAK3, STM32MP235FAL3, STM32MP251AAI3, STM32MP251AAK3, STM32MP251AAL3, STM32MP251CAI3, STM32MP251CAK3, STM32MP251CAL3, STM32MP251DAI3, STM32MP251DAK3, STM32MP251DAL3, STM32MP251FAI3, STM32MP251FAK3, STM32MP251FAL3, STM32MP253AAI3, STM32MP253AAK3, STM32MP253AAL3, STM32MP253CAI3, STM32MP253CAK3, STM32MP253CAL3, STM32MP253DAI3, STM32MP253DAK3, STM32MP253DAL3, STM32MP253FAI3, STM32MP253FAK3, STM32MP253FAL3, STM32MP255AAI3, STM32MP255AAK3, STM32MP255AAL3, STM32MP255CAI3, STM32MP255CAK3, STM32MP255CAL3, STM32MP255DAI3, STM32MP255DAK3, STM32MP255DAL3, STM32MP255FAI3, STM32MP255FAK3, STM32MP255FAL3, STM32MP257AAI3, STM32MP257AAK3, STM32MP257AAL3, STM32MP257CAI3, STM32MP257CAK3, STM32MP257CAL3, STM32MP257DAI3, STM32MP257DAK3, STM32MP257DAL3, STM32MP257F-DK, STM32MP257F-EV1, STM32MP257FAI3, STM32MP257FAK3, STM32MP257FAL3, STM32N645A0H3Q, STM32N645B0H3Q, STM32N645I0H3Q, STM32N645L0H3Q, STM32N645X0H3Q, STM32N645Z0H3Q, STM32N647A0H3Q, STM32N647B0H3Q, STM32N647I0H3Q, STM32N647L0H3Q, STM32N647X0H3Q, STM32N647Z0H3Q, STM32N655A0H3Q, STM32N655B0H3Q, STM32N655I0H3Q, STM32N655L0H3Q, STM32N655X0H3Q, STM32N655Z0H3Q, STM32N6570-DK, STM32N657A0H3Q, STM32N657B0H3Q, STM32N657I0H3Q, STM32N657L0H3Q, STM32N657X0H3Q, STM32N657Z0H3Q, STM32U031C6T6, STM32U031C6U6, STM32U031C8T6, STM32U031C8U6, STM32U031F4P6, STM32U031F6P6, STM32U031F8P6, STM32U031G6Y6TR, STM32U031G8Y6TR, STM32U031K4U6, STM32U031K6U6, STM32U031K8U6, STM32U031R6I6, STM32U031R6T6, STM32U031R8I6, STM32U031R8T6, STM32U073C8T6, STM32U073C8U6, STM32U073CBT6, STM32U073CBU6, STM32U073CCT6, STM32U073CCU6, STM32U073H8Y6TR, STM32U073HBY6TR, STM32U073HCY6TR, STM32U073K8U6, STM32U073KBU6, STM32U073KCU6, STM32U073M8I6, STM32U073M8T6, STM32U073MBI6, STM32U073MBT6, STM32U073MCI6, STM32U073MCT6, STM32U073R8I6, STM32U073R8T6, STM32U073RBI6, STM32U073RBT6, STM32U073RCI6, STM32U073RCT6, STM32U083C-DK, STM32U083CCT6, STM32U083CCU6, STM32U083HCY6TR, STM32U083KCU6, STM32U083MCI6, STM32U083MCT6, STM32U083RCI6, STM32U083RCT6, STM32U375CET6, STM32U375CET6Q, STM32U375CEU6, STM32U375CEU6Q, STM32U375CEY6QTR, STM32U375CGT6, STM32U375CGT6Q, STM32U375CGU6, STM32U375CGU6Q, STM32U375CGY6QTR, STM32U375KEU6, STM32U375KGU6, STM32U375REI6, STM32U375REI6Q, STM32U375RET6, STM32U375RET6Q, STM32U375REY6GTR, STM32U375REY6QTR, STM32U375RGI6, STM32U375RGI6Q, STM32U375RGT6, STM32U375RGT6Q, STM32U375RGY6GTR, STM32U375RGY6QTR, STM32U375VEI6, STM32U375VEI6Q, STM32U375VET6, STM32U375VET6Q, STM32U375VGI6, STM32U375VGI6Q, STM32U375VGT6, STM32U375VGT6Q, STM32U385CGT6, STM32U385CGT6Q, STM32U385CGU6, STM32U385CGU6Q, STM32U385CGY6QTR, STM32U385KGU6, STM32U385RGI6, STM32U385RGI6Q, STM32U385RGT6, STM32U385RGT6Q, STM32U385RGY6GTR, STM32U385RGY6QTR, STM32U385VGI6, STM32U385VGI6Q, STM32U385VGT6, STM32U385VGT6Q, STM32U535CBT6, STM32U535CBT6Q, STM32U535CBU6, STM32U535CBU6Q, STM32U535CCT6, STM32U535CCT6Q, STM32U535CCU6, STM32U535CCU6Q, STM32U535CET6, STM32U535CET6Q, STM32U535CEU6, STM32U535CEU6Q, STM32U535JEY6QTR, STM32U535NCY6QTR, STM32U535NEY6QTR, STM32U535RBI6, STM32U535RBI6Q, STM32U535RBT6, STM32U535RBT6Q, STM32U535RCI6, STM32U535RCI6Q, STM32U535RCT6, STM32U535RCT6Q, STM32U535REI6, STM32U535REI6Q, STM32U535RET6, STM32U535RET6Q, STM32U535VCI6, STM32U535VCI6Q, STM32U535VCT6, STM32U535VCT6Q, STM32U535VEI6, STM32U535VEI6Q, STM32U535VET6, STM32U535VET6Q, STM32U545CET6, STM32U545CET6Q, STM32U545CEU6, STM32U545CEU6Q, STM32U545JEY6QTR, STM32U545NEY6QTR, STM32U545REI6, STM32U545REI6Q, STM32U545RET6, STM32U545RET6Q, STM32U545VEI6, STM32U545VEI6Q, STM32U545VET6, STM32U545VET6Q, STM32U595AIH6, STM32U595AIH6Q, STM32U595AJH6, STM32U595AJH6Q, STM32U595QII6, STM32U595QII6Q, STM32U595QJI6, STM32U595QJI6Q, STM32U595RIT6, STM32U595RIT6Q, STM32U595RJT6, STM32U595RJT6Q, STM32U595VIT6, STM32U595VIT6Q, STM32U595VJT6, STM32U595VJT6Q, STM32U595ZIT6, STM32U595ZIT6Q, STM32U595ZIY6QTR, STM32U595ZJT6, STM32U595ZJT6Q, STM32U595ZJY6QTR, STM32U599BJY6QTR, STM32U599NIH6Q, STM32U599NJH6Q, STM32U599VIT6Q, STM32U599VJT6, STM32U599VJT6Q, STM32U599ZIT6Q, STM32U599ZIY6QTR, STM32U599ZJT6Q, STM32U599ZJY6QTR, STM32U5A5AJH6, STM32U5A5AJH6Q, STM32U5A5QII3Q , STM32U5A5QJI6, STM32U5A5QJI6Q, STM32U5A5RJT6, STM32U5A5RJT6Q, STM32U5A5VJT6, STM32U5A5VJT6Q, STM32U5A5ZJT6, STM32U5A5ZJT6Q, STM32U5A5ZJY6QTR, STM32U5A9BJY6QTR, STM32U5A9J-DK, STM32U5A9NJH6Q, STM32U5A9VJT6Q, STM32U5A9ZJT6Q, STM32U5A9ZJY6QTR, STM32U5F7VIT6, STM32U5F7VIT6Q, STM32U5F7VJT6, STM32U5F7VJT6Q, STM32U5F9BJY6QTR, STM32U5F9NJH6Q, STM32U5F9VIT6Q, STM32U5F9VJT6Q, STM32U5F9ZIJ6QTR, STM32U5F9ZIT6Q, STM32U5F9ZJJ6QTR, STM32U5F9ZJT6Q, STM32U5G7VJT6, STM32U5G7VJT6Q, STM32U5G9BJY6QTR, STM32U5G9J-DK1, STM32U5G9J-DK2, STM32U5G9NJH6Q, STM32U5G9VJT6Q, STM32U5G9ZJJ6QTR, STM32U5G9ZJT6Q, STM32WB05KZV6TR, STM32WB05KZV7TR, STM32WB05TZF6TR, STM32WB05TZF7TR, STM32WB06CCF6TR, STM32WB06CCF7TR, STM32WB06CCV6TR, STM32WB06CCV7TR, STM32WB06KCV6TR, STM32WB06KCV7TR, STM32WB07CCF6TR, STM32WB07CCF7TR, STM32WB07CCV6TR, STM32WB07CCV7TR, STM32WB07KCV6TR, STM32WB07KCV7TR, STM32WB09KEV6TR, STM32WB09KEV7TR, STM32WB09TEF6TR, STM32WB09TEF7TR, STM32WB1MMCH6, STM32WBA50KGU6, STM32WBA50KGU6TR, STM32WBA52CEU6, STM32WBA52CEU6TR, STM32WBA52CEU7, STM32WBA52CEU7TR, STM32WBA52CGU6, STM32WBA52CGU6TR, STM32WBA52CGU6U, STM32WBA52CGU7, STM32WBA52CGU7TR, STM32WBA52KEU6, STM32WBA52KEU6TR, STM32WBA52KGU6, STM32WBA52KGU6TR, STM32WBA54CEU6, STM32WBA54CEU6TR, STM32WBA54CEU7, STM32WBA54CEU7TR, STM32WBA54CGU6, STM32WBA54CGU6TR, STM32WBA54CGU7, STM32WBA54CGU7TR, STM32WBA54KEU6, STM32WBA54KEU6TR, STM32WBA54KEU7, STM32WBA54KEU7TR, STM32WBA54KGU6, STM32WBA54KGU6TR, STM32WBA54KGU7, STM32WBA54KGU7TR, STM32WBA55CEU6, STM32WBA55CEU6TR, STM32WBA55CEU7, STM32WBA55CEU7TR, STM32WBA55CGU6, STM32WBA55CGU6TR, STM32WBA55CGU6U, STM32WBA55CGU7, STM32WBA55CGU7TR, STM32WBA55G-DK1, STM32WBA55HEF6, STM32WBA55HEF7, STM32WBA55HGF6, STM32WBA55HGF7, STM32WBA55UEI6, STM32WBA55UEI6TR, STM32WBA55UEI7, STM32WBA55UEI7TR, STM32WBA55UGI6, STM32WBA55UGI6TR, STM32WBA55UGI7, STM32WBA55UGI7TR, STM32WBA5MMGH6TR, STM32WBA62MGF6, STM32WBA62MIF6, STM32WBA65MGF7, STM32WBA65MIF6, STM32WBA65MIF7, STM32WL30K8V6, STM32WL30KBV6, STM32WL31C8V6, STM32WL31CBV6, STM32WL31K8V6, STM32WL31KBV6, STM32WL33C8V6, STM32WL33C8V6X, STM32WL33CBV6, STM32WL33CBV6X, STM32WL33CCV6, STM32WL33CCV6A, STM32WL33CCV6X, STM32WL33K8V7, STM32WL33K8V7X, STM32WL33KBV7 , STM32WL33KBV7X, STM32WL33KCV7, STM32WL33KCV7X, STM32WL5MOCH6, STM32WL5MOCH6TR]
2025-09-05 11:40:43,481 [INFO] DbMcus:218 - Found 4801 MCUs, 4801 are supported
2025-09-05 11:40:43,488 [INFO] ApiDb:423 - Load user favorites file C:\Users\nphis/.stm32cubeide/favorites.mcus.txt: 1 item(s)
2025-09-05 11:40:43,488 [INFO] ApiDb:427 - User favorites MCUs=[STM32F767ZIT6]
2025-09-05 11:40:43,488 [INFO] DbMcus:224 - Set 1 / 1 favorites MCUs
2025-09-05 11:40:43,752 [INFO] ApiDb:668 - CubeFinder database Data Model version=2.1
2025-09-05 11:40:43,752 [INFO] ApiDb:669 - CubeFinder database Configuration version=3.0.39
2025-09-05 11:40:43,752 [INFO] ApiDb:670 - CubeFinder database generation date=2025-07-24 (1753349077)
2025-09-05 11:40:43,752 [INFO] ApiDb:671 - CubeFinder database FW Pack versions=[FP-ATR-ASTRA1_V2.0.0, FP-SNS-FLIGHT1_V5.1.0, FP-SNS-MOTENV1_V5.0.0, FP-SNS-MOTENVWB1_V1.4.0, FP-SNS-SMARTAG2_V1.2.0, FP-SNS-STBOX1_V2.0.0, STM32Cube_FW_C0_V1.4.0, STM32Cube_FW_F4_V1.28.2, STM32Cube_FW_F7_V1.17.3, STM32Cube_FW_G0_V1.6.2, STM32Cube_FW_G4_V1.6.1, STM32Cube_FW_H5_V1.5.0, STM32Cube_FW_H7RS_V1.2.0, STM32Cube_FW_H7_V1.12.1, STM32Cube_FW_L0_V1.12.2, STM32Cube_FW_L4_V1.18.1, STM32Cube_FW_L5_V1.5.1, STM32Cube_FW_N6_V1.2.0, STM32Cube_FW_U0_V1.3.0, STM32Cube_FW_U3_V1.2.0, STM32Cube_FW_U5_V1.8.0, STM32Cube_FW_WB0_V1.3.0, STM32Cube_FW_WBA_V1.7.0, STM32Cube_FW_WB_V1.23.0, STM32Cube_FW_WL3_V1.2.0, STM32Cube_FW_WL_V1.3.1, X-CUBE-ALGOBUILD_V1.4.0, X-CUBE-ALS_V1.0.2, X-CUBE-AZRTOS-F4_V1.1.0, X-CUBE-AZRTOS-F7_V1.1.0, X-CUBE-AZRTOS-G0_V1.1.0, X-CUBE-AZRTOS-G4_V2.0.0, X-CUBE-AZRTOS-H7RS_V1.1.0, X-CUBE-AZRTOS-H7_V3.4.0, X-CUBE-AZRTOS-L4_V2.0.0, X-CUBE-AZRTOS-L5_V2.0.0, X-CUBE-AZRTOS-WB_V2.0.0, X-CUBE-AZRTOS-WL_V2.0.0, X-CUBE-BLE1_V7.1.0, X-CUBE-BLE2_V3.3.0, X-CUBE-BLEMGR_V4.1.0, X-CUBE-EEPRMA1_V5.2.0, X-CUBE-FREERTOS_V1.3.1, X-CUBE-GNSS1_V6.0.0, X-CUBE-MEMS1_V11.3.0, X-CUBE-NFC4_V3.0.0, X-CUBE-NFC7_V2.0.0, X-CUBE-SFXS2LP1_V4.0.0, X-CUBE-ST67W61_V1.0.0, X-CUBE-SUBG2_V5.0.0, X-CUBE-TOF1_V3.4.3]
2025-09-05 11:40:43,784 [INFO] DbBoardsSqlite:226 - include board P-NUCLEO-WB55-NUCLEO as a kit item of type 'Nucleo-64'
2025-09-05 11:40:43,784 [INFO] DbBoardsSqlite:226 - include board P-NUCLEO-WB55-USBDONGLE as a kit item of type 'Nucleo USB Dongle'
2025-09-05 11:40:43,784 [INFO] DbBoardsSqlite:226 - include board STEVAL-IDP005V1 as a kit item of type 'Evaluation Board'
2025-09-05 11:40:43,785 [INFO] DbBoardsSqlite:226 - include board STEVAL-IDP005V2 as a kit item of type 'Evaluation Board'
2025-09-05 11:40:43,824 [INFO] ApiDb:240 - Found 880 in-development CPN: [B-G473E-ZEST1S, B-WB1M-WPAN1, B-WBA5M-WPAN, B-WL5M-SUBG1, NUCLEO-C031C6, NUCLEO-C051C8, NUCLEO-C071RB, NUCLEO-C092RC, NUCLEO-H503RB, NUCLEO-H533RE, NUCLEO-H563ZI, NUCLEO-H7S3L8, NUCLEO-N657X0-Q, NUCLEO-U031R8, NUCLEO-U083RC, NUCLEO-U385RG-Q, NUCLEO-U545RE-Q, NUCLEO-U5A5ZJ-Q, NUCLEO-WB05KZ, NUCLEO-WB07CC, NUCLEO-WB09KE, NUCLEO-WBA52CG, NUCLEO-WBA55CG, NUCLEO-WL33CC1, NUCLEO-WL33CC2, STEVAL-PROTEUS1, STEVAL-SMARTAG2, STEVAL-STWINBX1, STM320518-EVAL, STM32C0116-DK, STM32C011D6Y3TR, STM32C011D6Y6TR, STM32C011F4P3, STM32C011F4P6, STM32C011F4U3, STM32C011F4U6TR, STM32C011F6P3, STM32C011F6P6, STM32C011F6U3, STM32C011F6U6TR, STM32C011J4M3, STM32C011J4M6, STM32C011J6M3, STM32C011J6M6, STM32C0316-DK, STM32C031C4T3, STM32C031C4T6, STM32C031C4U3, STM32C031C4U6, STM32C031C6T3, STM32C031C6T6, STM32C031C6U3, STM32C031C6U6, STM32C031F4P3, STM32C031F4P6, STM32C031F6P3, STM32C031F6P6, STM32C031G4U3, STM32C031G4U6, STM32C031G6U3, STM32C031G6U6, STM32C031K4T3, STM32C031K4T6, STM32C031K4U3, STM32C031K4U6, STM32C031K6T3, STM32C031K6T6, STM32C031K6U3, STM32C031K6U6, STM32C051C6T6, STM32C051C6U6, STM32C051C8T6, STM32C051C8U6, STM32C051D8Y6TR, STM32C051F6P6, STM32C051F8P6, STM32C051G6U6, STM32C051G8U6, STM32C051K6T6, STM32C051K6U6, STM32C051K8T6, STM32C071C8T6, STM32C071C8T6N, STM32C071C8U6, STM32C071C8U6N, STM32C071CBT6, STM32C071CBT6N, STM32C071CBU6, STM32C071CBU6N, STM32C071F8P6, STM32C071F8P6N, STM32C071FBP6, STM32C071FBP6N, STM32C071FBY6TR, STM32C071G8U6, STM32C071G8U6N, STM32C071GBU6, STM32C071GBU6N, STM32C071K8T6, STM32C071K8T6N, STM32C071K8U6, STM32C071K8U6N, STM32C071KBT6, STM32C071KBT6N, STM32C071KBU6, STM32C071KBU6N, STM32C071R8T6, STM32C071R8T6N, STM32C071RBI6N, STM32C071RBT6, STM32C071RBT6N, STM32C091CBT6, STM32C091CBU6, STM32C091CCT6, STM32C091CCU6, STM32C091ECY6TR, STM32C091FBP6, STM32C091FCP6, STM32C091GBU6, STM32C091GCU6, STM32C091KBT6, STM32C091KBU6, STM32C091KCT6, STM32C091KCU6, STM32C091RBT6, STM32C091RCI6, STM32C091RCT6, STM32C092CBT6, STM32C092CBU6, STM32C092CCT6, STM32C092CCU6, STM32C092ECY6TR, STM32C092FBP6, STM32C092FCP6, STM32C092GBU6, STM32C092GCU6, STM32C092KBT6, STM32C092KBU6, STM32C092KCT6, STM32C092KCU6, STM32C092RBT6, STM32C092RCI6, STM32C092RCT6, STM32G071K8TXN, STM32G071K8UXN, STM32G081GBU6N, STM32G081KBT6N, STM32G081KBUXN, STM32G0B1CCT6N, STM32G0B1KCT6, STM32G0B1NEY6TR, STM32G0B1RCT6N, STM32G0C1CCT6, STM32G0C1CCT6N, STM32G0C1CCU6N, STM32G0C1CET6N, STM32G0C1CEU6N, STM32G0C1KCT6, STM32G0C1NEY6TR, STM32G0C1RCI6N, STM32G0C1RCT6N, STM32G0C1REI6N, STM32G0C1RET6N, STM32G0C1VCI6, STM32G0C1VEI6, STM32G411C6T3, STM32G411C6T6, STM32G411C6U3, STM32G411C6U6, STM32G411C8T3, STM32G411C8T6, STM32G411C8U3, STM32G411C8U6, STM32G411CBT3, STM32G411CBT6, STM32G411CBU3, STM32G411CBU6, STM32G411K6T3, STM32G411K6T6, STM32G411K6U3, STM32G411K6U6, STM32G411K8T3, STM32G411K8T6, STM32G411K8U3, STM32G411K8U6, STM32G411KBT3, STM32G411KBT6, STM32G411KBU3, STM32G411KBU6, STM32G411M6T3, STM32G411M6T6, STM32G411M8T3, STM32G411M8T6, STM32G411MBT3, STM32G411MBT6, STM32G411R6T3, STM32G411R6T6, STM32G411R8T3, STM32G411R8T6, STM32G411RBT3, STM32G411RBT6, STM32G414CBT3, STM32G414CBT6, STM32G414CBU3, STM32G414CBU6, STM32G414CCT3, STM32G414CCT6, STM32G414CCU3, STM32G414CCU6, STM32G414MBT3, STM32G414MBT6, STM32G414MCT3, STM32G414MCT6, STM32G414RBT3, STM32G414RBT6, STM32G414RCT3, STM32G414RCT6, STM32G414VBT3, STM32G414VBT6, STM32G414VCT3, STM32G414VCT6, STM32G431CBT3Z, STM32G431RBT3Z, STM32G471CCT6, STM32G471CCU6, STM32G471CET3, STM32G471CET6, STM32G471CEU3, STM32G471CEU6, STM32G471MCT6, STM32G471MET3, STM32G471MET6, STM32G471MEY6TR, STM32G471QCT6, STM32G471QET3, STM32G471RCT6, STM32G471RET3, STM32G471RET6, STM32G471VCH6, STM32G471VCI6, STM32G471VCT6, STM32G471VEH3, STM32G471VEH6, STM32G471VEI3, STM32G471VEI6, STM32G471VET3, STM32G471VET6, STM32G473QET3Z, STM32G473RET3Z, STM32G474CCT6, STM32G491RET3Z, STM32H503CBT6, STM32H503CBU6, STM32H503EBY6TR, STM32H503KBU6, STM32H503RBT6, STM32H523CCT6, STM32H523CCU6, STM32H523CET6, STM32H523CEU6, STM32H523HEY6TR, STM32H523RCT6, STM32H523RET6, STM32H523VCI6, STM32H523VCT6, STM32H523VEI6, STM32H523VET6, STM32H523ZCJ6, STM32H523ZCT6, STM32H523ZEJ6, STM32H523ZET6, STM32H533CET6, STM32H533CEU6, STM32H533HEY6TR, STM32H533RET6, STM32H533VEI6, STM32H533VET6, STM32H533ZEJ6, STM32H533ZET6, STM32H562AGI6, STM32H562AII6, STM32H562IGK6, STM32H562IGT6, STM32H562IIK6, STM32H562IIT6, STM32H562RGT6, STM32H562RGV6, STM32H562RIT6, STM32H562RIV6, STM32H562VGT6, STM32H562VIT6, STM32H562ZGT6, STM32H562ZIT6, STM32H563AGI6, STM32H563AII3Q, STM32H563AII6, STM32H563IGK6, STM32H563IGT6, STM32H563IIK3Q, STM32H563IIK6, STM32H563IIT3Q, STM32H563IIT6, STM32H563MIY3QTR, STM32H563RGT6, STM32H563RGV6, STM32H563RIT6, STM32H563RIV6, STM32H563VGT6, STM32H563VIT3Q, STM32H563VIT6, STM32H563ZGT6, STM32H563ZIT3Q, STM32H563ZIT6, STM32H573AII3Q, STM32H573AII6, STM32H573I-DK, STM32H573IIK3Q, STM32H573IIK6, STM32H573IIT3Q, STM32H573IIT6, STM32H573MIY3QTR, STM32H573RIT6, STM32H573RIV6, STM32H573VIT3Q, STM32H573VIT6, STM32H573ZIT3Q, STM32H573ZIT6, STM32H7R3A8I6, STM32H7R3I8K6, STM32H7R3I8T6, STM32H7R3L8H6, STM32H7R3L8H6H, STM32H7R3R8V6, STM32H7R3V8H6, STM32H7R3V8T6, STM32H7R3V8Y6TR, STM32H7R3Z8J6, STM32H7R3Z8T6, STM32H7R7A8I6, STM32H7R7I8K6, STM32H7R7I8T6, STM32H7R7L8H6, STM32H7R7L8H6H, STM32H7R7Z8J6, STM32H7S3A8I6, STM32H7S3I8K6, STM32H7S3I8T6, STM32H7S3L8H6, STM32H7S3L8H6H, STM32H7S3R8V6, STM32H7S3V8H6, STM32H7S3V8T6, STM32H7S3V8Y6TR, STM32H7S3Z8J6, STM32H7S3Z8T6, STM32H7S78-DK, STM32H7S7A8I6, STM32H7S7I8K6, STM32H7S7I8T6, STM32H7S7L8H6, STM32H7S7L8H6H, STM32H7S7Z8J6, STM32L4R5QGI6STR, STM32MP131AAE3, STM32MP131AAF3, STM32MP131AAG3, STM32MP131CAE3, STM32MP131CAF3, STM32MP131CAG3, STM32MP131DAE7, STM32MP131DAF7, STM32MP131DAG7, STM32MP131FAE7, STM32MP131FAF7, STM32MP131FAG7, STM32MP133AAE3, STM32MP133AAF3, STM32MP133AAG3, STM32MP133CAE3, STM32MP133CAF3, STM32MP133CAG3, STM32MP133DAE7, STM32MP133DAF7, STM32MP133DAG7, STM32MP133FAE7, STM32MP133FAF7, STM32MP133FAG7, STM32MP135AAE3, STM32MP135AAF3, STM32MP135AAG3, STM32MP135CAE3, STM32MP135CAF3, STM32MP135CAG3, STM32MP135DAE7, STM32MP135DAF7, STM32MP135DAG7, STM32MP135F-DK, STM32MP135FAE7, STM32MP135FAF7, STM32MP135FAF7T, STM32MP135FAF7U, STM32MP135FAG7, STM32MP211AAL3, STM32MP211AAM3, STM32MP211AAN3, STM32MP211AAO3, STM32MP211CAL3, STM32MP211CAM3, STM32MP211CAN3, STM32MP211CAO3, STM32MP211DAL3, STM32MP211DAM3, STM32MP211DAN3, STM32MP211DAO3, STM32MP211FAL3, STM32MP211FAM3, STM32MP211FAN3, STM32MP211FAO3, STM32MP213AAL3, STM32MP213AAM3, STM32MP213AAN3, STM32MP213AAO3, STM32MP213CAL3, STM32MP213CAM3, STM32MP213CAN3, STM32MP213CAO3, STM32MP213DAL3, STM32MP213DAM3, STM32MP213DAN3, STM32MP213DAO3, STM32MP213FAL3, STM32MP213FAM3, STM32MP213FAN3, STM32MP213FAO3, STM32MP215AAL3, STM32MP215AAM3, STM32MP215AAN3, STM32MP215AAO3, STM32MP215CAL3, STM32MP215CAM3, STM32MP215CAN3, STM32MP215CAO3, STM32MP215DAL3, STM32MP215DAM3, STM32MP215DAN3, STM32MP215DAO3, STM32MP215F-DK, STM32MP215FAL3, STM32MP215FAM3, STM32MP215FAN3, STM32MP215FAO3, STM32MP231AAJ3, STM32MP231AAK3, STM32MP231AAL3, STM32MP231CAJ3, STM32MP231CAK3, STM32MP231CAL3, STM32MP231DAJ3, STM32MP231DAK3, STM32MP231DAL3, STM32MP231FAJ3, STM32MP231FAK3, STM32MP231FAL3, STM32MP233AAJ3, STM32MP233AAK3, STM32MP233AAL3, STM32MP233CAJ3, STM32MP233CAK3, STM32MP233CAL3, STM32MP233DAJ3, STM32MP233DAK3, STM32MP233DAL3, STM32MP233FAJ3, STM32MP233FAK3, STM32MP233FAL3, STM32MP235AAJ3, STM32MP235AAK3, STM32MP235AAL3, STM32MP235CAJ3, STM32MP235CAK3, STM32MP235CAL3, STM32MP235DAJ3, STM32MP235DAK3, STM32MP235DAL3, STM32MP235FAJ3, STM32MP235FAK3, STM32MP235FAL3, STM32MP251AAI3, STM32MP251AAK3, STM32MP251AAL3, STM32MP251CAI3, STM32MP251CAK3, STM32MP251CAL3, STM32MP251DAI3, STM32MP251DAK3, STM32MP251DAL3, STM32MP251FAI3, STM32MP251FAK3, STM32MP251FAL3, STM32MP253AAI3, STM32MP253AAK3, STM32MP253AAL3, STM32MP253CAI3, STM32MP253CAK3, STM32MP253CAL3, STM32MP253DAI3, STM32MP253DAK3, STM32MP253DAL3, STM32MP253FAI3, STM32MP253FAK3, STM32MP253FAL3, STM32MP255AAI3, STM32MP255AAK3, STM32MP255AAL3, STM32MP255CAI3, STM32MP255CAK3, STM32MP255CAL3, STM32MP255DAI3, STM32MP255DAK3, STM32MP255DAL3, STM32MP255FAI3, STM32MP255FAK3, STM32MP255FAL3, STM32MP257AAI3, STM32MP257AAK3, STM32MP257AAL3, STM32MP257CAI3, STM32MP257CAK3, STM32MP257CAL3, STM32MP257DAI3, STM32MP257DAK3, STM32MP257DAL3, STM32MP257F-DK, STM32MP257F-EV1, STM32MP257FAI3, STM32MP257FAK3, STM32MP257FAL3, STM32N645A0H3Q, STM32N645B0H3Q, STM32N645I0H3Q, STM32N645L0H3Q, STM32N645X0H3Q, STM32N645Z0H3Q, STM32N647A0H3Q, STM32N647B0H3Q, STM32N647I0H3Q, STM32N647L0H3Q, STM32N647X0H3Q, STM32N647Z0H3Q, STM32N655A0H3Q, STM32N655B0H3Q, STM32N655I0H3Q, STM32N655L0H3Q, STM32N655X0H3Q, STM32N655Z0H3Q, STM32N6570-DK, STM32N657A0H3Q, STM32N657B0H3Q, STM32N657I0H3Q, STM32N657L0H3Q, STM32N657X0H3Q, STM32N657Z0H3Q, STM32U031C6T6, STM32U031C6U6, STM32U031C8T6, STM32U031C8U6, STM32U031F4P6, STM32U031F6P6, STM32U031F8P6, STM32U031G6Y6TR, STM32U031G8Y6TR, STM32U031K4U6, STM32U031K6U6, STM32U031K8U6, STM32U031R6I6, STM32U031R6T6, STM32U031R8I6, STM32U031R8T6, STM32U073C8T6, STM32U073C8U6, STM32U073CBT6, STM32U073CBU6, STM32U073CCT6, STM32U073CCU6, STM32U073H8Y6TR, STM32U073HBY6TR, STM32U073HCY6TR, STM32U073K8U6, STM32U073KBU6, STM32U073KCU6, STM32U073M8I6, STM32U073M8T6, STM32U073MBI6, STM32U073MBT6, STM32U073MCI6, STM32U073MCT6, STM32U073R8I6, STM32U073R8T6, STM32U073RBI6, STM32U073RBT6, STM32U073RCI6, STM32U073RCT6, STM32U083C-DK, STM32U083CCT6, STM32U083CCU6, STM32U083HCY6TR, STM32U083KCU6, STM32U083MCI6, STM32U083MCT6, STM32U083RCI6, STM32U083RCT6, STM32U375CET6, STM32U375CET6Q, STM32U375CEU6, STM32U375CEU6Q, STM32U375CEY6QTR, STM32U375CGT6, STM32U375CGT6Q, STM32U375CGU6, STM32U375CGU6Q, STM32U375CGY6QTR, STM32U375KEU6, STM32U375KGU6, STM32U375REI6, STM32U375REI6Q, STM32U375RET6, STM32U375RET6Q, STM32U375REY6GTR, STM32U375REY6QTR, STM32U375RGI6, STM32U375RGI6Q, STM32U375RGT6, STM32U375RGT6Q, STM32U375RGY6GTR, STM32U375RGY6QTR, STM32U375VEI6, STM32U375VEI6Q, STM32U375VET6, STM32U375VET6Q, STM32U375VGI6, STM32U375VGI6Q, STM32U375VGT6, STM32U375VGT6Q, STM32U385CGT6, STM32U385CGT6Q, STM32U385CGU6, STM32U385CGU6Q, STM32U385CGY6QTR, STM32U385KGU6, STM32U385RGI6, STM32U385RGI6Q, STM32U385RGT6, STM32U385RGT6Q, STM32U385RGY6GTR, STM32U385RGY6QTR, STM32U385VGI6, STM32U385VGI6Q, STM32U385VGT6, STM32U385VGT6Q, STM32U535CBT6, STM32U535CBT6Q, STM32U535CBU6, STM32U535CBU6Q, STM32U535CCT6, STM32U535CCT6Q, STM32U535CCU6, STM32U535CCU6Q, STM32U535CET6, STM32U535CET6Q, STM32U535CEU6, STM32U535CEU6Q, STM32U535JEY6QTR, STM32U535NCY6QTR, STM32U535NEY6QTR, STM32U535RBI6, STM32U535RBI6Q, STM32U535RBT6, STM32U535RBT6Q, STM32U535RCI6, STM32U535RCI6Q, STM32U535RCT6, STM32U535RCT6Q, STM32U535REI6, STM32U535REI6Q, STM32U535RET6, STM32U535RET6Q, STM32U535VCI6, STM32U535VCI6Q, STM32U535VCT6, STM32U535VCT6Q, STM32U535VEI6, STM32U535VEI6Q, STM32U535VET6, STM32U535VET6Q, STM32U545CET6, STM32U545CET6Q, STM32U545CEU6, STM32U545CEU6Q, STM32U545JEY6QTR, STM32U545NEY6QTR, STM32U545REI6, STM32U545REI6Q, STM32U545RET6, STM32U545RET6Q, STM32U545VEI6, STM32U545VEI6Q, STM32U545VET6, STM32U545VET6Q, STM32U595AIH6, STM32U595AIH6Q, STM32U595AJH6, STM32U595AJH6Q, STM32U595QII6, STM32U595QII6Q, STM32U595QJI6, STM32U595QJI6Q, STM32U595RIT6, STM32U595RIT6Q, STM32U595RJT6, STM32U595RJT6Q, STM32U595VIT6, STM32U595VIT6Q, STM32U595VJT6, STM32U595VJT6Q, STM32U595ZIT6, STM32U595ZIT6Q, STM32U595ZIY6QTR, STM32U595ZJT6, STM32U595ZJT6Q, STM32U595ZJY6QTR, STM32U599BJY6QTR, STM32U599NIH6Q, STM32U599NJH6Q, STM32U599VIT6Q, STM32U599VJT6, STM32U599VJT6Q, STM32U599ZIT6Q, STM32U599ZIY6QTR, STM32U599ZJT6Q, STM32U599ZJY6QTR, STM32U5A5AJH6, STM32U5A5AJH6Q, STM32U5A5QII3Q , STM32U5A5QJI6, STM32U5A5QJI6Q, STM32U5A5RJT6, STM32U5A5RJT6Q, STM32U5A5VJT6, STM32U5A5VJT6Q, STM32U5A5ZJT6, STM32U5A5ZJT6Q, STM32U5A5ZJY6QTR, STM32U5A9BJY6QTR, STM32U5A9J-DK, STM32U5A9NJH6Q, STM32U5A9VJT6Q, STM32U5A9ZJT6Q, STM32U5A9ZJY6QTR, STM32U5F7VIT6, STM32U5F7VIT6Q, STM32U5F7VJT6, STM32U5F7VJT6Q, STM32U5F9BJY6QTR, STM32U5F9NJH6Q, STM32U5F9VIT6Q, STM32U5F9VJT6Q, STM32U5F9ZIJ6QTR, STM32U5F9ZIT6Q, STM32U5F9ZJJ6QTR, STM32U5F9ZJT6Q, STM32U5G7VJT6, STM32U5G7VJT6Q, STM32U5G9BJY6QTR, STM32U5G9J-DK1, STM32U5G9J-DK2, STM32U5G9NJH6Q, STM32U5G9VJT6Q, STM32U5G9ZJJ6QTR, STM32U5G9ZJT6Q, STM32WB05KZV6TR, STM32WB05KZV7TR, STM32WB05TZF6TR, STM32WB05TZF7TR, STM32WB06CCF6TR, STM32WB06CCF7TR, STM32WB06CCV6TR, STM32WB06CCV7TR, STM32WB06KCV6TR, STM32WB06KCV7TR, STM32WB07CCF6TR, STM32WB07CCF7TR, STM32WB07CCV6TR, STM32WB07CCV7TR, STM32WB07KCV6TR, STM32WB07KCV7TR, STM32WB09KEV6TR, STM32WB09KEV7TR, STM32WB09TEF6TR, STM32WB09TEF7TR, STM32WB1MMCH6, STM32WBA50KGU6, STM32WBA50KGU6TR, STM32WBA52CEU6, STM32WBA52CEU6TR, STM32WBA52CEU7, STM32WBA52CEU7TR, STM32WBA52CGU6, STM32WBA52CGU6TR, STM32WBA52CGU6U, STM32WBA52CGU7, STM32WBA52CGU7TR, STM32WBA52KEU6, STM32WBA52KEU6TR, STM32WBA52KGU6, STM32WBA52KGU6TR, STM32WBA54CEU6, STM32WBA54CEU6TR, STM32WBA54CEU7, STM32WBA54CEU7TR, STM32WBA54CGU6, STM32WBA54CGU6TR, STM32WBA54CGU7, STM32WBA54CGU7TR, STM32WBA54KEU6, STM32WBA54KEU6TR, STM32WBA54KEU7, STM32WBA54KEU7TR, STM32WBA54KGU6, STM32WBA54KGU6TR, STM32WBA54KGU7, STM32WBA54KGU7TR, STM32WBA55CEU6, STM32WBA55CEU6TR, STM32WBA55CEU7, STM32WBA55CEU7TR, STM32WBA55CGU6, STM32WBA55CGU6TR, STM32WBA55CGU6U, STM32WBA55CGU7, STM32WBA55CGU7TR, STM32WBA55G-DK1, STM32WBA55HEF6, STM32WBA55HEF7, STM32WBA55HGF6, STM32WBA55HGF7, STM32WBA55UEI6, STM32WBA55UEI6TR, STM32WBA55UEI7, STM32WBA55UEI7TR, STM32WBA55UGI6, STM32WBA55UGI6TR, STM32WBA55UGI7, STM32WBA55UGI7TR, STM32WBA5MMGH6TR, STM32WBA62MGF6, STM32WBA62MIF6, STM32WBA65MGF7, STM32WBA65MIF6, STM32WBA65MIF7, STM32WL30K8V6, STM32WL30KBV6, STM32WL31C8V6, STM32WL31CBV6, STM32WL31K8V6, STM32WL31KBV6, STM32WL33C8V6, STM32WL33C8V6X, STM32WL33CBV6, STM32WL33CBV6X, STM32WL33CCV6, STM32WL33CCV6A, STM32WL33CCV6X, STM32WL33K8V7, STM32WL33K8V7X, STM32WL33KBV7 , STM32WL33KBV7X, STM32WL33KCV7, STM32WL33KCV7X, STM32WL5MOCH6, STM32WL5MOCH6TR]
2025-09-05 11:40:43,908 [INFO] BoardInfo:889 - No configuration file found for board P-NUCLEO-WB55
2025-09-05 11:40:43,909 [INFO] DbBoards:161 - Kit is not supported: P-NUCLEO-WB55
2025-09-05 11:40:43,911 [INFO] BoardInfo:889 - No configuration file found for board STEVAL-BFA001V1B
2025-09-05 11:40:43,911 [INFO] DbBoards:161 - Kit is not supported: STEVAL-BFA001V1B
2025-09-05 11:40:43,912 [INFO] BoardInfo:889 - No configuration file found for board STEVAL-BFA001V2B
2025-09-05 11:40:43,912 [INFO] DbBoards:161 - Kit is not supported: STEVAL-BFA001V2B
2025-09-05 11:40:43,975 [INFO] DbBoards:168 - Found 212 boards, 209 are supported
2025-09-05 11:40:43,975 [INFO] DbBoards:169 - Found 212 boards, 43 of them is supported for  Bsp
2025-09-05 11:40:43,982 [INFO] ApiDb:423 - Load user favorites file C:\Users\nphis/.stm32cubeide/favorites.boards.txt: 1 item(s)
2025-09-05 11:40:43,983 [INFO] ApiDb:427 - User favorites Boards=[NUCLEO-F767ZI]
2025-09-05 11:40:43,983 [INFO] DbBoards:198 - Set 1 / 1 favorites Boards
2025-09-05 11:40:43,984 [INFO] ApiDb:668 - CubeFinder database Data Model version=2.1
2025-09-05 11:40:43,985 [INFO] ApiDb:669 - CubeFinder database Configuration version=3.0.39
2025-09-05 11:40:43,985 [INFO] ApiDb:670 - CubeFinder database generation date=2025-07-24 (1753349077)
2025-09-05 11:40:43,985 [INFO] ApiDb:671 - CubeFinder database FW Pack versions=[FP-ATR-ASTRA1_V2.0.0, FP-SNS-FLIGHT1_V5.1.0, FP-SNS-MOTENV1_V5.0.0, FP-SNS-MOTENVWB1_V1.4.0, FP-SNS-SMARTAG2_V1.2.0, FP-SNS-STBOX1_V2.0.0, STM32Cube_FW_C0_V1.4.0, STM32Cube_FW_F4_V1.28.2, STM32Cube_FW_F7_V1.17.3, STM32Cube_FW_G0_V1.6.2, STM32Cube_FW_G4_V1.6.1, STM32Cube_FW_H5_V1.5.0, STM32Cube_FW_H7RS_V1.2.0, STM32Cube_FW_H7_V1.12.1, STM32Cube_FW_L0_V1.12.2, STM32Cube_FW_L4_V1.18.1, STM32Cube_FW_L5_V1.5.1, STM32Cube_FW_N6_V1.2.0, STM32Cube_FW_U0_V1.3.0, STM32Cube_FW_U3_V1.2.0, STM32Cube_FW_U5_V1.8.0, STM32Cube_FW_WB0_V1.3.0, STM32Cube_FW_WBA_V1.7.0, STM32Cube_FW_WB_V1.23.0, STM32Cube_FW_WL3_V1.2.0, STM32Cube_FW_WL_V1.3.1, X-CUBE-ALGOBUILD_V1.4.0, X-CUBE-ALS_V1.0.2, X-CUBE-AZRTOS-F4_V1.1.0, X-CUBE-AZRTOS-F7_V1.1.0, X-CUBE-AZRTOS-G0_V1.1.0, X-CUBE-AZRTOS-G4_V2.0.0, X-CUBE-AZRTOS-H7RS_V1.1.0, X-CUBE-AZRTOS-H7_V3.4.0, X-CUBE-AZRTOS-L4_V2.0.0, X-CUBE-AZRTOS-L5_V2.0.0, X-CUBE-AZRTOS-WB_V2.0.0, X-CUBE-AZRTOS-WL_V2.0.0, X-CUBE-BLE1_V7.1.0, X-CUBE-BLE2_V3.3.0, X-CUBE-BLEMGR_V4.1.0, X-CUBE-EEPRMA1_V5.2.0, X-CUBE-FREERTOS_V1.3.1, X-CUBE-GNSS1_V6.0.0, X-CUBE-MEMS1_V11.3.0, X-CUBE-NFC4_V3.0.0, X-CUBE-NFC7_V2.0.0, X-CUBE-SFXS2LP1_V4.0.0, X-CUBE-ST67W61_V1.0.0, X-CUBE-SUBG2_V5.0.0, X-CUBE-TOF1_V3.4.3]
2025-09-05 11:40:44,401 [ERROR] DbExamplesSqlite:437 - Missing JSON key: board_cpn
2025-09-05 11:40:44,401 [ERROR] DbExamplesSqlite:437 - Missing JSON key: board_cpn
2025-09-05 11:40:44,402 [ERROR] DbExamplesSqlite:437 - Missing JSON key: board_cpn
2025-09-05 11:40:44,402 [ERROR] DbExamplesSqlite:437 - Missing JSON key: board_cpn
2025-09-05 11:40:44,488 [ERROR] DbExamplesSqlite:437 - Missing JSON key: board_cpn
2025-09-05 11:40:44,488 [ERROR] DbExamplesSqlite:437 - Missing JSON key: board_cpn
2025-09-05 11:40:44,488 [ERROR] DbExamplesSqlite:437 - Missing JSON key: board_cpn
2025-09-05 11:40:44,489 [ERROR] DbExamplesSqlite:437 - Missing JSON key: board_cpn
2025-09-05 11:40:44,489 [ERROR] DbExamplesSqlite:437 - Missing JSON key: board_cpn
2025-09-05 11:40:44,489 [ERROR] DbExamplesSqlite:437 - Missing JSON key: board_cpn
2025-09-05 11:40:44,489 [ERROR] DbExamplesSqlite:437 - Missing JSON key: board_cpn
2025-09-05 11:40:44,489 [ERROR] DbExamplesSqlite:437 - Missing JSON key: board_cpn
2025-09-05 11:40:44,489 [ERROR] DbExamplesSqlite:437 - Missing JSON key: board_cpn
2025-09-05 11:40:44,595 [ERROR] DbExamplesSqlite:437 - Missing JSON key: board_cpn
2025-09-05 11:40:44,595 [ERROR] DbExamplesSqlite:437 - Missing JSON key: board_cpn
2025-09-05 11:40:44,597 [INFO] DbExamplesSqlite:395 - Ignored 33 examples not supported by CubeIDE
2025-09-05 11:40:44,597 [INFO] DbExamplesSqlite:396 - Found 10866 examples active
2025-09-05 11:40:44,598 [INFO] DbExamplesSqlite:397 - Found 0 examples obsolete
2025-09-05 11:40:44,598 [INFO] DbExamplesSqlite:398 - Found 0 examples under development
2025-09-05 11:40:44,598 [INFO] DbExamplesSqlite:399 - Found 65 examples not building
2025-09-05 11:40:44,599 [INFO] DbExamples:125 - Found 10898 examples
2025-09-05 11:40:44,611 [INFO] DbExamples:222 - Found 134 boards with related examples
2025-09-05 11:40:44,612 [INFO] DbExamples:235 - Found 111 MCUs with related examples
2025-09-05 11:40:44,628 [INFO] ApiDb:414 - User favorites file not found: C:\Users\nphis/.stm32cubeide/favorites.examples.txt
2025-09-05 11:40:44,628 [INFO] DbExamples:250 - Set 0 / 0 favorites Examples
2025-09-05 11:40:44,916 [INFO] McuFinderGlobals:76 - Set McuFinderConnectedMode to true
2025-09-05 11:40:44,923 [INFO] MultiScanPanel:200 - Auto-refresh data requested => check proxy status ongoing
2025-09-05 11:40:44,926 [INFO] FinderPluginLoader:96 - Searching for filters in installed packs
2025-09-05 11:40:45,911 [INFO] LoadUrlFilesThread:185 - End of LoadServerUrlFiles without Thread
2025-09-05 11:40:46,000 [INFO] DetailPanel:341 - Set advertising image to C:/Users/nphis/STM32Cube/Repository/\en.2400x1350px.jpeg
2025-09-05 11:40:48,808 [INFO] MultiScanPanel:200 - Auto-refresh data requested => check proxy status ongoing
2025-09-05 11:40:48,908 [INFO] LoadUrlFilesThread:185 - End of LoadServerUrlFiles without Thread
2025-09-05 11:40:48,908 [INFO] DetailPanel:341 - Set advertising image to C:/Users/nphis/STM32Cube/Repository/\en.2400x1350px.jpeg
2025-09-05 11:40:48,918 [INFO] DbBoards:642 - Loading board mini-images...
2025-09-05 11:40:50,157 [ERROR] DbBoards:659 - Image file not found for board STM32MP215F-DK: C:\Users\nphis\.stmcufinder\plugins\mcufinder//mcu//boards_images/STM32MP215F-DK.jpg
2025-09-05 11:40:50,228 [INFO] DbBoards:665 - Loaded 211 board mini-images
2025-09-05 11:41:05,155 [INFO] MainUpdater:2872 - connection check result : 10
2025-09-05 11:41:05,155 [INFO] MainUpdater:2872 - connection check result : 10
2025-09-05 11:41:05,179 [INFO] MicroXplorer:468 - Change Database Path : 
2025-09-05 11:41:05,179 [INFO] MicroXplorer:498 - Change Database Version : DB.6.0.150
2025-09-05 11:41:05,184 [WARN] ThirdParty:871 - waiting for thirdparty lock release [close project]
2025-09-05 11:41:05,184 [INFO] ThirdParty:873 - entering critical section [close project]
2025-09-05 11:41:05,184 [INFO] ThirdParty:883 - exiting critical section [close project]
2025-09-05 11:41:05,185 [INFO] PinOutPanel:1589 - setPackage(No Configuration,No Configuration)
2025-09-05 11:41:05,186 [INFO] UtilMem:75 - Begin LoadConfig() Used Memory: 651830512 Bytes (877658112)
2025-09-05 11:41:05,189 [INFO] OpenFileManager:355 - Change cursor
2025-09-05 11:41:05,214 [INFO] ProjectFactory:514 - No CPN specified for board NUCLEO-F767ZI => set CPN to STM32F767ZIT6
2025-09-05 11:41:05,214 [INFO] Mcu:2029 - Initializing MCU STM32F767ZITx STM32F767ZITx STM32F767ZIT6
2025-09-05 11:41:07,211 [INFO] Context:786 - Trying to add GPIOservice into a context  which must be forbidden
2025-09-05 11:41:07,659 [INFO] Rule:233 - rule 117617 - U5Cobra4M][GTZC] default value MPCBB3 and MPCBB5 - Not Secured memory - MPCBB1 is applicable
2025-09-05 11:41:07,660 [INFO] Rule:233 - rule 117617 - U5Cobra4M][GTZC] default value MPCBB3 and MPCBB5 - Not Secured memory - MPCBB1 is applicable
2025-09-05 11:41:07,660 [INFO] Rule:233 - rule 117617 - U5Cobra4M][GTZC] default value MPCBB3 and MPCBB5 - Not Secured memory - MPCBB2 is applicable
2025-09-05 11:41:07,660 [INFO] Rule:233 - rule 117617 - U5Cobra4M][GTZC] default value MPCBB3 and MPCBB5 - Not Secured memory - MPCBB2 is applicable
2025-09-05 11:41:07,660 [INFO] Rule:233 - rule 117617 - U5Cobra4M][GTZC] default value MPCBB3 and MPCBB5 - Not Secured memory - MPCBB3 is applicable
2025-09-05 11:41:07,660 [INFO] Rule:233 - rule 117617 - U5Cobra4M][GTZC] default value MPCBB3 and MPCBB5 - Not Secured memory - MPCBB3 is applicable
2025-09-05 11:41:07,660 [INFO] Rule:233 - rule 117617 - U5Cobra4M][GTZC] default value MPCBB3 and MPCBB5 - Not Secured memory - MPCBB4 is applicable
2025-09-05 11:41:07,660 [INFO] Rule:233 - rule 117617 - U5Cobra4M][GTZC] default value MPCBB3 and MPCBB5 - Not Secured memory - MPCBB4 is applicable
2025-09-05 11:41:07,660 [INFO] Rule:233 - rule 117617 - U5Cobra4M][GTZC] default value MPCBB3 and MPCBB5 - Secured memory - MPCBB1 is applicable
2025-09-05 11:41:07,660 [INFO] Rule:233 - rule 117617 - U5Cobra4M][GTZC] default value MPCBB3 and MPCBB5 - Secured memory - MPCBB2 is applicable
2025-09-05 11:41:07,660 [INFO] Rule:233 - rule 117617 - U5Cobra4M][GTZC] default value MPCBB3 and MPCBB5 - Secured memory - MPCBB3 is applicable
2025-09-05 11:41:07,660 [INFO] Rule:233 - rule 117617 - U5Cobra4M][GTZC] default value MPCBB3 and MPCBB5 - Secured memory - MPCBB4 is applicable
2025-09-05 11:41:07,660 [INFO] Rule:233 - rule 117617 - U5Cobra4M][GTZC] default value MPCBB3 and MPCBB5 - Privileged memory - MPCBB1 is applicable
2025-09-05 11:41:07,660 [INFO] Rule:233 - rule 117617 - U5Cobra4M][GTZC] default value MPCBB3 and MPCBB5 - Privileged memory - MPCBB2 is applicable
2025-09-05 11:41:07,660 [INFO] Rule:233 - rule 117617 - U5Cobra4M][GTZC] default value MPCBB3 and MPCBB5 - Privileged memory - MPCBB3 is applicable
2025-09-05 11:41:07,660 [INFO] Rule:233 - rule 117617 - U5Cobra4M][GTZC] default value MPCBB3 and MPCBB5 - Privileged memory - MPCBB4 is applicable
2025-09-05 11:41:07,660 [INFO] Rule:233 - rule 117617 - U5Cobra4M][GTZC] default value MPCBB3 and MPCBB5 - Not Privileged memory - MPCBB1 is applicable
2025-09-05 11:41:07,660 [INFO] Rule:233 - rule 117617 - U5Cobra4M][GTZC] default value MPCBB3 and MPCBB5 - Not Privileged memory - MPCBB2 is applicable
2025-09-05 11:41:07,660 [INFO] Rule:233 - rule 117617 - U5Cobra4M][GTZC] default value MPCBB3 and MPCBB5 - Not Privileged memory - MPCBB3 is applicable
2025-09-05 11:41:07,660 [INFO] Rule:233 - rule 117617 - U5Cobra4M][GTZC] default value MPCBB3 and MPCBB5 - Not Privileged memory - MPCBB4 is applicable
2025-09-05 11:41:07,660 [INFO] Rule:233 - rule 117617 - U5Cobra4M][GTZC] default value MPCBB3 and MPCBB5 - Privileged memory - MPCBB1 is applicable
2025-09-05 11:41:07,660 [INFO] Rule:233 - rule 117617 - U5Cobra4M][GTZC] default value MPCBB3 and MPCBB5 - Privileged memory - MPCBB2 is applicable
2025-09-05 11:41:07,660 [INFO] Rule:233 - rule 117617 - U5Cobra4M][GTZC] default value MPCBB3 and MPCBB5 - Privileged memory - MPCBB3 is applicable
2025-09-05 11:41:07,660 [INFO] Rule:233 - rule 117617 - U5Cobra4M][GTZC] default value MPCBB3 and MPCBB5 - Privileged memory - MPCBB4 is applicable
2025-09-05 11:41:07,660 [INFO] Rule:233 - rule 117617 - U5Cobra4M][GTZC] default value MPCBB3 and MPCBB5 - Privileged memory - MPCBB1 is applicable
2025-09-05 11:41:07,660 [INFO] Rule:233 - rule 117617 - U5Cobra4M][GTZC] default value MPCBB3 and MPCBB5 - Privileged memory - MPCBB2 is applicable
2025-09-05 11:41:07,660 [INFO] Rule:233 - rule 117617 - U5Cobra4M][GTZC] default value MPCBB3 and MPCBB5 - Privileged memory - MPCBB3 is applicable
2025-09-05 11:41:07,660 [INFO] Rule:233 - rule 117617 - U5Cobra4M][GTZC] default value MPCBB3 and MPCBB5 - Privileged memory - MPCBB4 is applicable
2025-09-05 11:41:07,660 [INFO] Rule:233 - rule 117617 - U5Cobra4M][GTZC] default value MPCBB3 and MPCBB5 - Not Privileged memory - MPCBB1 is applicable
2025-09-05 11:41:07,660 [INFO] Rule:233 - rule 117617 - U5Cobra4M][GTZC] default value MPCBB3 and MPCBB5 - Not Privileged memory - MPCBB2 is applicable
2025-09-05 11:41:07,660 [INFO] Rule:233 - rule 117617 - U5Cobra4M][GTZC] default value MPCBB3 and MPCBB5 - Not Privileged memory - MPCBB3 is applicable
2025-09-05 11:41:07,660 [INFO] Rule:233 - rule 117617 - U5Cobra4M][GTZC] default value MPCBB3 and MPCBB5 - Not Privileged memory - MPCBB4 is applicable
2025-09-05 11:41:07,660 [INFO] Rule:233 - rule 117617 - U5Cobra4M][GTZC] default value MPCBB3 and MPCBB5 - Privileged memory - MPCBB1 is applicable
2025-09-05 11:41:07,661 [INFO] Rule:233 - rule 117617 - U5Cobra4M][GTZC] default value MPCBB3 and MPCBB5 - Privileged memory - MPCBB2 is applicable
2025-09-05 11:41:07,661 [INFO] Rule:233 - rule 117617 - U5Cobra4M][GTZC] default value MPCBB3 and MPCBB5 - Privileged memory - MPCBB3 is applicable
2025-09-05 11:41:07,661 [INFO] Rule:233 - rule 117617 - U5Cobra4M][GTZC] default value MPCBB3 and MPCBB5 - Privileged memory - MPCBB4 is applicable
2025-09-05 11:41:07,661 [INFO] Rule:233 - rule Rename SubGHz_Phy SUBGHZ_APPLICATION SUBGHZ_PINGPONG to SUBGHZ_ADV_APPLICATION is applicable
2025-09-05 11:41:07,661 [INFO] Rule:233 - rule Rename Enabled to IBEACON is applicable
2025-09-05 11:41:07,661 [INFO] Rule:233 - rule GTZC_S instance for project manager is applicable
2025-09-05 11:41:07,661 [INFO] Rule:233 - rule GTZC_S instance for context M33S is applicable
2025-09-05 11:41:07,661 [INFO] Rule:233 - rule GTZC_S instance value for IP GTZC is applicable
2025-09-05 11:41:07,661 [INFO] Rule:233 - rule GTZC_S instance for mcu.IP is applicable
2025-09-05 11:41:07,661 [INFO] Rule:233 - rule GTZC_S instance for VP is applicable
2025-09-05 11:41:07,661 [INFO] Rule:233 - rule GTZC_S instance for signal is applicable
2025-09-05 11:41:07,661 [INFO] Rule:233 - rule GTZC_S instance for mcu.Pin is applicable
2025-09-05 11:41:07,661 [INFO] Rule:233 - rule GTZC_S instance for VP is applicable
2025-09-05 11:41:07,661 [INFO] Rule:233 - rule GTZC_S instance for signal is applicable
2025-09-05 11:41:07,661 [INFO] Rule:233 - rule GTZC_S instance for mcu is applicable
2025-09-05 11:41:07,661 [INFO] Rule:233 - rule GTZC_S instance for mcu.Pin is applicable
2025-09-05 11:41:07,661 [INFO] Rule:233 - rule GTZC_S instance value for IP GTZC is applicable
2025-09-05 11:41:07,661 [INFO] Rule:233 - rule GTZC_S instance for project manager is applicable
2025-09-05 11:41:07,661 [INFO] Rule:233 - rule GTZC_S instance for context M33S is applicable
2025-09-05 11:41:07,661 [INFO] Rule:233 - rule GTZC_S instance for VP is applicable
2025-09-05 11:41:07,661 [INFO] Rule:233 - rule GTZC_S instance for signal is applicable
2025-09-05 11:41:07,661 [INFO] Rule:233 - rule WakeUp0 Mode is applicable
2025-09-05 11:41:07,661 [INFO] Rule:233 - rule WakeUp0 SIGNAL is applicable
2025-09-05 11:41:07,661 [INFO] Rule:233 - rule WakeUp1 Mode is applicable
2025-09-05 11:41:07,661 [INFO] Rule:233 - rule WakeUp1 SIGNAL is applicable
2025-09-05 11:41:07,661 [INFO] Rule:233 - rule WakeUp2 Mode is applicable
2025-09-05 11:41:07,661 [INFO] Rule:233 - rule WakeUp2 SIGNAL is applicable
2025-09-05 11:41:07,661 [INFO] Rule:233 - rule WakeUp4 Mode is applicable
2025-09-05 11:41:07,661 [INFO] Rule:233 - rule WakeUp4 SIGNAL is applicable
2025-09-05 11:41:07,661 [INFO] Rule:233 - rule WakeUp5 Mode is applicable
2025-09-05 11:41:07,661 [INFO] Rule:233 - rule WakeUp5 SIGNAL is applicable
2025-09-05 11:41:07,661 [INFO] Rule:233 - rule Change Default Value for LSE Drive Capability for WB family is applicable
2025-09-05 11:41:07,661 [INFO] Rule:233 - rule Change Default Value for ADC Clock Prescaler G0 family is applicable
2025-09-05 11:41:07,662 [INFO] Rule:233 - rule Change USART1CLockSelection refparam name for MP1 is applicable
2025-09-05 11:41:07,662 [INFO] Rule:233 - rule Change USART2CLockSelection refparam name for MP1 is applicable
2025-09-05 11:41:07,662 [INFO] Rule:233 - rule Change USART3CLockSelection refparam name for MP1 is applicable
2025-09-05 11:41:07,662 [INFO] Rule:233 - rule Change UART4CLockSelection refparam name for MP1 is applicable
2025-09-05 11:41:07,662 [INFO] Rule:233 - rule Change UART5CLockSelection refparam name for MP1 is applicable
2025-09-05 11:41:07,662 [INFO] Rule:233 - rule Change LPUART1CLockSelection refparam name for MP1 is applicable
2025-09-05 11:41:07,662 [INFO] Rule:233 - rule Change LPTIM1CLockSelection refparam name for MP1 is applicable
2025-09-05 11:41:07,662 [INFO] Rule:233 - rule Change LPTIM2CLockSelection refparam name for MP1 is applicable
2025-09-05 11:41:07,662 [INFO] Rule:233 - rule Change RCC_MCO1Source refparam name for MP1 is applicable
2025-09-05 11:41:07,662 [INFO] Rule:233 - rule Change LSCOSource1 refparam name for MP1 is applicable
2025-09-05 11:41:07,662 [INFO] Rule:233 - rule Change SMPSCLockSelection refparam name for MP1 is applicable
2025-09-05 11:41:07,662 [INFO] Rule:233 - rule Change LPTIM3CLockSelection refparam name for MP1 is applicable
2025-09-05 11:41:07,662 [INFO] Rule:233 - rule Change MPCBB* Default Template Mode to Parameters is applicable
2025-09-05 11:41:07,662 [INFO] Rule:233 - rule Change MPCWM* or MPCBB* Secure Mode to Parameters is applicable
2025-09-05 11:41:07,662 [INFO] Rule:233 - rule Change MPCWM* or MPCBB* No Secure Mode to Parameters is applicable
2025-09-05 11:41:07,662 [INFO] Rule:233 - rule Change TZSC IP Secure Mode to Parameters is applicable
2025-09-05 11:41:07,662 [INFO] Rule:233 - rule Change TZSC IP No Secure Mode to Parameters is applicable
2025-09-05 11:41:07,662 [INFO] Rule:233 - rule Change TZSC IP Privilege Mode to Parameters is applicable
2025-09-05 11:41:07,662 [INFO] Rule:233 - rule Change TZSC IP No Privilege Mode to Parameters is applicable
2025-09-05 11:41:07,662 [INFO] Rule:233 - rule Change TZIC IT Secure Mode to Parameters is applicable
2025-09-05 11:41:07,662 [INFO] Rule:233 - rule Change TZIC IT No Secure Mode to Parameters is applicable
2025-09-05 11:41:07,662 [INFO] Rule:233 - rule Add MPCBB1_NonSecureArea_Start_Address value with referenced to MPCBB1_NonSecureArea_Start value is applicable
2025-09-05 11:41:07,662 [INFO] Rule:233 - rule Add MPCBB2_NonSecureArea_Start_Address value with referenced to MPCBB2_NonSecureArea_Start value is applicable
2025-09-05 11:41:07,662 [INFO] Rule:233 - rule Add MPCWM1_NonSecureArea*_Start_Address value with referenced to MPCWM1_NonSecureArea*_Start value is applicable
2025-09-05 11:41:07,662 [INFO] Rule:233 - rule Add MPCWM2_NonSecureArea*_Start_Address value with referenced to MPCWM2_NonSecureArea*_Start value is applicable
2025-09-05 11:41:07,662 [INFO] Rule:233 - rule Add MPCWM3_NonSecureArea_Start_Address value with referenced to MPCWM3_NonSecureArea_Start value is applicable
2025-09-05 11:41:07,662 [INFO] Rule:233 - rule Change Default Value for PLL1UserDefinedConfig is applicable
2025-09-05 11:41:07,662 [INFO] Rule:233 - rule OPAMP is applicable
2025-09-05 11:41:07,662 [INFO] Rule:233 - rule LPUART IPParameter rename Prescaler parameter to ClockPrescaler for STM32H7 is applicable
2025-09-05 11:41:07,662 [INFO] Rule:233 - rule LPUART IPParameter rename Prescaler parameter to ClockPrescaler for STM32H7 is applicable
2025-09-05 11:41:07,662 [INFO] Rule:233 - rule LPUART IPParameter rename Prescaler parameter to ClockPrescaler for STM32WB is applicable
2025-09-05 11:41:07,662 [INFO] Rule:233 - rule LPUART IPParameter rename Prescaler parameter to ClockPrescaler for STM32WB is applicable
2025-09-05 11:41:07,663 [INFO] Rule:233 - rule LPUART IPParameter rename Prescaler parameter to ClockPrescaler for STM32G4 is applicable
2025-09-05 11:41:07,663 [INFO] Rule:233 - rule LPUART IPParameter rename Prescaler parameter to ClockPrescaler for STM32G4 is applicable
2025-09-05 11:41:07,663 [INFO] Rule:233 - rule LPUART IPParameter rename Prescaler parameter to ClockPrescaler for STM32L5 is applicable
2025-09-05 11:41:07,663 [INFO] Rule:233 - rule LPUART IPParameter rename Prescaler parameter to ClockPrescaler for STM32L5 is applicable
2025-09-05 11:41:07,663 [INFO] Rule:233 - rule LPUART IPParameter rename Prescaler parameter to ClockPrescaler for STM32G4 is applicable
2025-09-05 11:41:07,663 [INFO] Rule:233 - rule LPUART IPParameter rename Prescaler parameter to ClockPrescaler for STM32G4 is applicable
2025-09-05 11:41:07,663 [INFO] Rule:233 - rule USB device lib V2.5.3 for L0 rename USBD_SUPPORT_USER_STRING parameter to USBD_SUPPORT_USER_STRING_DESC4 is applicable
2025-09-05 11:41:07,663 [INFO] Rule:233 - rule I2SCLockSelection clock entry align is applicable
2025-09-05 11:41:07,663 [INFO] Rule:233 - rule Assign TIMx context if used as SYS timebase is applicable
2025-09-05 11:41:07,663 [INFO] Rule:233 - rule Change GPIO_Pu Default Value for I2C is applicable
2025-09-05 11:41:07,663 [INFO] Rule:233 - rule Change GPIO_Pu Default Value for SMBus is applicable
2025-09-05 11:41:07,663 [INFO] Rule:233 - rule change FDCAN default value is applicable
2025-09-05 11:41:07,663 [INFO] Rule:233 - rule Rename STM32WPAN CFG_BLE_IRK to CFG_BLE_IR is applicable
2025-09-05 11:41:07,663 [INFO] Rule:233 - rule Rename STM32WPAN CFG_BLE_ERK to CFG_BLE_ER is applicable
2025-09-05 11:41:07,663 [INFO] Rule:233 - rule Rename STM32WPAN CFG_BLE_IRK_HEX to CFG_BLE_IR_HEX is applicable
2025-09-05 11:41:07,663 [INFO] Rule:233 - rule Rename STM32WPAN CFG_BLE_ERK_HEX to CFG_BLE_ER_HEX is applicable
2025-09-05 11:41:07,663 [INFO] Rule:233 - rule Adapt Old IOC before rework replace old CORTEX_M33/CORTEX_M55 attributes by the new one. is applicable
2025-09-05 11:41:07,663 [INFO] Rule:233 - rule Rename parametre of RCC RCC_APBDBG_DIV2 to RCC_TIMPRES_DIV2 is applicable
2025-09-05 11:41:07,663 [INFO] Rule:233 - rule Rename DIE493 pin PA10 [PA12] -> PA10 is applicable
2025-09-05 11:41:07,663 [INFO] Rule:233 - rule Rename DIE493 pin PA9 [PA11] -> PA9 is applicable
2025-09-05 11:41:07,663 [INFO] Rule:233 - rule Rename DIE492 PartNumber CPN STM32WBA5MJGHx -> STM32WBA5MMGHx is applicable
2025-09-05 11:41:07,663 [INFO] Rule:233 - rule Rename DIE492 PartNumber  Name STM32WBA5MJGHx -> STM32WBA5MMGHx is applicable
2025-09-05 11:41:07,663 [INFO] Rule:233 - rule Rename DIE492 PartNumber UserName STM32WBA5MJGHx -> STM32WBA5MMGHx is applicable
2025-09-05 11:41:07,663 [INFO] Rule:233 - rule Rename DIE492 PartNumber DeviceId STM32WBA5MJGHx -> STM32WBA5MMGHx is applicable
2025-09-05 11:41:07,663 [INFO] Rule:233 - rule Adapt Old IOC CSI. is applicable
2025-09-05 11:41:07,663 [INFO] Rule:233 - rule Adapt Old IOC DCMIPP. is applicable
2025-09-05 11:41:07,663 [INFO] Rule:233 - rule Adapt Old IOC DCMIPP Mode Parallel. is applicable
2025-09-05 11:41:07,663 [INFO] Rule:233 - rule Adapt Old IOC LTDC. is applicable
2025-09-05 11:41:07,663 [INFO] Rule:233 - rule Rename STM32MP2 RIF Peripheral LTDC RIF.RISUP.LTDC_L0L1.Privilege -> RIF.RISUP.LTDC_L1L2.Privilege is applicable
2025-09-05 11:41:07,663 [INFO] Rule:233 - rule Rename STM32MP2 RIF Peripheral LTDC RIF.RISUP.LTDC_L0L1.Privilege -> RIF.RISUP.LTDC_L1L2.Privilege is applicable
2025-09-05 11:41:07,663 [INFO] Rule:233 - rule Rename STM32MP2 RIF Peripheral LTDC RIF.RISUP.LTDC_L0L1.Lock -> RIF.RISUP.LTDC_L1L2.Lock is applicable
2025-09-05 11:41:07,663 [INFO] Rule:233 - rule Rename STM32MP2 RIF Peripheral LTDC RIF.RISUP.LTDC_L2.Lock -> RIF.RISUP.LTDC_L3.Lock is applicable
2025-09-05 11:41:07,663 [INFO] Rule:233 - rule Adapt the old IOC example for updating the SYS when it is misconfigured. is applicable
2025-09-05 11:41:07,663 [INFO] Rule:233 - rule Rename STM32C09 Mcu.Package LQFP64 -> LQFP48 is applicable
2025-09-05 11:41:07,663 [INFO] Rule:233 - rule Adapt the old IOC example for updating the SYS when it is misconfigured. is applicable
2025-09-05 11:41:07,663 [INFO] Rule:233 - rule Adapt the old IOC example for updating the SYS when it is misconfigured. is applicable
2025-09-05 11:41:07,667 [INFO] DbConfProperties:307 - Apply Compatibility (7/134 Rules)
2025-09-05 11:41:07,693 [INFO] ImportTextPane:234 - (OptionalMessage_ERROR) Pin30 (VP_RIF_VS_RIF1) cannot be retrieved for this MCU
2025-09-05 11:41:07,769 [INFO] RtosManager:558 - Registered RTOS mode: class=CMSIS, group=RTOS, mode=CMSIS_V1, owner=FREERTOS
2025-09-05 11:41:07,769 [INFO] RtosManager:558 - Registered RTOS mode: class=CMSIS, group=RTOS2, mode=CMSIS_V2, owner=FREERTOS
2025-09-05 11:41:07,769 [INFO] RtosManager:558 - Registered RTOS mode: class=RTOS, group=Core, mode=CMSIS_V1, owner=FREERTOS
2025-09-05 11:41:07,769 [INFO] RtosManager:558 - Registered RTOS mode: class=RTOS, group=Core, mode=CMSIS_V2, owner=FREERTOS
2025-09-05 11:41:07,770 [WARN] ModelIntegratedComponent:184 - Missing modes for component STMicroelectronics:FreeRTOS:0.0.1:STMicroelectronics:RTOS:FreeRTOS:Core:::10.2.0:
2025-09-05 11:41:07,784 [WARN] ModelIntegratedComponent:63 - No mode defined for component null
2025-09-05 11:41:07,785 [WARN] ModelIntegratedComponent:63 - No mode defined for component null
2025-09-05 11:41:07,785 [WARN] ModelIntegratedComponent:63 - No mode defined for component null
2025-09-05 11:41:07,785 [WARN] ModelIntegratedComponent:63 - No mode defined for component null
2025-09-05 11:41:07,785 [WARN] ModelIntegratedComponent:63 - No mode defined for component null
2025-09-05 11:41:07,785 [WARN] ModelIntegratedComponent:63 - No mode defined for component null
2025-09-05 11:41:07,785 [WARN] ModelIntegratedComponent:63 - No mode defined for component null
2025-09-05 11:41:07,785 [WARN] ModelIntegratedComponent:63 - No mode defined for component null
2025-09-05 11:41:07,785 [WARN] ModelIntegratedComponent:63 - No mode defined for component null
2025-09-05 11:41:07,785 [WARN] ModelIntegratedComponent:63 - No mode defined for component null
2025-09-05 11:41:07,785 [WARN] ModelIntegratedComponent:63 - No mode defined for component null
2025-09-05 11:41:07,785 [WARN] ModelIntegratedComponent:63 - No mode defined for component null
2025-09-05 11:41:07,785 [WARN] ModelIntegratedComponent:63 - No mode defined for component null
2025-09-05 11:41:07,785 [WARN] ModelIntegratedComponent:63 - No mode defined for component null
2025-09-05 11:41:07,785 [WARN] ModelIntegratedComponent:63 - No mode defined for component null
2025-09-05 11:41:07,785 [WARN] ModelIntegratedComponent:63 - No mode defined for component null
2025-09-05 11:41:07,785 [WARN] ModelIntegratedComponent:63 - No mode defined for component null
2025-09-05 11:41:07,785 [WARN] ModelIntegratedComponent:63 - No mode defined for component null
2025-09-05 11:41:07,785 [WARN] ModelIntegratedComponent:63 - No mode defined for component null
2025-09-05 11:41:07,785 [WARN] ModelIntegratedComponent:63 - No mode defined for component null
2025-09-05 11:41:07,785 [WARN] ModelIntegratedComponent:63 - No mode defined for component null
2025-09-05 11:41:07,785 [WARN] ModelIntegratedComponent:63 - No mode defined for component null
2025-09-05 11:41:07,785 [WARN] ModelIntegratedComponent:63 - No mode defined for component null
2025-09-05 11:41:07,785 [WARN] ModelIntegratedComponent:63 - No mode defined for component null
2025-09-05 11:41:07,785 [WARN] ModelIntegratedComponent:63 - No mode defined for component null
2025-09-05 11:41:07,785 [WARN] ModelIntegratedComponent:63 - No mode defined for component null
2025-09-05 11:41:07,785 [WARN] ModelIntegratedComponent:63 - No mode defined for component null
2025-09-05 11:41:07,785 [WARN] ModelIntegratedComponent:63 - No mode defined for component null
2025-09-05 11:41:07,785 [WARN] ModelIntegratedComponent:63 - No mode defined for component null
2025-09-05 11:41:07,785 [WARN] ModelIntegratedComponent:63 - No mode defined for component null
2025-09-05 11:41:07,785 [WARN] ModelIntegratedComponent:63 - No mode defined for component null
2025-09-05 11:41:07,785 [WARN] ModelIntegratedComponent:63 - No mode defined for component null
2025-09-05 11:41:07,785 [WARN] ModelIntegratedComponent:63 - No mode defined for component null
2025-09-05 11:41:07,786 [WARN] ModelIntegratedComponent:63 - No mode defined for component null
2025-09-05 11:41:07,786 [WARN] ModelIntegratedComponent:63 - No mode defined for component null
2025-09-05 11:41:07,786 [WARN] ModelPack:524 - Component already loaded: STMicroelectronics:HAL Drivers:0.0.0:STMicroelectronics:Device:STMicro_Driver:XSPI:HAL::0.0.1:HAL_XSPI
2025-09-05 11:41:07,849 [INFO] ThirdPartyModel:298 - Start build external matchings
2025-09-05 11:41:08,083 [INFO] ThirdPartyModel:316 - End build external matchings
2025-09-05 11:41:08,094 [WARN] IP:2250 - Warning not found: check if there is a RefParameter without a condition.
2025-09-05 11:41:08,094 [WARN] IP:2250 - RxBufferAddress not found: check if there is a RefParameter without a condition.
2025-09-05 11:41:08,094 [WARN] IP:2250 - DESC_SIZE_UNIT not found: check if there is a RefParameter without a condition.
2025-09-05 11:41:08,094 [INFO] ImportTextPane:234 - (OptionalMessage_ERROR) IP (ETH) : Invalid parameter (PHY_Name)
2025-09-05 11:41:08,094 [INFO] ImportTextPane:234 - (OptionalMessage_ERROR) IP (ETH) : Invalid parameter (PHY_Value)
2025-09-05 11:41:08,094 [INFO] ImportTextPane:234 - (OptionalMessage_ERROR) IP (ETH) : Invalid parameter (PhyAddress)
2025-09-05 11:41:08,095 [INFO] ImportTextPane:234 - (OptionalMessage_ERROR) IP (RCC) : Invalid parameter (48MHZClocksFreq_Value)
2025-09-05 11:41:08,095 [INFO] ImportTextPane:234 - (OptionalMessage_ERROR) IP (RCC) : Invalid parameter (ADC12outputFreq_Value)
2025-09-05 11:41:08,096 [INFO] ImportTextPane:234 - (OptionalMessage_ERROR) IP (RCC) : Invalid parameter (ADC34outputFreq_Value)
2025-09-05 11:41:08,096 [INFO] ImportTextPane:234 - (OptionalMessage_ERROR) IP (RCC) : Invalid parameter (FamilyName)
2025-09-05 11:41:08,096 [INFO] ImportTextPane:234 - (OptionalMessage_ERROR) IP (RCC) : Invalid parameter (I2SClocksFreq_Value)
2025-09-05 11:41:08,096 [INFO] ImportTextPane:234 - (OptionalMessage_ERROR) IP (RCC) : Invalid parameter (LCDTFToutputFreq_Value)
2025-09-05 11:41:08,096 [INFO] ImportTextPane:234 - (OptionalMessage_ERROR) IP (RCC) : Invalid parameter (MCOFreq_Value)
2025-09-05 11:41:08,097 [INFO] ImportTextPane:234 - (OptionalMessage_ERROR) IP (RCC) : Invalid parameter (PLLMCOFreq_Value)
2025-09-05 11:41:08,097 [INFO] ImportTextPane:234 - (OptionalMessage_ERROR) IP (RCC) : Invalid parameter (PLLMUL)
2025-09-05 11:41:08,097 [INFO] ImportTextPane:234 - (OptionalMessage_ERROR) IP (RCC) : Invalid parameter (PRESCALERUSB)
2025-09-05 11:41:08,098 [INFO] ImportTextPane:234 - (OptionalMessage_ERROR) IP (RCC) : Invalid parameter (RTCHSEDivFreq_Value)
2025-09-05 11:41:08,098 [INFO] ImportTextPane:234 - (OptionalMessage_ERROR) IP (RCC) : Parameter (SDMMC2Freq_Value) has invalid value (96000000)
2025-09-05 11:41:08,098 [INFO] ImportTextPane:234 - (OptionalMessage_ERROR) IP (RCC) : Parameter (SDMMCFreq_Value) has invalid value (96000000)
2025-09-05 11:41:08,098 [INFO] ImportTextPane:234 - (OptionalMessage_ERROR) IP (RCC) : Invalid parameter (SYSCLKSourceVirtual)
2025-09-05 11:41:08,098 [INFO] ImportTextPane:234 - (OptionalMessage_ERROR) IP (RCC) : Invalid parameter (TIM15Freq_Value)
2025-09-05 11:41:08,098 [INFO] ImportTextPane:234 - (OptionalMessage_ERROR) IP (RCC) : Invalid parameter (TIM16Freq_Value)
2025-09-05 11:41:08,098 [INFO] ImportTextPane:234 - (OptionalMessage_ERROR) IP (RCC) : Invalid parameter (TIM17Freq_Value)
2025-09-05 11:41:08,098 [INFO] ImportTextPane:234 - (OptionalMessage_ERROR) IP (RCC) : Invalid parameter (TIM1Freq_Value)
2025-09-05 11:41:08,098 [INFO] ImportTextPane:234 - (OptionalMessage_ERROR) IP (RCC) : Invalid parameter (TIM20Freq_Value)
2025-09-05 11:41:08,098 [INFO] ImportTextPane:234 - (OptionalMessage_ERROR) IP (RCC) : Invalid parameter (TIM2Freq_Value)
2025-09-05 11:41:08,098 [INFO] ImportTextPane:234 - (OptionalMessage_ERROR) IP (RCC) : Invalid parameter (TIM3Freq_Value)
2025-09-05 11:41:08,098 [INFO] ImportTextPane:234 - (OptionalMessage_ERROR) IP (RCC) : Invalid parameter (TIM8Freq_Value)
2025-09-05 11:41:08,099 [INFO] ImportTextPane:234 - (OptionalMessage_ERROR) IP (RCC) : Invalid parameter (VCOOutput2Freq_Value)
2025-09-05 11:41:08,099 [INFO] ImportTextPane:234 - (OptionalMessage_ERROR) IP (RCC) : Invalid parameter (VcooutputI2S)
2025-09-05 11:41:08,503 [INFO] UtilMem:75 - End LoadConfig() Used Memory: 951702688 Bytes (1038090240)
2025-09-05 11:41:08,602 [WARN] ThirdParty:833 - waiting for thirdparty lock release [change project]
2025-09-05 11:41:08,602 [INFO] ThirdParty:835 - entering critical section [change project]
2025-09-05 11:41:08,602 [INFO] ThirdParty:1030 - CMSIS Pack Vendor :STMicroelectronics X-CUBE-PM33A1 1.0.0
2025-09-05 11:41:08,602 [INFO] ThirdParty:1030 - CMSIS Pack Vendor :STMicroelectronics USBPD 4.1
2025-09-05 11:41:08,602 [INFO] ThirdParty:1030 - CMSIS Pack Vendor :STMicroelectronics X-CUBE-NFC9 1.0.0
2025-09-05 11:41:08,602 [INFO] ThirdParty:1030 - CMSIS Pack Vendor :wolfSSL I-CUBE-wolfSSL 5.8.0
2025-09-05 11:41:08,602 [INFO] ThirdParty:1030 - CMSIS Pack Vendor :STMicroelectronics USB_HOST 2.0.0
2025-09-05 11:41:08,603 [INFO] ThirdParty:1030 - CMSIS Pack Vendor :STMicroelectronics FP-SNS-MOTENVWB1 1.4.0
2025-09-05 11:41:08,603 [INFO] ThirdParty:1030 - CMSIS Pack Vendor :STMicroelectronics X-CUBE-AZRTOS-F4 1.1.0
2025-09-05 11:41:08,603 [INFO] ThirdParty:1030 - CMSIS Pack Vendor :STMicroelectronics LIBJPEG 8.0.0
2025-09-05 11:41:08,603 [INFO] ThirdParty:1030 - CMSIS Pack Vendor :STMicroelectronics FP-ATR-ASTRA1 2.0.2
2025-09-05 11:41:08,603 [INFO] ThirdParty:1030 - CMSIS Pack Vendor :wolfSSL I-CUBE-wolfSSL 5.8.2
2025-09-05 11:41:08,603 [INFO] ThirdParty:1030 - CMSIS Pack Vendor :STMicroelectronics X-CUBE-BLE1 7.1.0
2025-09-05 11:41:08,603 [INFO] ThirdParty:1030 - CMSIS Pack Vendor :Avnet-IotConnect X-CUBE-IoTC-DA16k-PMOD 1.0.0
2025-09-05 11:41:08,603 [INFO] ThirdParty:1030 - CMSIS Pack Vendor :STMicroelectronics X-CUBE-SMBUS 2.1.0
2025-09-05 11:41:08,603 [INFO] ThirdParty:1030 - CMSIS Pack Vendor :wolfSSL I-CUBE-wolfMQTT 1.19.2
2025-09-05 11:41:08,603 [INFO] ThirdParty:1030 - CMSIS Pack Vendor :STMicroelectronics USB_DEVICE 3.0.0
2025-09-05 11:41:08,603 [INFO] ThirdParty:1030 - CMSIS Pack Vendor :STMicroelectronics X-CUBE-ISPU 2.1.0
2025-09-05 11:41:08,603 [INFO] ThirdParty:1030 - CMSIS Pack Vendor :STMicroelectronics X-CUBE-EEPRMA1 5.2.0
2025-09-05 11:41:08,603 [INFO] ThirdParty:1030 - CMSIS Pack Vendor :STMicroelectronics X-CUBE-BLEMGR 4.1.0
2025-09-05 11:41:08,603 [INFO] ThirdParty:1030 - CMSIS Pack Vendor :STMicroelectronics X-CUBE-AZRTOS-WB 2.0.0
2025-09-05 11:41:08,603 [INFO] ThirdParty:1030 - CMSIS Pack Vendor :STMicroelectronics X-CUBE-ST60 1.0.0
2025-09-05 11:41:08,603 [INFO] ThirdParty:1030 - CMSIS Pack Vendor :STMicroelectronics X-CUBE-GNSS1 7.0.1
2025-09-05 11:41:08,603 [INFO] ThirdParty:1030 - CMSIS Pack Vendor :STMicroelectronics X-CUBE-NFC12 1.0.0
2025-09-05 11:41:08,603 [INFO] ThirdParty:1030 - CMSIS Pack Vendor :STMicroelectronics X-CUBE-AZRTOS-F7 1.1.0
2025-09-05 11:41:08,603 [INFO] ThirdParty:1030 - CMSIS Pack Vendor :STMicroelectronics X-CUBE-AZRTOS-L5 2.0.0
2025-09-05 11:41:08,603 [INFO] ThirdParty:1030 - CMSIS Pack Vendor :STMicroelectronics X-CUBE-TOUCHGFX 4.25.0
2025-09-05 11:41:08,604 [INFO] ThirdParty:1030 - CMSIS Pack Vendor :STMicroelectronics USB_DEVICE 2.0.0
2025-09-05 11:41:08,604 [INFO] ThirdParty:1030 - CMSIS Pack Vendor :STMicroelectronics X-CUBE-NFC6 3.1.0
2025-09-05 11:41:08,604 [INFO] ThirdParty:1030 - CMSIS Pack Vendor :STMicroelectronics X-CUBE-AI 10.1.0
2025-09-05 11:41:08,604 [INFO] ThirdParty:1030 - CMSIS Pack Vendor :STMicroelectronics FP-SNS-STBOX1 2.0.0
2025-09-05 11:41:08,604 [INFO] ThirdParty:1030 - CMSIS Pack Vendor :quantropi X-CUBE-qispace-sdk-base 2.1.0
2025-09-05 11:41:08,604 [INFO] ThirdParty:1030 - CMSIS Pack Vendor :STMicroelectronics FreeRTOS 0.0.1
2025-09-05 11:41:08,604 [INFO] ThirdParty:1030 - CMSIS Pack Vendor :STMicroelectronics X-CUBE-AZRTOS-G0 1.1.0
2025-09-05 11:41:08,604 [INFO] ThirdParty:1030 - CMSIS Pack Vendor :STMicroelectronics X-CUBE-SAFEA1 1.2.2
2025-09-05 11:41:08,604 [INFO] ThirdParty:1030 - CMSIS Pack Vendor :STMicroelectronics X-CUBE-NFC4 3.0.0
2025-09-05 11:41:08,604 [INFO] ThirdParty:1030 - CMSIS Pack Vendor :STMicroelectronics X-CUBE-SUBG2 5.0.0
2025-09-05 11:41:08,604 [INFO] ThirdParty:1030 - CMSIS Pack Vendor :STMicroelectronics X-CUBE-AZRTOS-H7RS 1.1.0
2025-09-05 11:41:08,604 [INFO] ThirdParty:1030 - CMSIS Pack Vendor :STMicroelectronics STM32_WPAN 1.0.0
2025-09-05 11:41:08,604 [INFO] ThirdParty:1030 - CMSIS Pack Vendor :EmbeddedOffice I-CUBE-FS-RTOS 1.0.1
2025-09-05 11:41:08,604 [INFO] ThirdParty:1030 - CMSIS Pack Vendor :STMicroelectronics lwIP 2.0.3
2025-09-05 11:41:08,604 [INFO] ThirdParty:1030 - CMSIS Pack Vendor :Cesanta I-CUBE-Mongoose 7.13.0
2025-09-05 11:41:08,604 [INFO] ThirdParty:1030 - CMSIS Pack Vendor :STMicroelectronics USB_HOST 1.0.0
2025-09-05 11:41:08,604 [INFO] ThirdParty:1030 - CMSIS Pack Vendor :Infineon AIROC-Wi-Fi-Bluetooth-STM32 1.7.1
2025-09-05 11:41:08,604 [INFO] ThirdParty:1030 - CMSIS Pack Vendor :STMicroelectronics X-CUBE-AZRTOS-G4 2.0.0
2025-09-05 11:41:08,604 [INFO] ThirdParty:1030 - CMSIS Pack Vendor :STMicroelectronics X-CUBE-WB05N 2.0.0
2025-09-05 11:41:08,604 [INFO] ThirdParty:1030 - CMSIS Pack Vendor :STMicroelectronics PDM2PCM 3.1.0
2025-09-05 11:41:08,604 [INFO] ThirdParty:1030 - CMSIS Pack Vendor :STMicroelectronics PDM2PCM 3.3.0
2025-09-05 11:41:08,604 [INFO] ThirdParty:1030 - CMSIS Pack Vendor :wolfSSL I-CUBE-wolfTPM 3.8.0
2025-09-05 11:41:08,604 [INFO] ThirdParty:1030 - CMSIS Pack Vendor :STMicroelectronics X-CUBE-AZRTOS-H7 3.4.0
2025-09-05 11:41:08,604 [INFO] ThirdParty:1030 - CMSIS Pack Vendor :STMicroelectronics X-CUBE-DISPLAY 3.0.0
2025-09-05 11:41:08,604 [INFO] ThirdParty:1030 - CMSIS Pack Vendor :wolfSSL I-CUBE-wolfSSH 1.4.20
2025-09-05 11:41:08,604 [INFO] ThirdParty:1030 - CMSIS Pack Vendor :STMicroelectronics X-CUBE-NFC7 2.0.0
2025-09-05 11:41:08,604 [INFO] ThirdParty:1030 - CMSIS Pack Vendor :STMicroelectronics X-CUBE-TCPP 4.2.0
2025-09-05 11:41:08,604 [INFO] ThirdParty:1030 - CMSIS Pack Vendor :RealThread X-CUBE-RT-Thread_Nano 4.1.1
2025-09-05 11:41:08,604 [INFO] ThirdParty:1030 - CMSIS Pack Vendor :STMicroelectronics FP-ATR-SIGFOX1 3.2.0
2025-09-05 11:41:08,604 [INFO] ThirdParty:1030 - CMSIS Pack Vendor :STMicroelectronics X-CUBE-NFC10 1.0.0
2025-09-05 11:41:08,604 [INFO] ThirdParty:1030 - CMSIS Pack Vendor :STMicroelectronics X-CUBE-FREERTOS 1.3.1
2025-09-05 11:41:08,604 [INFO] ThirdParty:1030 - CMSIS Pack Vendor :STMicroelectronics HAL Drivers 0.0.0
2025-09-05 11:41:08,604 [INFO] ThirdParty:1030 - CMSIS Pack Vendor :STMicroelectronics MBEDTLS 2.16.2
2025-09-05 11:41:08,604 [INFO] ThirdParty:1030 - CMSIS Pack Vendor :STMicroelectronics X-CUBE-IPS 3.1.0
2025-09-05 11:41:08,604 [INFO] ThirdParty:1030 - CMSIS Pack Vendor :STMicroelectronics X-CUBE-ALS 1.0.2
2025-09-05 11:41:08,604 [INFO] ThirdParty:1030 - CMSIS Pack Vendor :emotas I-CUBE-CANOPEN 1.3.0
2025-09-05 11:41:08,604 [INFO] ThirdParty:1030 - CMSIS Pack Vendor :STMicroelectronics MBEDTLS 2.14.1
2025-09-05 11:41:08,604 [INFO] ThirdParty:1030 - CMSIS Pack Vendor :ITTIA_DB I-CUBE-ITTIADB 8.9.0
2025-09-05 11:41:08,604 [INFO] ThirdParty:1030 - CMSIS Pack Vendor :portGmbH I-Cube-SoM-uGOAL 1.1.0
2025-09-05 11:41:08,605 [INFO] ThirdParty:1030 - CMSIS Pack Vendor :STMicroelectronics X-CUBE-ST67W61 1.0.0
2025-09-05 11:41:08,605 [INFO] ThirdParty:1030 - CMSIS Pack Vendor :STMicroelectronics FP-SNS-STBOX1 2.1.0
2025-09-05 11:41:08,605 [INFO] ThirdParty:1030 - CMSIS Pack Vendor :STMicroelectronics X-CUBE-AI 10.2.0
2025-09-05 11:41:08,605 [INFO] ThirdParty:1030 - CMSIS Pack Vendor :STMicroelectronics FP-SNS-STAIOTCFT 1.0.0
2025-09-05 11:41:08,605 [INFO] ThirdParty:1030 - CMSIS Pack Vendor :STMicroelectronics ThreadX 1.0.0
2025-09-05 11:41:08,605 [INFO] ThirdParty:1030 - CMSIS Pack Vendor :STMicroelectronics FP-SNS-SMARTAG2 1.2.0
2025-09-05 11:41:08,605 [INFO] ThirdParty:1030 - CMSIS Pack Vendor :STMicroelectronics FP-SNS-FLIGHT1 5.1.0
2025-09-05 11:41:08,605 [INFO] ThirdParty:1030 - CMSIS Pack Vendor :STMicroelectronics X-CUBE-AZRTOS-WL 2.0.0
2025-09-05 11:41:08,605 [INFO] ThirdParty:1030 - CMSIS Pack Vendor :SEGGER I-CUBE-embOS 1.3.1
2025-09-05 11:41:08,605 [INFO] ThirdParty:1030 - CMSIS Pack Vendor :STMicroelectronics X-CUBE-ALGOBUILD 1.4.0
2025-09-05 11:41:08,605 [INFO] ThirdParty:1030 - CMSIS Pack Vendor :STMicroelectronics X-CUBE-DPower 1.3.0
2025-09-05 11:41:08,605 [INFO] ThirdParty:1030 - CMSIS Pack Vendor :STMicroelectronics X-CUBE-MEMS1 11.3.0
2025-09-05 11:41:08,605 [INFO] ThirdParty:1030 - CMSIS Pack Vendor :STMicroelectronics FP-SNS-MOTENV1 5.0.0
2025-09-05 11:41:08,605 [INFO] ThirdParty:1030 - CMSIS Pack Vendor :STMicroelectronics USB_DEVICE 1.0.0
2025-09-05 11:41:08,605 [INFO] ThirdParty:1030 - CMSIS Pack Vendor :STMicroelectronics X-CUBE-AZRTOS-L4 2.0.0
2025-09-05 11:41:08,605 [INFO] ThirdParty:1030 - CMSIS Pack Vendor :STMicroelectronics ThreadX 0.0.2
2025-09-05 11:41:08,605 [INFO] ThirdParty:1030 - CMSIS Pack Vendor :WES I-CUBE-Cesium 1.3.0
2025-09-05 11:41:08,605 [INFO] ThirdParty:1030 - CMSIS Pack Vendor :STMicroelectronics lwIP 2.1.2
2025-09-05 11:41:08,605 [INFO] ThirdParty:1030 - CMSIS Pack Vendor :STMicroelectronics X-CUBE-SFXS2LP1 4.0.0
2025-09-05 11:41:08,605 [INFO] ThirdParty:1030 - CMSIS Pack Vendor :STMicroelectronics X-CUBE-BLE2 3.3.0
2025-09-05 11:41:08,605 [INFO] ThirdParty:1030 - CMSIS Pack Vendor :STMicroelectronics X-CUBE-TOF1 3.4.3
2025-09-05 11:41:08,605 [INFO] ThirdParty:1030 - CMSIS Pack Vendor :STMicroelectronics PDM2PCM 3.2.0
2025-09-05 11:41:08,605 [INFO] ThirdParty:841 - exiting critical section [change project]
2025-09-05 11:41:08,954 [INFO] PinOutPanel:1589 - setPackage(No Configuration,No Configuration)
2025-09-05 11:41:08,955 [INFO] PinOutPanel:1589 - setPackage(STM32F767ZITx,LQFP144)
2025-09-05 11:41:09,405 [INFO] UtilMem:75 - Before build in PCC Used Memory: 950467360 Bytes (1038090240)
2025-09-05 11:41:10,001 [INFO] UtilMem:75 - After build in PCC Used Memory: 618978944 Bytes (1038090240)
2025-09-05 11:41:10,024 [INFO] IPUIPlugin:80 - create IPUIPlugin
2025-09-05 11:41:10,024 [INFO] IPUIPlugin:80 - create IPUIPlugin
2025-09-05 11:41:10,024 [INFO] IPUIPlugin:80 - create IPUIPlugin
2025-09-05 11:41:10,024 [INFO] IPUIPlugin:80 - create IPUIPlugin
2025-09-05 11:41:10,024 [INFO] IPUIPlugin:80 - create IPUIPlugin
2025-09-05 11:41:10,024 [INFO] IPUIPlugin:80 - create IPUIPlugin
2025-09-05 11:41:10,024 [INFO] IPUIPlugin:80 - create IPUIPlugin
2025-09-05 11:41:10,024 [INFO] IPUIPlugin:80 - create IPUIPlugin
2025-09-05 11:41:10,024 [INFO] IPUIPlugin:80 - create IPUIPlugin
2025-09-05 11:41:10,024 [INFO] IPUIPlugin:80 - create IPUIPlugin
2025-09-05 11:41:10,024 [INFO] IPUIPlugin:80 - create IPUIPlugin
2025-09-05 11:41:10,024 [INFO] IPUIPlugin:80 - create IPUIPlugin
2025-09-05 11:41:10,025 [INFO] IPUIPlugin:80 - create IPUIPlugin
2025-09-05 11:41:10,025 [INFO] IPUIPlugin:80 - create IPUIPlugin
2025-09-05 11:41:10,025 [INFO] IPUIPlugin:80 - create IPUIPlugin
2025-09-05 11:41:10,025 [INFO] IPUIPlugin:80 - create IPUIPlugin
2025-09-05 11:41:10,025 [INFO] IPUIPlugin:80 - create IPUIPlugin
2025-09-05 11:41:10,025 [INFO] IPUIPlugin:80 - create IPUIPlugin
2025-09-05 11:41:10,025 [INFO] IPUIPlugin:80 - create IPUIPlugin
2025-09-05 11:41:10,025 [INFO] IPUIPlugin:80 - create IPUIPlugin
2025-09-05 11:41:10,025 [INFO] IPUIPlugin:80 - create IPUIPlugin
2025-09-05 11:41:10,025 [INFO] IPUIPlugin:80 - create IPUIPlugin
2025-09-05 11:41:10,025 [INFO] IPUIPlugin:80 - create IPUIPlugin
2025-09-05 11:41:10,025 [INFO] IPUIPlugin:80 - create IPUIPlugin
2025-09-05 11:41:10,025 [INFO] IPUIPlugin:80 - create IPUIPlugin
2025-09-05 11:41:10,025 [INFO] IPUIPlugin:80 - create IPUIPlugin
2025-09-05 11:41:10,025 [INFO] IPUIPlugin:80 - create IPUIPlugin
2025-09-05 11:41:10,025 [INFO] IPUIPlugin:80 - create IPUIPlugin
2025-09-05 11:41:10,026 [INFO] IPUIPlugin:80 - create IPUIPlugin
2025-09-05 11:41:10,026 [INFO] IPUIPlugin:80 - create IPUIPlugin
2025-09-05 11:41:10,026 [INFO] IPUIPlugin:80 - create IPUIPlugin
2025-09-05 11:41:10,026 [INFO] IPUIPlugin:80 - create IPUIPlugin
2025-09-05 11:41:10,026 [INFO] IPUIPlugin:80 - create IPUIPlugin
2025-09-05 11:41:10,027 [INFO] IPUIPlugin:80 - create IPUIPlugin
2025-09-05 11:41:10,027 [INFO] IPUIPlugin:80 - create IPUIPlugin
2025-09-05 11:41:10,027 [INFO] IPUIPlugin:80 - create IPUIPlugin
2025-09-05 11:41:10,027 [INFO] IPUIPlugin:80 - create IPUIPlugin
2025-09-05 11:41:10,027 [INFO] IPUIPlugin:80 - create IPUIPlugin
2025-09-05 11:41:10,027 [INFO] IPUIPlugin:80 - create IPUIPlugin
2025-09-05 11:41:10,027 [INFO] IPUIPlugin:80 - create IPUIPlugin
2025-09-05 11:41:10,027 [INFO] IPUIPlugin:80 - create IPUIPlugin
2025-09-05 11:41:10,027 [INFO] IPUIPlugin:80 - create IPUIPlugin
2025-09-05 11:41:10,028 [INFO] IPUIPlugin:80 - create IPUIPlugin
2025-09-05 11:41:10,028 [INFO] IPUIPlugin:80 - create IPUIPlugin
2025-09-05 11:41:10,028 [INFO] IPUIPlugin:80 - create IPUIPlugin
2025-09-05 11:41:10,028 [INFO] IPUIPlugin:80 - create IPUIPlugin
2025-09-05 11:41:10,028 [INFO] IPUIPlugin:80 - create IPUIPlugin
2025-09-05 11:41:10,028 [INFO] IPUIPlugin:80 - create IPUIPlugin
2025-09-05 11:41:10,028 [INFO] IPUIPlugin:80 - create IPUIPlugin
2025-09-05 11:41:10,028 [INFO] IPUIPlugin:80 - create IPUIPlugin
2025-09-05 11:41:10,028 [INFO] IPUIPlugin:80 - create IPUIPlugin
2025-09-05 11:41:10,029 [INFO] IPUIPlugin:80 - create IPUIPlugin
2025-09-05 11:41:10,029 [INFO] IPUIPlugin:80 - create IPUIPlugin
2025-09-05 11:41:10,029 [INFO] IPUIPlugin:80 - create IPUIPlugin
2025-09-05 11:41:10,029 [INFO] IPUIPlugin:80 - create IPUIPlugin
2025-09-05 11:41:10,029 [INFO] IPUIPlugin:80 - create IPUIPlugin
2025-09-05 11:41:10,029 [INFO] IPUIPlugin:80 - create IPUIPlugin
2025-09-05 11:41:10,029 [INFO] IPUIPlugin:80 - create IPUIPlugin
2025-09-05 11:41:10,029 [INFO] IPUIPlugin:80 - create IPUIPlugin
2025-09-05 11:41:10,030 [INFO] IPUIPlugin:80 - create IPUIPlugin
2025-09-05 11:41:10,030 [INFO] IPUIPlugin:80 - create IPUIPlugin
2025-09-05 11:41:10,030 [INFO] IPUIPlugin:80 - create IPUIPlugin
2025-09-05 11:41:10,030 [INFO] IPUIPlugin:80 - create IPUIPlugin
2025-09-05 11:41:10,030 [INFO] IPUIPlugin:80 - create IPUIPlugin
2025-09-05 11:41:10,030 [INFO] IPUIPlugin:80 - create IPUIPlugin
2025-09-05 11:41:10,030 [INFO] IPUIPlugin:80 - create IPUIPlugin
2025-09-05 11:41:10,031 [INFO] IPUIPlugin:80 - create IPUIPlugin
2025-09-05 11:41:10,031 [INFO] IPUIPlugin:80 - create IPUIPlugin
2025-09-05 11:41:10,031 [INFO] IPUIPlugin:80 - create IPUIPlugin
2025-09-05 11:41:10,031 [INFO] IPUIPlugin:80 - create IPUIPlugin
2025-09-05 11:41:10,031 [INFO] IPUIPlugin:80 - create IPUIPlugin
2025-09-05 11:41:10,031 [INFO] IPUIPlugin:80 - create IPUIPlugin
2025-09-05 11:41:10,032 [INFO] IPUIPlugin:80 - create IPUIPlugin
2025-09-05 11:41:10,032 [INFO] IPUIPlugin:80 - create IPUIPlugin
2025-09-05 11:41:10,032 [INFO] IPUIPlugin:80 - create IPUIPlugin
2025-09-05 11:41:10,032 [INFO] IPUIPlugin:80 - create IPUIPlugin
2025-09-05 11:41:10,032 [INFO] IPUIPlugin:80 - create IPUIPlugin
2025-09-05 11:41:10,033 [INFO] IPUIPlugin:80 - create IPUIPlugin
2025-09-05 11:41:10,033 [INFO] IPUIPlugin:80 - create IPUIPlugin
2025-09-05 11:41:10,120 [INFO] ApiDbMcu:532 - Load IP Config File for PDM2PCM
2025-09-05 11:41:10,297 [INFO] CADModel:165 - CPN selected for project levelSTM32F767ZIT6
2025-09-05 11:41:10,297 [INFO] CADModel:114 - Register for checkConnection events
2025-09-05 11:41:10,347 [INFO] OpenFileManager:386 - Restore cursor
2025-09-05 11:41:10,549 [WARN] IP:2250 - Warning not found: check if there is a RefParameter without a condition.
2025-09-05 11:41:10,549 [WARN] IP:2250 - RxBufferAddress not found: check if there is a RefParameter without a condition.
2025-09-05 11:41:10,549 [WARN] IP:2250 - DESC_SIZE_UNIT not found: check if there is a RefParameter without a condition.
2025-09-05 11:41:10,550 [WARN] IP:2250 - Warning not found: check if there is a RefParameter without a condition.
2025-09-05 11:41:10,550 [WARN] IP:2250 - RxBufferAddress not found: check if there is a RefParameter without a condition.
2025-09-05 11:41:10,550 [WARN] IP:2250 - DESC_SIZE_UNIT not found: check if there is a RefParameter without a condition.
2025-09-05 11:41:12,037 [INFO] UtilMem:75 - End SaveConfig() Used Memory: 749803320 Bytes (1038090240)
2025-09-05 11:41:12,098 [INFO] UtilMem:75 - End SaveConfig() Used Memory: 781232648 Bytes (1038090240)
2025-09-05 11:41:12,369 [INFO] BlockDiagram:2775 - set Specific Code input for plugin: SYS
2025-09-05 11:41:12,369 [INFO] BlockDiagram:2775 - set Specific Code input for plugin: RCC
2025-09-05 11:41:12,369 [INFO] BlockDiagram:2775 - set Specific Code input for plugin: USB_OTG_FS
2025-09-05 11:41:12,369 [INFO] BlockDiagram:2775 - set Specific Code input for plugin: NVIC
2025-09-05 11:41:12,369 [INFO] BlockDiagram:2775 - set Specific Code input for plugin: USART
2025-09-05 11:41:12,369 [INFO] BlockDiagram:2775 - set Specific Code input for plugin: GPIO
2025-09-05 11:41:12,369 [INFO] BlockDiagram:2775 - set Specific Code input for plugin: ETH
2025-09-05 11:41:12,370 [INFO] CodeGenerator:892 - code generatio: config db path: E:\STM32CubeIDE_1.19.0\STM32CubeIDE\plugins\com.st.stm32cube.common.mx_6.15.0.202507011659\\db\
2025-09-05 11:41:12,375 [WARN] IP:2250 - Warning not found: check if there is a RefParameter without a condition.
2025-09-05 11:41:12,376 [WARN] IP:2250 - RxBufferAddress not found: check if there is a RefParameter without a condition.
2025-09-05 11:41:12,376 [WARN] IP:2250 - DESC_SIZE_UNIT not found: check if there is a RefParameter without a condition.
2025-09-05 11:41:12,517 [INFO] CodeEngine:265 - oldGeneratedFile, E:\STM32CubeIDE\lab07\MXTmpFiles\license.tmp_save
2025-09-05 11:41:12,805 [INFO] CodeEngine:289 - Generated code: E:\STM32CubeIDE\lab07\MXTmpFiles\license.tmp
2025-09-05 11:41:12,920 [INFO] CodeEngine:265 - oldGeneratedFile, E:\STM32CubeIDE\lab07\MXTmpFiles\gpio.tmp_save
2025-09-05 11:41:13,059 [INFO] CodeEngine:289 - Generated code: E:\STM32CubeIDE\lab07\MXTmpFiles\gpio.tmp
2025-09-05 11:41:13,370 [WARN] IPConfigManager:3238 - Warning: the RefConfig PWREx_EnableUSBVoltageDetector is not available in your config.xml file
2025-09-05 11:41:13,380 [INFO] CodeEngine:265 - oldGeneratedFile, E:\STM32CubeIDE\lab07\MXTmpFiles\cortex.tmp_save
2025-09-05 11:41:13,473 [INFO] CodeEngine:289 - Generated code: E:\STM32CubeIDE\lab07\MXTmpFiles\cortex.tmp
2025-09-05 11:41:13,491 [INFO] CodeEngine:265 - oldGeneratedFile, E:\STM32CubeIDE\lab07\Core\Src\stm32f7xx_it.c_save
2025-09-05 11:41:13,613 [INFO] CodeEngine:289 - Generated code: E:\STM32CubeIDE\lab07\Core\Src\stm32f7xx_it.c
2025-09-05 11:41:13,628 [INFO] CodeEngine:265 - oldGeneratedFile, E:\STM32CubeIDE\lab07\Core\Inc\stm32f7xx_it.h_save
2025-09-05 11:41:13,686 [INFO] CodeEngine:289 - Generated code: E:\STM32CubeIDE\lab07\Core\Inc\stm32f7xx_it.h
2025-09-05 11:41:13,702 [INFO] CodeEngine:265 - oldGeneratedFile, E:\STM32CubeIDE\lab07\Core\Src\stm32f7xx_hal_msp.c_save
2025-09-05 11:41:13,840 [INFO] CodeEngine:289 - Generated code: E:\STM32CubeIDE\lab07\Core\Src\stm32f7xx_hal_msp.c
2025-09-05 11:41:13,851 [INFO] CodeEngine:265 - oldGeneratedFile, E:\STM32CubeIDE\lab07\MXTmpFiles\system.tmp_save
2025-09-05 11:41:13,899 [INFO] CodeEngine:289 - Generated code: E:\STM32CubeIDE\lab07\MXTmpFiles\system.tmp
2025-09-05 11:41:13,912 [INFO] CodeEngine:321 - oldGeneratedFile, E:\STM32CubeIDE\lab07\Core\Inc\stm32f7xx_hal_conf.h_save
2025-09-05 11:41:14,006 [INFO] CodeEngine:345 - Generated code: E:\STM32CubeIDE\lab07\Core\Inc\stm32f7xx_hal_conf.h
2025-09-05 11:41:14,072 [INFO] ApiDbMcu:532 - Load IP Config File for ETH
2025-09-05 11:41:14,075 [INFO] ApiDbMcu:532 - Load IP Config File for USART3
2025-09-05 11:41:14,076 [INFO] ApiDbMcu:532 - Load IP Config File for USB_OTG_FS
2025-09-05 11:41:14,078 [INFO] ApiDbMcu:532 - Load IP Config File for RCC
2025-09-05 11:41:14,080 [WARN] IPConfigManager:3811 - IP not found : USB_OTG
2025-09-05 11:41:14,081 [WARN] CodeGenerator:4259 - IP not found : null
2025-09-05 11:41:14,086 [INFO] CodeEngine:265 - oldGeneratedFile, E:\STM32CubeIDE\lab07\Core\Inc\main.h_save
2025-09-05 11:41:14,194 [INFO] CodeEngine:289 - Generated code: E:\STM32CubeIDE\lab07\Core\Inc\main.h
2025-09-05 11:41:14,202 [INFO] CodeEngine:265 - oldGeneratedFile, E:\STM32CubeIDE\lab07\Core\Src\main.c_save
2025-09-05 11:41:14,309 [INFO] CodeEngine:289 - Generated code: E:\STM32CubeIDE\lab07\Core\Src\main.c
2025-09-05 11:41:14,614 [INFO] ProjectBuilder:3606 - Time for Copy HAL[1] : 137mS.
2025-09-05 11:41:14,619 [INFO] ProjectBuilder:5216 - Project Generator version: 4.7.0-B52
2025-09-05 11:41:14,678 [INFO] ConfigFileManager:1595 - The Die is : DIE451
2025-09-05 11:41:14,690 [INFO] ApiDbMcu:532 - Load IP Config File for FATFS
2025-09-05 11:41:14,702 [INFO] ApiDbMcu:532 - Load IP Config File for FREERTOS
2025-09-05 11:41:14,711 [INFO] ApiDbMcu:532 - Load IP Config File for LIBJPEG
2025-09-05 11:41:14,724 [INFO] ApiDbMcu:532 - Load IP Config File for LWIP
2025-09-05 11:41:14,736 [INFO] ApiDbMcu:532 - Load IP Config File for MBEDTLS
2025-09-05 11:41:14,748 [INFO] ApiDbMcu:532 - Load IP Config File for USB_DEVICE
2025-09-05 11:41:14,759 [INFO] ApiDbMcu:532 - Load IP Config File for USB_HOST
2025-09-05 11:41:15,265 [INFO] LogOutputStream:77 - [STDOUT_REDIRECT] 
2025-09-05 11:41:16,994 [INFO] ProjectBuilder:5496 - Time for Generating toolchain IDE Files: 2375mS.
2025-09-05 11:41:16,995 [INFO] ProjectBuilder:3463 - Time for Copy CMSIS : 1mS.
2025-09-05 11:41:16,996 [INFO] ProjectBuilder:3463 - Time for Copy CMSIS : 0mS.
2025-09-05 11:41:17,625 [INFO] McuFinderGlobals:76 - Set McuFinderConnectedMode to true
2025-09-05 11:41:17,628 [INFO] ApiDb:448 - Save user favorites file C:\Users\nphis/.stm32cubeide/favorites.mcus.txt: 1 item(s)
2025-09-05 11:41:17,628 [INFO] ApiDb:452 - User favorites MCUs=[STM32F767ZIT6]
2025-09-05 11:41:17,630 [INFO] ApiDb:448 - Save user favorites file C:\Users\nphis/.stm32cubeide/favorites.boards.txt: 1 item(s)
2025-09-05 11:41:17,630 [INFO] ApiDb:452 - User favorites Boards=[NUCLEO-F767ZI]
2025-09-05 11:41:43,304 [WARN] IP:2250 - Warning not found: check if there is a RefParameter without a condition.
2025-09-05 11:41:43,304 [WARN] IP:2250 - RxBufferAddress not found: check if there is a RefParameter without a condition.
2025-09-05 11:41:43,304 [WARN] IP:2250 - DESC_SIZE_UNIT not found: check if there is a RefParameter without a condition.
2025-09-05 11:41:43,304 [WARN] IP:2250 - Warning not found: check if there is a RefParameter without a condition.
2025-09-05 11:41:43,304 [WARN] IP:2250 - RxBufferAddress not found: check if there is a RefParameter without a condition.
2025-09-05 11:41:43,304 [WARN] IP:2250 - DESC_SIZE_UNIT not found: check if there is a RefParameter without a condition.
2025-09-05 11:41:51,422 [WARN] IP:2250 - Warning not found: check if there is a RefParameter without a condition.
2025-09-05 11:41:51,423 [WARN] IP:2250 - RxBufferAddress not found: check if there is a RefParameter without a condition.
2025-09-05 11:41:51,423 [WARN] IP:2250 - DESC_SIZE_UNIT not found: check if there is a RefParameter without a condition.
2025-09-05 11:42:26,628 [INFO] ParamManager:905 - [Generic UI] PropertyChangeEvent: TAB_STATUS_CHANGED , "dont care", "never mind"
2025-09-05 11:42:26,644 [INFO] ParamManager:905 - [Generic UI] PropertyChangeEvent: TAB_STATUS_CHANGED , "dont care", "never mind"
2025-09-05 11:42:26,648 [INFO] ADCParametersView:116 -                Rank 1 : false
2025-09-05 11:42:26,683 [INFO] ADCParametersView:116 -                Rank 1 : false
2025-09-05 11:42:26,683 [INFO] ADCParametersView:116 -                Rank 1 : false
2025-09-05 11:42:26,683 [INFO] ADCParametersView:116 -                Rank 1 : false
2025-09-05 11:42:26,683 [INFO] ADCParametersView:116 -                Rank 1 : false
2025-09-05 11:42:26,683 [INFO] ADCParametersView:116 -                Rank 1 : false
2025-09-05 11:42:26,684 [INFO] ADCParametersView:116 -                Rank 1 : false
2025-09-05 11:42:26,684 [INFO] ADCParametersView:116 -                Rank 1 : false
2025-09-05 11:42:26,684 [INFO] ADCParametersView:116 -                Rank 1 : false
2025-09-05 11:42:26,684 [INFO] ADCParametersView:116 -                Rank 1 : false
2025-09-05 11:42:26,684 [INFO] ADCParametersView:116 -                Rank 1 : false
2025-09-05 11:42:26,684 [INFO] ADCParametersView:116 -                Rank 1 : false
2025-09-05 11:42:26,684 [INFO] ADCParametersView:116 -                Rank 1 : false
2025-09-05 11:42:26,684 [INFO] ADCParametersView:116 -                Rank 1 : false
2025-09-05 11:42:26,684 [INFO] ADCParametersView:116 -                Rank 1 : false
2025-09-05 11:42:26,693 [INFO] ADCParametersView:116 -                Rank 1 : false
2025-09-05 11:42:26,792 [INFO] NvicIntPanel:101 - NVIC parent = com.st.microxplorer.plugins.ip.nvic.MultiNvicIntPanel[,0,0,0x0,invalid,layout=javax.swing.BoxLayout,alignmentX=0.0,alignmentY=0.0,border=,flags=9,maximumSize=,minimumSize=,preferredSize=]
2025-09-05 11:42:26,937 [INFO] NvicIntPanel:101 - NVIC parent = com.st.microxplorer.plugins.ip.nvic.MultiNvicIntPanel[,0,0,0x0,invalid,layout=javax.swing.BoxLayout,alignmentX=0.0,alignmentY=0.0,border=,flags=9,maximumSize=,minimumSize=,preferredSize=]
2025-09-05 11:42:27,046 [INFO] ADCParametersView:116 -                Rank 1 : false
2025-09-05 11:42:27,047 [INFO] ADCParametersView:116 -                Rank 1 : false
2025-09-05 11:42:27,047 [INFO] ADCParametersView:116 -                Rank 1 : false
2025-09-05 11:42:27,047 [INFO] ADCParametersView:116 -                Rank 1 : false
2025-09-05 11:42:27,047 [INFO] ADCParametersView:116 -                Rank 1 : false
2025-09-05 11:42:27,047 [INFO] ADCParametersView:116 -                Rank 1 : false
2025-09-05 11:42:27,047 [INFO] ADCParametersView:116 -                Rank 1 : false
2025-09-05 11:42:27,047 [INFO] ADCParametersView:116 -                Rank 1 : false
2025-09-05 11:42:27,047 [INFO] ADCParametersView:116 -                Rank 1 : false
2025-09-05 11:42:27,047 [INFO] ADCParametersView:116 -                Rank 1 : false
2025-09-05 11:42:27,047 [INFO] ADCParametersView:116 -                Rank 1 : false
2025-09-05 11:42:27,048 [INFO] ADCParametersView:116 -                Rank 1 : false
2025-09-05 11:42:27,048 [INFO] ADCParametersView:116 -                Rank 1 : false
2025-09-05 11:42:27,048 [INFO] ADCParametersView:116 -                Rank 1 : false
2025-09-05 11:42:27,090 [INFO] ADCParametersView:116 -                Rank 1 : false
2025-09-05 11:42:27,134 [INFO] ADCParametersView:116 -                Rank 1 : false
2025-09-05 11:42:27,134 [INFO] ADCParametersView:116 -                Rank 1 : false
2025-09-05 11:42:27,134 [INFO] ADCParametersView:116 -                Rank 1 : false
2025-09-05 11:42:27,134 [INFO] ADCParametersView:116 -                Rank 1 : false
2025-09-05 11:42:27,134 [INFO] ADCParametersView:116 -                Rank 1 : false
2025-09-05 11:42:27,134 [INFO] ADCParametersView:116 -                Rank 1 : false
2025-09-05 11:42:27,134 [INFO] ADCParametersView:116 -                Rank 1 : false
2025-09-05 11:42:27,135 [INFO] ADCParametersView:116 -                Rank 1 : false
2025-09-05 11:42:27,135 [INFO] ADCParametersView:116 -                Rank 1 : false
2025-09-05 11:42:27,135 [INFO] ADCParametersView:116 -                Rank 1 : false
2025-09-05 11:42:27,135 [INFO] ADCParametersView:116 -                Rank 1 : false
2025-09-05 11:42:27,135 [INFO] ADCParametersView:116 -                Rank 1 : false
2025-09-05 11:42:27,135 [INFO] ADCParametersView:116 -                Rank 1 : false
2025-09-05 11:42:27,135 [INFO] ADCParametersView:116 -                Rank 1 : false
2025-09-05 11:42:27,164 [INFO] ADCParametersView:116 -                Rank 1 : false
2025-09-05 11:42:42,128 [INFO] ADCParametersView:116 -                Rank 1 : false
2025-09-05 11:42:42,131 [INFO] ADCParametersView:116 -                Rank 1 : false
2025-09-05 11:42:42,131 [INFO] ADCParametersView:116 -                Rank 1 : false
2025-09-05 11:42:42,131 [INFO] ADCParametersView:116 -                Rank 1 : false
2025-09-05 11:42:42,131 [INFO] ADCParametersView:116 -                Rank 1 : false
2025-09-05 11:42:42,131 [INFO] ADCParametersView:116 -                Rank 1 : false
2025-09-05 11:42:42,131 [INFO] ADCParametersView:116 -                Rank 1 : false
2025-09-05 11:42:42,131 [INFO] ADCParametersView:116 -                Rank 1 : false
2025-09-05 11:42:42,131 [INFO] ADCParametersView:116 -                Rank 1 : false
2025-09-05 11:42:42,131 [INFO] ADCParametersView:116 -                Rank 1 : false
2025-09-05 11:42:42,131 [INFO] ADCParametersView:116 -                Rank 1 : false
2025-09-05 11:42:42,131 [INFO] ADCParametersView:116 -                Rank 1 : false
2025-09-05 11:42:42,131 [INFO] ADCParametersView:116 -                Rank 1 : false
2025-09-05 11:42:42,131 [INFO] ADCParametersView:116 -                Rank 1 : false
2025-09-05 11:42:42,139 [INFO] ADCParametersView:116 -                Rank 1 : false
2025-09-05 11:42:42,156 [INFO] ADCParametersView:116 -                Rank 1 : false
2025-09-05 11:42:42,157 [INFO] ADCParametersView:116 -                Rank 1 : false
2025-09-05 11:42:42,157 [INFO] ADCParametersView:116 -                Rank 1 : false
2025-09-05 11:42:42,158 [INFO] ADCParametersView:116 -                Rank 1 : false
2025-09-05 11:42:42,158 [INFO] ADCParametersView:116 -                Rank 1 : false
2025-09-05 11:42:42,158 [INFO] ADCParametersView:116 -                Rank 1 : false
2025-09-05 11:42:42,158 [INFO] ADCParametersView:116 -                Rank 1 : false
2025-09-05 11:42:42,158 [INFO] ADCParametersView:116 -                Rank 1 : false
2025-09-05 11:42:42,158 [INFO] ADCParametersView:116 -                Rank 1 : false
2025-09-05 11:42:42,158 [INFO] ADCParametersView:116 -                Rank 1 : false
2025-09-05 11:42:42,158 [INFO] ADCParametersView:116 -                Rank 1 : false
2025-09-05 11:42:42,158 [INFO] ADCParametersView:116 -                Rank 1 : false
2025-09-05 11:42:42,158 [INFO] ADCParametersView:116 -                Rank 1 : false
2025-09-05 11:42:42,158 [INFO] ADCParametersView:116 -                Rank 1 : false
2025-09-05 11:42:42,165 [INFO] ADCParametersView:116 -                Rank 1 : false
2025-09-05 11:42:42,208 [INFO] ADCParametersView:116 -                Rank 1 : false
2025-09-05 11:42:42,209 [INFO] ADCParametersView:116 -                Rank 1 : false
2025-09-05 11:42:42,209 [INFO] ADCParametersView:116 -                Rank 1 : false
2025-09-05 11:42:42,209 [INFO] ADCParametersView:116 -                Rank 1 : false
2025-09-05 11:42:42,209 [INFO] ADCParametersView:116 -                Rank 1 : false
2025-09-05 11:42:42,209 [INFO] ADCParametersView:116 -                Rank 1 : false
2025-09-05 11:42:42,209 [INFO] ADCParametersView:116 -                Rank 1 : false
2025-09-05 11:42:42,209 [INFO] ADCParametersView:116 -                Rank 1 : false
2025-09-05 11:42:42,209 [INFO] ADCParametersView:116 -                Rank 1 : false
2025-09-05 11:42:42,209 [INFO] ADCParametersView:116 -                Rank 1 : false
2025-09-05 11:42:42,209 [INFO] ADCParametersView:116 -                Rank 1 : false
2025-09-05 11:42:42,209 [INFO] ADCParametersView:116 -                Rank 1 : false
2025-09-05 11:42:42,209 [INFO] ADCParametersView:116 -                Rank 1 : false
2025-09-05 11:42:42,209 [INFO] ADCParametersView:116 -                Rank 1 : false
2025-09-05 11:42:42,238 [INFO] ADCParametersView:116 -                Rank 1 : false
2025-09-05 11:43:15,425 [INFO] NvicIntPanel:101 - NVIC parent = com.st.microxplorer.plugins.ip.nvic.MultiNvicIntPanel[,0,0,0x0,invalid,layout=javax.swing.BoxLayout,alignmentX=0.0,alignmentY=0.0,border=,flags=9,maximumSize=,minimumSize=,preferredSize=]
2025-09-05 11:43:22,481 [INFO] NvicIntPanel:101 - NVIC parent = com.st.microxplorer.plugins.ip.nvic.MultiNvicIntPanel[,0,0,0x0,invalid,layout=javax.swing.BoxLayout,alignmentX=0.0,alignmentY=0.0,border=,flags=9,maximumSize=,minimumSize=,preferredSize=]
2025-09-05 11:47:36,591 [INFO] NvicIntPanel:101 - NVIC parent = com.st.microxplorer.plugins.ip.nvic.MultiNvicIntPanel[,0,0,0x0,invalid,layout=javax.swing.BoxLayout,alignmentX=0.0,alignmentY=0.0,border=,flags=9,maximumSize=,minimumSize=,preferredSize=]
2025-09-05 11:48:52,859 [INFO] UtilMem:75 - End SaveConfig() Used Memory: 681128392 Bytes (1073741824)
2025-09-05 11:48:53,685 [INFO] UtilMem:75 - End SaveConfig() Used Memory: 787039272 Bytes (1073741824)
2025-09-05 11:48:53,866 [INFO] BlockDiagram:2775 - set Specific Code input for plugin: TIM1_8F77
2025-09-05 11:48:53,866 [INFO] BlockDiagram:2775 - set Specific Code input for plugin: SYS
2025-09-05 11:48:53,866 [INFO] BlockDiagram:2775 - set Specific Code input for plugin: RCC
2025-09-05 11:48:53,866 [INFO] BlockDiagram:2775 - set Specific Code input for plugin: USB_OTG_FS
2025-09-05 11:48:53,866 [INFO] BlockDiagram:2775 - set Specific Code input for plugin: NVIC
2025-09-05 11:48:53,866 [INFO] BlockDiagram:2775 - set Specific Code input for plugin: USART
2025-09-05 11:48:53,866 [INFO] BlockDiagram:2775 - set Specific Code input for plugin: USART
2025-09-05 11:48:53,866 [INFO] BlockDiagram:2775 - set Specific Code input for plugin: GPIO
2025-09-05 11:48:53,867 [INFO] CodeGenerator:892 - code generatio: config db path: E:\STM32CubeIDE_1.19.0\STM32CubeIDE\plugins\com.st.stm32cube.common.mx_6.15.0.202507011659\\db\
2025-09-05 11:48:53,942 [INFO] CodeEngine:265 - oldGeneratedFile, E:\STM32CubeIDE\lab07\MXTmpFiles\license.tmp_save
2025-09-05 11:48:54,131 [INFO] CodeEngine:289 - Generated code: E:\STM32CubeIDE\lab07\MXTmpFiles\license.tmp
2025-09-05 11:48:54,183 [INFO] CodeEngine:265 - oldGeneratedFile, E:\STM32CubeIDE\lab07\Core\Src\gpio.c_save
2025-09-05 11:48:54,306 [INFO] CodeEngine:289 - Generated code: E:\STM32CubeIDE\lab07\Core\Src\gpio.c
2025-09-05 11:48:54,320 [INFO] CodeEngine:265 - oldGeneratedFile, E:\STM32CubeIDE\lab07\Core\Inc\gpio.h_save
2025-09-05 11:48:54,388 [INFO] CodeEngine:289 - Generated code: E:\STM32CubeIDE\lab07\Core\Inc\gpio.h
2025-09-05 11:48:54,702 [WARN] IPConfigManager:3238 - Warning: the RefConfig PWREx_EnableUSBVoltageDetector is not available in your config.xml file
2025-09-05 11:48:54,719 [INFO] CodeEngine:265 - oldGeneratedFile, E:\STM32CubeIDE\lab07\MXTmpFiles\cortex.tmp_save
2025-09-05 11:48:54,816 [INFO] CodeEngine:289 - Generated code: E:\STM32CubeIDE\lab07\MXTmpFiles\cortex.tmp
2025-09-05 11:48:54,823 [INFO] CodeEngine:265 - oldGeneratedFile, E:\STM32CubeIDE\lab07\Core\Src\tim.c_save
2025-09-05 11:48:54,950 [INFO] CodeEngine:289 - Generated code: E:\STM32CubeIDE\lab07\Core\Src\tim.c
2025-09-05 11:48:54,959 [INFO] CodeEngine:265 - oldGeneratedFile, E:\STM32CubeIDE\lab07\Core\Inc\tim.h_save
2025-09-05 11:48:55,022 [INFO] CodeEngine:289 - Generated code: E:\STM32CubeIDE\lab07\Core\Inc\tim.h
2025-09-05 11:48:55,034 [INFO] CodeEngine:265 - oldGeneratedFile, E:\STM32CubeIDE\lab07\Core\Src\usart.c_save
2025-09-05 11:48:55,147 [INFO] CodeEngine:289 - Generated code: E:\STM32CubeIDE\lab07\Core\Src\usart.c
2025-09-05 11:48:55,156 [INFO] CodeEngine:265 - oldGeneratedFile, E:\STM32CubeIDE\lab07\Core\Inc\usart.h_save
2025-09-05 11:48:55,214 [INFO] CodeEngine:289 - Generated code: E:\STM32CubeIDE\lab07\Core\Inc\usart.h
2025-09-05 11:48:55,226 [INFO] CodeEngine:265 - oldGeneratedFile, E:\STM32CubeIDE\lab07\Core\Src\usb_otg.c_save
2025-09-05 11:48:55,335 [INFO] CodeEngine:289 - Generated code: E:\STM32CubeIDE\lab07\Core\Src\usb_otg.c
2025-09-05 11:48:55,345 [INFO] CodeEngine:265 - oldGeneratedFile, E:\STM32CubeIDE\lab07\Core\Inc\usb_otg.h_save
2025-09-05 11:48:55,401 [INFO] CodeEngine:289 - Generated code: E:\STM32CubeIDE\lab07\Core\Inc\usb_otg.h
2025-09-05 11:48:55,415 [INFO] CodeEngine:265 - oldGeneratedFile, E:\STM32CubeIDE\lab07\Core\Src\stm32f7xx_it.c_save
2025-09-05 11:48:55,546 [INFO] CodeEngine:289 - Generated code: E:\STM32CubeIDE\lab07\Core\Src\stm32f7xx_it.c
2025-09-05 11:48:55,549 [INFO] CodeEngine:265 - oldGeneratedFile, E:\STM32CubeIDE\lab07\Core\Inc\stm32f7xx_it.h_save
2025-09-05 11:48:55,594 [INFO] CodeEngine:289 - Generated code: E:\STM32CubeIDE\lab07\Core\Inc\stm32f7xx_it.h
2025-09-05 11:48:55,603 [INFO] CodeEngine:265 - oldGeneratedFile, E:\STM32CubeIDE\lab07\Core\Src\stm32f7xx_hal_msp.c_save
2025-09-05 11:48:55,718 [INFO] CodeEngine:289 - Generated code: E:\STM32CubeIDE\lab07\Core\Src\stm32f7xx_hal_msp.c
2025-09-05 11:48:55,721 [INFO] CodeEngine:265 - oldGeneratedFile, E:\STM32CubeIDE\lab07\MXTmpFiles\system.tmp_save
2025-09-05 11:48:55,760 [INFO] CodeEngine:289 - Generated code: E:\STM32CubeIDE\lab07\MXTmpFiles\system.tmp
2025-09-05 11:48:55,771 [INFO] CodeEngine:321 - oldGeneratedFile, E:\STM32CubeIDE\lab07\Core\Inc\stm32f7xx_hal_conf.h_save
2025-09-05 11:48:55,868 [INFO] CodeEngine:345 - Generated code: E:\STM32CubeIDE\lab07\Core\Inc\stm32f7xx_hal_conf.h
2025-09-05 11:48:55,895 [INFO] ApiDbMcu:532 - Load IP Config File for TIM2
2025-09-05 11:48:55,897 [INFO] ApiDbMcu:532 - Load IP Config File for USART2
2025-09-05 11:48:55,903 [INFO] CodeEngine:265 - oldGeneratedFile, E:\STM32CubeIDE\lab07\Core\Inc\main.h_save
2025-09-05 11:48:56,027 [INFO] CodeEngine:289 - Generated code: E:\STM32CubeIDE\lab07\Core\Inc\main.h
2025-09-05 11:48:56,031 [INFO] CodeEngine:265 - oldGeneratedFile, E:\STM32CubeIDE\lab07\Core\Src\main.c_save
2025-09-05 11:48:56,146 [INFO] CodeEngine:289 - Generated code: E:\STM32CubeIDE\lab07\Core\Src\main.c
2025-09-05 11:48:56,303 [INFO] ProjectBuilder:3606 - Time for Copy HAL[1] : 84mS.
2025-09-05 11:48:56,305 [INFO] ProjectBuilder:5216 - Project Generator version: 4.7.0-B52
2025-09-05 11:48:56,346 [INFO] ConfigFileManager:1595 - The Die is : DIE451
2025-09-05 11:48:57,165 [INFO] ProjectBuilder:5496 - Time for Generating toolchain IDE Files: 859mS.
2025-09-05 11:48:57,165 [INFO] ProjectBuilder:3463 - Time for Copy CMSIS : 0mS.
2025-09-05 11:48:57,166 [INFO] ProjectBuilder:3463 - Time for Copy CMSIS : 0mS.
2025-09-05 11:50:17,016 [INFO] NvicIntPanel:101 - NVIC parent = com.st.microxplorer.plugins.ip.nvic.MultiNvicIntPanel[,0,0,0x0,invalid,layout=javax.swing.BoxLayout,alignmentX=0.0,alignmentY=0.0,border=,flags=9,maximumSize=,minimumSize=,preferredSize=]
2025-09-05 11:50:22,799 [INFO] UtilMem:75 - End SaveConfig() Used Memory: 666614248 Bytes (1073741824)
2025-09-05 11:50:23,154 [INFO] UtilMem:75 - End SaveConfig() Used Memory: 713273832 Bytes (1073741824)
2025-09-05 11:50:23,299 [INFO] BlockDiagram:2775 - set Specific Code input for plugin: TIM1_8F77
2025-09-05 11:50:23,299 [INFO] BlockDiagram:2775 - set Specific Code input for plugin: SYS
2025-09-05 11:50:23,299 [INFO] BlockDiagram:2775 - set Specific Code input for plugin: RCC
2025-09-05 11:50:23,299 [INFO] BlockDiagram:2775 - set Specific Code input for plugin: USB_OTG_FS
2025-09-05 11:50:23,299 [INFO] BlockDiagram:2775 - set Specific Code input for plugin: NVIC
2025-09-05 11:50:23,299 [INFO] BlockDiagram:2775 - set Specific Code input for plugin: USART
2025-09-05 11:50:23,299 [INFO] BlockDiagram:2775 - set Specific Code input for plugin: USART
2025-09-05 11:50:23,299 [INFO] BlockDiagram:2775 - set Specific Code input for plugin: GPIO
2025-09-05 11:50:23,300 [INFO] CodeGenerator:892 - code generatio: config db path: E:\STM32CubeIDE_1.19.0\STM32CubeIDE\plugins\com.st.stm32cube.common.mx_6.15.0.202507011659\\db\
2025-09-05 11:50:23,359 [INFO] CodeEngine:265 - oldGeneratedFile, E:\STM32CubeIDE\lab07\MXTmpFiles\license.tmp_save
2025-09-05 11:50:23,430 [INFO] CodeEngine:289 - Generated code: E:\STM32CubeIDE\lab07\MXTmpFiles\license.tmp
2025-09-05 11:50:23,471 [INFO] CodeEngine:265 - oldGeneratedFile, E:\STM32CubeIDE\lab07\Core\Src\gpio.c_save
2025-09-05 11:50:23,549 [INFO] CodeEngine:289 - Generated code: E:\STM32CubeIDE\lab07\Core\Src\gpio.c
2025-09-05 11:50:23,552 [INFO] CodeEngine:265 - oldGeneratedFile, E:\STM32CubeIDE\lab07\Core\Inc\gpio.h_save
2025-09-05 11:50:23,590 [INFO] CodeEngine:289 - Generated code: E:\STM32CubeIDE\lab07\Core\Inc\gpio.h
2025-09-05 11:50:23,783 [WARN] IPConfigManager:3238 - Warning: the RefConfig PWREx_EnableUSBVoltageDetector is not available in your config.xml file
2025-09-05 11:50:23,789 [INFO] CodeEngine:265 - oldGeneratedFile, E:\STM32CubeIDE\lab07\MXTmpFiles\cortex.tmp_save
2025-09-05 11:50:23,859 [INFO] CodeEngine:289 - Generated code: E:\STM32CubeIDE\lab07\MXTmpFiles\cortex.tmp
2025-09-05 11:50:23,865 [INFO] CodeEngine:265 - oldGeneratedFile, E:\STM32CubeIDE\lab07\Core\Src\tim.c_save
2025-09-05 11:50:23,975 [INFO] CodeEngine:289 - Generated code: E:\STM32CubeIDE\lab07\Core\Src\tim.c
2025-09-05 11:50:23,979 [INFO] CodeEngine:265 - oldGeneratedFile, E:\STM32CubeIDE\lab07\Core\Inc\tim.h_save
2025-09-05 11:50:24,014 [INFO] CodeEngine:289 - Generated code: E:\STM32CubeIDE\lab07\Core\Inc\tim.h
2025-09-05 11:50:24,020 [INFO] CodeEngine:265 - oldGeneratedFile, E:\STM32CubeIDE\lab07\Core\Src\usart.c_save
2025-09-05 11:50:24,105 [INFO] CodeEngine:289 - Generated code: E:\STM32CubeIDE\lab07\Core\Src\usart.c
2025-09-05 11:50:24,108 [INFO] CodeEngine:265 - oldGeneratedFile, E:\STM32CubeIDE\lab07\Core\Inc\usart.h_save
2025-09-05 11:50:24,145 [INFO] CodeEngine:289 - Generated code: E:\STM32CubeIDE\lab07\Core\Inc\usart.h
2025-09-05 11:50:24,150 [INFO] CodeEngine:265 - oldGeneratedFile, E:\STM32CubeIDE\lab07\Core\Src\usb_otg.c_save
2025-09-05 11:50:24,233 [INFO] CodeEngine:289 - Generated code: E:\STM32CubeIDE\lab07\Core\Src\usb_otg.c
2025-09-05 11:50:24,236 [INFO] CodeEngine:265 - oldGeneratedFile, E:\STM32CubeIDE\lab07\Core\Inc\usb_otg.h_save
2025-09-05 11:50:24,271 [INFO] CodeEngine:289 - Generated code: E:\STM32CubeIDE\lab07\Core\Inc\usb_otg.h
2025-09-05 11:50:24,278 [INFO] CodeEngine:265 - oldGeneratedFile, E:\STM32CubeIDE\lab07\Core\Src\stm32f7xx_it.c_save
2025-09-05 11:50:24,352 [INFO] CodeEngine:289 - Generated code: E:\STM32CubeIDE\lab07\Core\Src\stm32f7xx_it.c
2025-09-05 11:50:24,355 [INFO] CodeEngine:265 - oldGeneratedFile, E:\STM32CubeIDE\lab07\Core\Inc\stm32f7xx_it.h_save
2025-09-05 11:50:24,398 [INFO] CodeEngine:289 - Generated code: E:\STM32CubeIDE\lab07\Core\Inc\stm32f7xx_it.h
2025-09-05 11:50:24,405 [INFO] CodeEngine:265 - oldGeneratedFile, E:\STM32CubeIDE\lab07\Core\Src\stm32f7xx_hal_msp.c_save
2025-09-05 11:50:24,491 [INFO] CodeEngine:289 - Generated code: E:\STM32CubeIDE\lab07\Core\Src\stm32f7xx_hal_msp.c
2025-09-05 11:50:24,493 [INFO] CodeEngine:265 - oldGeneratedFile, E:\STM32CubeIDE\lab07\MXTmpFiles\system.tmp_save
2025-09-05 11:50:24,527 [INFO] CodeEngine:289 - Generated code: E:\STM32CubeIDE\lab07\MXTmpFiles\system.tmp
2025-09-05 11:50:24,535 [INFO] CodeEngine:321 - oldGeneratedFile, E:\STM32CubeIDE\lab07\Core\Inc\stm32f7xx_hal_conf.h_save
2025-09-05 11:50:24,631 [INFO] CodeEngine:345 - Generated code: E:\STM32CubeIDE\lab07\Core\Inc\stm32f7xx_hal_conf.h
2025-09-05 11:50:24,652 [INFO] CodeEngine:265 - oldGeneratedFile, E:\STM32CubeIDE\lab07\Core\Inc\main.h_save
2025-09-05 11:50:24,726 [INFO] CodeEngine:289 - Generated code: E:\STM32CubeIDE\lab07\Core\Inc\main.h
2025-09-05 11:50:24,729 [INFO] CodeEngine:265 - oldGeneratedFile, E:\STM32CubeIDE\lab07\Core\Src\main.c_save
2025-09-05 11:50:24,785 [INFO] CodeEngine:289 - Generated code: E:\STM32CubeIDE\lab07\Core\Src\main.c
2025-09-05 11:50:24,934 [INFO] ProjectBuilder:3606 - Time for Copy HAL[1] : 78mS.
2025-09-05 11:50:24,936 [INFO] ProjectBuilder:5216 - Project Generator version: 4.7.0-B52
2025-09-05 11:50:24,974 [INFO] ConfigFileManager:1595 - The Die is : DIE451
2025-09-05 11:50:25,379 [INFO] ProjectBuilder:5496 - Time for Generating toolchain IDE Files: 442mS.
2025-09-05 11:50:25,380 [INFO] ProjectBuilder:3463 - Time for Copy CMSIS : 1mS.
2025-09-05 11:50:25,381 [INFO] ProjectBuilder:3463 - Time for Copy CMSIS : 0mS.
2025-09-05 12:27:09,456 [INFO] NvicIntPanel:101 - NVIC parent = com.st.microxplorer.plugins.ip.nvic.MultiNvicIntPanel[,0,0,0x0,invalid,layout=javax.swing.BoxLayout,alignmentX=0.0,alignmentY=0.0,border=,flags=9,maximumSize=,minimumSize=,preferredSize=]
2025-09-05 12:28:01,075 [INFO] NvicIntPanel:101 - NVIC parent = com.st.microxplorer.plugins.ip.nvic.MultiNvicIntPanel[,0,0,0x0,invalid,layout=javax.swing.BoxLayout,alignmentX=0.0,alignmentY=0.0,border=,flags=9,maximumSize=,minimumSize=,preferredSize=]
2025-09-05 12:28:01,200 [INFO] NvicIntPanel:101 - NVIC parent = com.st.microxplorer.plugins.ip.nvic.MultiNvicIntPanel[,0,0,0x0,invalid,layout=javax.swing.BoxLayout,alignmentX=0.0,alignmentY=0.0,border=,flags=9,maximumSize=,minimumSize=,preferredSize=]
2025-09-05 12:28:18,320 [INFO] NvicIntPanel:101 - NVIC parent = com.st.microxplorer.plugins.ip.nvic.MultiNvicIntPanel[,0,0,0x0,invalid,layout=javax.swing.BoxLayout,alignmentX=0.0,alignmentY=0.0,border=,flags=9,maximumSize=,minimumSize=,preferredSize=]
2025-09-05 12:28:18,452 [INFO] NvicIntPanel:101 - NVIC parent = com.st.microxplorer.plugins.ip.nvic.MultiNvicIntPanel[,0,0,0x0,invalid,layout=javax.swing.BoxLayout,alignmentX=0.0,alignmentY=0.0,border=,flags=9,maximumSize=,minimumSize=,preferredSize=]
2025-09-05 12:29:09,834 [INFO] UtilMem:75 - End SaveConfig() Used Memory: 730766592 Bytes (1073741824)
2025-09-05 12:29:10,480 [INFO] UtilMem:75 - End SaveConfig() Used Memory: 814146552 Bytes (1073741824)
2025-09-05 12:29:10,787 [INFO] BlockDiagram:2775 - set Specific Code input for plugin: TIM1_8F77
2025-09-05 12:29:10,787 [INFO] BlockDiagram:2775 - set Specific Code input for plugin: SYS
2025-09-05 12:29:10,787 [INFO] BlockDiagram:2775 - set Specific Code input for plugin: RCC
2025-09-05 12:29:10,787 [INFO] BlockDiagram:2775 - set Specific Code input for plugin: USB_OTG_FS
2025-09-05 12:29:10,787 [INFO] BlockDiagram:2775 - set Specific Code input for plugin: NVIC
2025-09-05 12:29:10,787 [INFO] BlockDiagram:2775 - set Specific Code input for plugin: USART
2025-09-05 12:29:10,787 [INFO] BlockDiagram:2775 - set Specific Code input for plugin: USART
2025-09-05 12:29:10,787 [INFO] BlockDiagram:2775 - set Specific Code input for plugin: GPIO
2025-09-05 12:29:10,788 [INFO] CodeGenerator:892 - code generatio: config db path: E:\STM32CubeIDE_1.19.0\STM32CubeIDE\plugins\com.st.stm32cube.common.mx_6.15.0.202507011659\\db\
2025-09-05 12:29:10,984 [INFO] CodeEngine:265 - oldGeneratedFile, E:\STM32CubeIDE\lab07\MXTmpFiles\license.tmp_save
2025-09-05 12:29:11,175 [INFO] CodeEngine:289 - Generated code: E:\STM32CubeIDE\lab07\MXTmpFiles\license.tmp
2025-09-05 12:29:11,226 [INFO] CodeEngine:265 - oldGeneratedFile, E:\STM32CubeIDE\lab07\Core\Src\gpio.c_save
2025-09-05 12:29:11,371 [INFO] CodeEngine:289 - Generated code: E:\STM32CubeIDE\lab07\Core\Src\gpio.c
2025-09-05 12:29:11,375 [INFO] CodeEngine:265 - oldGeneratedFile, E:\STM32CubeIDE\lab07\Core\Inc\gpio.h_save
2025-09-05 12:29:11,434 [INFO] CodeEngine:289 - Generated code: E:\STM32CubeIDE\lab07\Core\Inc\gpio.h
2025-09-05 12:29:11,670 [WARN] IPConfigManager:3238 - Warning: the RefConfig PWREx_EnableUSBVoltageDetector is not available in your config.xml file
2025-09-05 12:29:11,678 [INFO] CodeEngine:265 - oldGeneratedFile, E:\STM32CubeIDE\lab07\MXTmpFiles\cortex.tmp_save
2025-09-05 12:29:11,774 [INFO] CodeEngine:289 - Generated code: E:\STM32CubeIDE\lab07\MXTmpFiles\cortex.tmp
2025-09-05 12:29:11,787 [INFO] CodeEngine:265 - oldGeneratedFile, E:\STM32CubeIDE\lab07\Core\Src\tim.c_save
2025-09-05 12:29:11,935 [INFO] CodeEngine:289 - Generated code: E:\STM32CubeIDE\lab07\Core\Src\tim.c
2025-09-05 12:29:11,940 [INFO] CodeEngine:265 - oldGeneratedFile, E:\STM32CubeIDE\lab07\Core\Inc\tim.h_save
2025-09-05 12:29:12,008 [INFO] CodeEngine:289 - Generated code: E:\STM32CubeIDE\lab07\Core\Inc\tim.h
2025-09-05 12:29:12,016 [INFO] CodeEngine:265 - oldGeneratedFile, E:\STM32CubeIDE\lab07\Core\Src\usart.c_save
2025-09-05 12:29:12,149 [INFO] CodeEngine:289 - Generated code: E:\STM32CubeIDE\lab07\Core\Src\usart.c
2025-09-05 12:29:12,154 [INFO] CodeEngine:265 - oldGeneratedFile, E:\STM32CubeIDE\lab07\Core\Inc\usart.h_save
2025-09-05 12:29:12,196 [INFO] CodeEngine:289 - Generated code: E:\STM32CubeIDE\lab07\Core\Inc\usart.h
2025-09-05 12:29:12,203 [INFO] CodeEngine:265 - oldGeneratedFile, E:\STM32CubeIDE\lab07\Core\Src\usb_otg.c_save
2025-09-05 12:29:12,320 [INFO] CodeEngine:289 - Generated code: E:\STM32CubeIDE\lab07\Core\Src\usb_otg.c
2025-09-05 12:29:12,323 [INFO] CodeEngine:265 - oldGeneratedFile, E:\STM32CubeIDE\lab07\Core\Inc\usb_otg.h_save
2025-09-05 12:29:12,365 [INFO] CodeEngine:289 - Generated code: E:\STM32CubeIDE\lab07\Core\Inc\usb_otg.h
2025-09-05 12:29:12,373 [INFO] CodeEngine:265 - oldGeneratedFile, E:\STM32CubeIDE\lab07\Core\Src\stm32f7xx_it.c_save
2025-09-05 12:29:12,538 [INFO] CodeEngine:289 - Generated code: E:\STM32CubeIDE\lab07\Core\Src\stm32f7xx_it.c
2025-09-05 12:29:12,542 [INFO] CodeEngine:265 - oldGeneratedFile, E:\STM32CubeIDE\lab07\Core\Inc\stm32f7xx_it.h_save
2025-09-05 12:29:12,602 [INFO] CodeEngine:289 - Generated code: E:\STM32CubeIDE\lab07\Core\Inc\stm32f7xx_it.h
2025-09-05 12:29:12,612 [INFO] CodeEngine:265 - oldGeneratedFile, E:\STM32CubeIDE\lab07\Core\Src\stm32f7xx_hal_msp.c_save
2025-09-05 12:29:12,729 [INFO] CodeEngine:289 - Generated code: E:\STM32CubeIDE\lab07\Core\Src\stm32f7xx_hal_msp.c
2025-09-05 12:29:12,732 [INFO] CodeEngine:265 - oldGeneratedFile, E:\STM32CubeIDE\lab07\MXTmpFiles\system.tmp_save
2025-09-05 12:29:12,780 [INFO] CodeEngine:289 - Generated code: E:\STM32CubeIDE\lab07\MXTmpFiles\system.tmp
2025-09-05 12:29:12,792 [INFO] CodeEngine:321 - oldGeneratedFile, E:\STM32CubeIDE\lab07\Core\Inc\stm32f7xx_hal_conf.h_save
2025-09-05 12:29:12,898 [INFO] CodeEngine:345 - Generated code: E:\STM32CubeIDE\lab07\Core\Inc\stm32f7xx_hal_conf.h
2025-09-05 12:29:12,938 [INFO] CodeEngine:265 - oldGeneratedFile, E:\STM32CubeIDE\lab07\Core\Inc\main.h_save
2025-09-05 12:29:13,092 [INFO] CodeEngine:289 - Generated code: E:\STM32CubeIDE\lab07\Core\Inc\main.h
2025-09-05 12:29:13,095 [INFO] CodeEngine:265 - oldGeneratedFile, E:\STM32CubeIDE\lab07\Core\Src\main.c_save
2025-09-05 12:29:13,171 [INFO] CodeEngine:289 - Generated code: E:\STM32CubeIDE\lab07\Core\Src\main.c
2025-09-05 12:29:13,358 [INFO] ProjectBuilder:3606 - Time for Copy HAL[1] : 104mS.
2025-09-05 12:29:13,361 [INFO] ProjectBuilder:5216 - Project Generator version: 4.7.0-B52
2025-09-05 12:29:13,405 [INFO] ConfigFileManager:1595 - The Die is : DIE451
2025-09-05 12:29:14,055 [INFO] ProjectBuilder:5496 - Time for Generating toolchain IDE Files: 694mS.
2025-09-05 12:29:14,056 [INFO] ProjectBuilder:3463 - Time for Copy CMSIS : 0mS.
2025-09-05 12:29:14,058 [INFO] ProjectBuilder:3463 - Time for Copy CMSIS : 0mS.
2025-09-05 12:39:22,873 [INFO] UtilMem:75 - End SaveConfig() Used Memory: 541286528 Bytes (1073741824)
2025-09-05 12:39:23,311 [INFO] UtilMem:75 - End SaveConfig() Used Memory: 641423488 Bytes (1073741824)
2025-09-05 12:39:23,450 [INFO] BlockDiagram:2775 - set Specific Code input for plugin: TIM1_8F77
2025-09-05 12:39:23,450 [INFO] BlockDiagram:2775 - set Specific Code input for plugin: SYS
2025-09-05 12:39:23,450 [INFO] BlockDiagram:2775 - set Specific Code input for plugin: RCC
2025-09-05 12:39:23,450 [INFO] BlockDiagram:2775 - set Specific Code input for plugin: USB_OTG_FS
2025-09-05 12:39:23,450 [INFO] BlockDiagram:2775 - set Specific Code input for plugin: NVIC
2025-09-05 12:39:23,451 [INFO] BlockDiagram:2775 - set Specific Code input for plugin: USART
2025-09-05 12:39:23,451 [INFO] BlockDiagram:2775 - set Specific Code input for plugin: USART
2025-09-05 12:39:23,451 [INFO] BlockDiagram:2775 - set Specific Code input for plugin: GPIO
2025-09-05 12:39:23,452 [INFO] CodeGenerator:892 - code generatio: config db path: E:\STM32CubeIDE_1.19.0\STM32CubeIDE\plugins\com.st.stm32cube.common.mx_6.15.0.202507011659\\db\
2025-09-05 12:39:23,525 [INFO] CodeEngine:265 - oldGeneratedFile, E:\STM32CubeIDE\lab07\MXTmpFiles\license.tmp_save
2025-09-05 12:39:23,600 [INFO] CodeEngine:289 - Generated code: E:\STM32CubeIDE\lab07\MXTmpFiles\license.tmp
2025-09-05 12:39:23,645 [INFO] CodeEngine:265 - oldGeneratedFile, E:\STM32CubeIDE\lab07\Core\Src\gpio.c_save
2025-09-05 12:39:23,737 [INFO] CodeEngine:289 - Generated code: E:\STM32CubeIDE\lab07\Core\Src\gpio.c
2025-09-05 12:39:23,743 [INFO] CodeEngine:265 - oldGeneratedFile, E:\STM32CubeIDE\lab07\Core\Inc\gpio.h_save
2025-09-05 12:39:23,778 [INFO] CodeEngine:289 - Generated code: E:\STM32CubeIDE\lab07\Core\Inc\gpio.h
2025-09-05 12:39:24,032 [WARN] IPConfigManager:3238 - Warning: the RefConfig PWREx_EnableUSBVoltageDetector is not available in your config.xml file
2025-09-05 12:39:24,039 [INFO] CodeEngine:265 - oldGeneratedFile, E:\STM32CubeIDE\lab07\MXTmpFiles\cortex.tmp_save
2025-09-05 12:39:24,113 [INFO] CodeEngine:289 - Generated code: E:\STM32CubeIDE\lab07\MXTmpFiles\cortex.tmp
2025-09-05 12:39:24,121 [INFO] CodeEngine:265 - oldGeneratedFile, E:\STM32CubeIDE\lab07\Core\Src\tim.c_save
2025-09-05 12:39:24,233 [INFO] CodeEngine:289 - Generated code: E:\STM32CubeIDE\lab07\Core\Src\tim.c
2025-09-05 12:39:24,237 [INFO] CodeEngine:265 - oldGeneratedFile, E:\STM32CubeIDE\lab07\Core\Inc\tim.h_save
2025-09-05 12:39:24,272 [INFO] CodeEngine:289 - Generated code: E:\STM32CubeIDE\lab07\Core\Inc\tim.h
2025-09-05 12:39:24,277 [INFO] CodeEngine:265 - oldGeneratedFile, E:\STM32CubeIDE\lab07\Core\Src\usart.c_save
2025-09-05 12:39:24,364 [INFO] CodeEngine:289 - Generated code: E:\STM32CubeIDE\lab07\Core\Src\usart.c
2025-09-05 12:39:24,367 [INFO] CodeEngine:265 - oldGeneratedFile, E:\STM32CubeIDE\lab07\Core\Inc\usart.h_save
2025-09-05 12:39:24,420 [INFO] CodeEngine:289 - Generated code: E:\STM32CubeIDE\lab07\Core\Inc\usart.h
2025-09-05 12:39:24,429 [INFO] CodeEngine:265 - oldGeneratedFile, E:\STM32CubeIDE\lab07\Core\Src\usb_otg.c_save
2025-09-05 12:39:24,562 [INFO] CodeEngine:289 - Generated code: E:\STM32CubeIDE\lab07\Core\Src\usb_otg.c
2025-09-05 12:39:24,566 [INFO] CodeEngine:265 - oldGeneratedFile, E:\STM32CubeIDE\lab07\Core\Inc\usb_otg.h_save
2025-09-05 12:39:24,601 [INFO] CodeEngine:289 - Generated code: E:\STM32CubeIDE\lab07\Core\Inc\usb_otg.h
2025-09-05 12:39:24,608 [INFO] CodeEngine:265 - oldGeneratedFile, E:\STM32CubeIDE\lab07\Core\Src\stm32f7xx_it.c_save
2025-09-05 12:39:24,732 [INFO] CodeEngine:289 - Generated code: E:\STM32CubeIDE\lab07\Core\Src\stm32f7xx_it.c
2025-09-05 12:39:24,734 [INFO] CodeEngine:265 - oldGeneratedFile, E:\STM32CubeIDE\lab07\Core\Inc\stm32f7xx_it.h_save
2025-09-05 12:39:24,787 [INFO] CodeEngine:289 - Generated code: E:\STM32CubeIDE\lab07\Core\Inc\stm32f7xx_it.h
2025-09-05 12:39:24,795 [INFO] CodeEngine:265 - oldGeneratedFile, E:\STM32CubeIDE\lab07\Core\Src\stm32f7xx_hal_msp.c_save
2025-09-05 12:39:24,878 [INFO] CodeEngine:289 - Generated code: E:\STM32CubeIDE\lab07\Core\Src\stm32f7xx_hal_msp.c
2025-09-05 12:39:24,880 [INFO] CodeEngine:265 - oldGeneratedFile, E:\STM32CubeIDE\lab07\MXTmpFiles\system.tmp_save
2025-09-05 12:39:24,919 [INFO] CodeEngine:289 - Generated code: E:\STM32CubeIDE\lab07\MXTmpFiles\system.tmp
2025-09-05 12:39:24,926 [INFO] CodeEngine:321 - oldGeneratedFile, E:\STM32CubeIDE\lab07\Core\Inc\stm32f7xx_hal_conf.h_save
2025-09-05 12:39:25,024 [INFO] CodeEngine:345 - Generated code: E:\STM32CubeIDE\lab07\Core\Inc\stm32f7xx_hal_conf.h
2025-09-05 12:39:25,045 [INFO] CodeEngine:265 - oldGeneratedFile, E:\STM32CubeIDE\lab07\Core\Inc\main.h_save
2025-09-05 12:39:25,148 [INFO] CodeEngine:289 - Generated code: E:\STM32CubeIDE\lab07\Core\Inc\main.h
2025-09-05 12:39:25,151 [INFO] CodeEngine:265 - oldGeneratedFile, E:\STM32CubeIDE\lab07\Core\Src\main.c_save
2025-09-05 12:39:25,225 [INFO] CodeEngine:289 - Generated code: E:\STM32CubeIDE\lab07\Core\Src\main.c
2025-09-05 12:39:25,377 [INFO] ProjectBuilder:3606 - Time for Copy HAL[1] : 78mS.
2025-09-05 12:39:25,379 [INFO] ProjectBuilder:5216 - Project Generator version: 4.7.0-B52
2025-09-05 12:39:25,418 [INFO] ConfigFileManager:1595 - The Die is : DIE451
2025-09-05 12:39:25,850 [INFO] ProjectBuilder:5496 - Time for Generating toolchain IDE Files: 471mS.
2025-09-05 12:39:25,851 [INFO] ProjectBuilder:3463 - Time for Copy CMSIS : 0mS.
2025-09-05 12:39:25,853 [INFO] ProjectBuilder:3463 - Time for Copy CMSIS : 0mS.
2025-09-05 13:03:26,698 [INFO] NvicIntPanel:101 - NVIC parent = com.st.microxplorer.plugins.ip.nvic.MultiNvicIntPanel[,0,0,0x0,invalid,layout=javax.swing.BoxLayout,alignmentX=0.0,alignmentY=0.0,border=,flags=9,maximumSize=,minimumSize=,preferredSize=]
2025-09-05 13:03:32,064 [INFO] UtilMem:75 - End SaveConfig() Used Memory: 783747792 Bytes (1073741824)
2025-09-05 13:03:32,514 [INFO] UtilMem:75 - End SaveConfig() Used Memory: 846136016 Bytes (1073741824)
2025-09-05 13:03:32,778 [INFO] BlockDiagram:2775 - set Specific Code input for plugin: TIM1_8F77
2025-09-05 13:03:32,779 [INFO] BlockDiagram:2775 - set Specific Code input for plugin: SYS
2025-09-05 13:03:32,779 [INFO] BlockDiagram:2775 - set Specific Code input for plugin: RCC
2025-09-05 13:03:32,779 [INFO] BlockDiagram:2775 - set Specific Code input for plugin: USB_OTG_FS
2025-09-05 13:03:32,779 [INFO] BlockDiagram:2775 - set Specific Code input for plugin: NVIC
2025-09-05 13:03:32,779 [INFO] BlockDiagram:2775 - set Specific Code input for plugin: USART
2025-09-05 13:03:32,779 [INFO] BlockDiagram:2775 - set Specific Code input for plugin: USART
2025-09-05 13:03:32,780 [INFO] BlockDiagram:2775 - set Specific Code input for plugin: GPIO
2025-09-05 13:03:32,780 [INFO] CodeGenerator:892 - code generatio: config db path: E:\STM32CubeIDE_1.19.0\STM32CubeIDE\plugins\com.st.stm32cube.common.mx_6.15.0.202507011659\\db\
2025-09-05 13:03:32,899 [INFO] CodeEngine:265 - oldGeneratedFile, E:\STM32CubeIDE\lab07\MXTmpFiles\license.tmp_save
2025-09-05 13:03:33,095 [INFO] CodeEngine:289 - Generated code: E:\STM32CubeIDE\lab07\MXTmpFiles\license.tmp
2025-09-05 13:03:33,152 [INFO] CodeEngine:265 - oldGeneratedFile, E:\STM32CubeIDE\lab07\Core\Src\gpio.c_save
2025-09-05 13:03:33,271 [INFO] CodeEngine:289 - Generated code: E:\STM32CubeIDE\lab07\Core\Src\gpio.c
2025-09-05 13:03:33,276 [INFO] CodeEngine:265 - oldGeneratedFile, E:\STM32CubeIDE\lab07\Core\Inc\gpio.h_save
2025-09-05 13:03:33,329 [INFO] CodeEngine:289 - Generated code: E:\STM32CubeIDE\lab07\Core\Inc\gpio.h
2025-09-05 13:03:33,606 [WARN] IPConfigManager:3238 - Warning: the RefConfig PWREx_EnableUSBVoltageDetector is not available in your config.xml file
2025-09-05 13:03:33,615 [INFO] CodeEngine:265 - oldGeneratedFile, E:\STM32CubeIDE\lab07\MXTmpFiles\cortex.tmp_save
2025-09-05 13:03:33,710 [INFO] CodeEngine:289 - Generated code: E:\STM32CubeIDE\lab07\MXTmpFiles\cortex.tmp
2025-09-05 13:03:33,717 [INFO] CodeEngine:265 - oldGeneratedFile, E:\STM32CubeIDE\lab07\Core\Src\tim.c_save
2025-09-05 13:03:33,882 [INFO] CodeEngine:289 - Generated code: E:\STM32CubeIDE\lab07\Core\Src\tim.c
2025-09-05 13:03:33,886 [INFO] CodeEngine:265 - oldGeneratedFile, E:\STM32CubeIDE\lab07\Core\Inc\tim.h_save
2025-09-05 13:03:33,936 [INFO] CodeEngine:289 - Generated code: E:\STM32CubeIDE\lab07\Core\Inc\tim.h
2025-09-05 13:03:33,946 [INFO] CodeEngine:265 - oldGeneratedFile, E:\STM32CubeIDE\lab07\Core\Src\usart.c_save
2025-09-05 13:03:34,057 [INFO] CodeEngine:289 - Generated code: E:\STM32CubeIDE\lab07\Core\Src\usart.c
2025-09-05 13:03:34,061 [INFO] CodeEngine:265 - oldGeneratedFile, E:\STM32CubeIDE\lab07\Core\Inc\usart.h_save
2025-09-05 13:03:34,107 [INFO] CodeEngine:289 - Generated code: E:\STM32CubeIDE\lab07\Core\Inc\usart.h
2025-09-05 13:03:34,115 [INFO] CodeEngine:265 - oldGeneratedFile, E:\STM32CubeIDE\lab07\Core\Src\usb_otg.c_save
2025-09-05 13:03:34,218 [INFO] CodeEngine:289 - Generated code: E:\STM32CubeIDE\lab07\Core\Src\usb_otg.c
2025-09-05 13:03:34,221 [INFO] CodeEngine:265 - oldGeneratedFile, E:\STM32CubeIDE\lab07\Core\Inc\usb_otg.h_save
2025-09-05 13:03:34,266 [INFO] CodeEngine:289 - Generated code: E:\STM32CubeIDE\lab07\Core\Inc\usb_otg.h
2025-09-05 13:03:34,276 [INFO] CodeEngine:265 - oldGeneratedFile, E:\STM32CubeIDE\lab07\Core\Src\stm32f7xx_it.c_save
2025-09-05 13:03:34,404 [INFO] CodeEngine:289 - Generated code: E:\STM32CubeIDE\lab07\Core\Src\stm32f7xx_it.c
2025-09-05 13:03:34,407 [INFO] CodeEngine:265 - oldGeneratedFile, E:\STM32CubeIDE\lab07\Core\Inc\stm32f7xx_it.h_save
2025-09-05 13:03:34,463 [INFO] CodeEngine:289 - Generated code: E:\STM32CubeIDE\lab07\Core\Inc\stm32f7xx_it.h
2025-09-05 13:03:34,472 [INFO] CodeEngine:265 - oldGeneratedFile, E:\STM32CubeIDE\lab07\Core\Src\stm32f7xx_hal_msp.c_save
2025-09-05 13:03:34,569 [INFO] CodeEngine:289 - Generated code: E:\STM32CubeIDE\lab07\Core\Src\stm32f7xx_hal_msp.c
2025-09-05 13:03:34,572 [INFO] CodeEngine:265 - oldGeneratedFile, E:\STM32CubeIDE\lab07\MXTmpFiles\system.tmp_save
2025-09-05 13:03:34,622 [INFO] CodeEngine:289 - Generated code: E:\STM32CubeIDE\lab07\MXTmpFiles\system.tmp
2025-09-05 13:03:34,633 [INFO] CodeEngine:321 - oldGeneratedFile, E:\STM32CubeIDE\lab07\Core\Inc\stm32f7xx_hal_conf.h_save
2025-09-05 13:03:34,784 [INFO] CodeEngine:345 - Generated code: E:\STM32CubeIDE\lab07\Core\Inc\stm32f7xx_hal_conf.h
2025-09-05 13:03:34,818 [INFO] CodeEngine:265 - oldGeneratedFile, E:\STM32CubeIDE\lab07\Core\Inc\main.h_save
2025-09-05 13:03:34,936 [INFO] CodeEngine:289 - Generated code: E:\STM32CubeIDE\lab07\Core\Inc\main.h
2025-09-05 13:03:34,940 [INFO] CodeEngine:265 - oldGeneratedFile, E:\STM32CubeIDE\lab07\Core\Src\main.c_save
2025-09-05 13:03:35,027 [INFO] CodeEngine:289 - Generated code: E:\STM32CubeIDE\lab07\Core\Src\main.c
2025-09-05 13:03:35,236 [INFO] ProjectBuilder:3606 - Time for Copy HAL[1] : 118mS.
2025-09-05 13:03:35,238 [INFO] ProjectBuilder:5216 - Project Generator version: 4.7.0-B52
2025-09-05 13:03:35,289 [INFO] ConfigFileManager:1595 - The Die is : DIE451
2025-09-05 13:03:35,811 [INFO] ProjectBuilder:5496 - Time for Generating toolchain IDE Files: 572mS.
2025-09-05 13:03:35,812 [INFO] ProjectBuilder:3463 - Time for Copy CMSIS : 1mS.
2025-09-05 13:03:35,814 [INFO] ProjectBuilder:3463 - Time for Copy CMSIS : 0mS.
2025-09-05 13:04:58,349 [INFO] NvicIntPanel:101 - NVIC parent = com.st.microxplorer.plugins.ip.nvic.MultiNvicIntPanel[,0,0,0x0,invalid,layout=javax.swing.BoxLayout,alignmentX=0.0,alignmentY=0.0,border=,flags=9,maximumSize=,minimumSize=,preferredSize=]
2025-09-05 13:05:00,692 [INFO] NvicIntPanel:101 - NVIC parent = com.st.microxplorer.plugins.ip.nvic.MultiNvicIntPanel[,0,0,0x0,invalid,layout=javax.swing.BoxLayout,alignmentX=0.0,alignmentY=0.0,border=,flags=9,maximumSize=,minimumSize=,preferredSize=]
2025-09-05 13:05:01,575 [INFO] NvicIntPanel:101 - NVIC parent = com.st.microxplorer.plugins.ip.nvic.MultiNvicIntPanel[,0,0,0x0,invalid,layout=javax.swing.BoxLayout,alignmentX=0.0,alignmentY=0.0,border=,flags=9,maximumSize=,minimumSize=,preferredSize=]
2025-09-05 13:05:02,996 [INFO] NvicIntPanel:101 - NVIC parent = com.st.microxplorer.plugins.ip.nvic.MultiNvicIntPanel[,0,0,0x0,invalid,layout=javax.swing.BoxLayout,alignmentX=0.0,alignmentY=0.0,border=,flags=9,maximumSize=,minimumSize=,preferredSize=]
2025-09-05 13:05:04,905 [INFO] UtilMem:75 - End SaveConfig() Used Memory: 461225520 Bytes (1073741824)
2025-09-05 13:05:04,992 [INFO] UtilMem:75 - End SaveConfig() Used Memory: 394202560 Bytes (1073741824)
2025-09-05 13:05:05,426 [INFO] UtilMem:75 - End SaveConfig() Used Memory: 447153600 Bytes (1073741824)
2025-09-05 13:05:05,635 [INFO] BlockDiagram:2775 - set Specific Code input for plugin: TIM1_8F77
2025-09-05 13:05:05,635 [INFO] BlockDiagram:2775 - set Specific Code input for plugin: SYS
2025-09-05 13:05:05,635 [INFO] BlockDiagram:2775 - set Specific Code input for plugin: RCC
2025-09-05 13:05:05,635 [INFO] BlockDiagram:2775 - set Specific Code input for plugin: USB_OTG_FS
2025-09-05 13:05:05,635 [INFO] BlockDiagram:2775 - set Specific Code input for plugin: NVIC
2025-09-05 13:05:05,635 [INFO] BlockDiagram:2775 - set Specific Code input for plugin: USART
2025-09-05 13:05:05,635 [INFO] BlockDiagram:2775 - set Specific Code input for plugin: USART
2025-09-05 13:05:05,635 [INFO] BlockDiagram:2775 - set Specific Code input for plugin: GPIO
2025-09-05 13:05:05,636 [INFO] CodeGenerator:892 - code generatio: config db path: E:\STM32CubeIDE_1.19.0\STM32CubeIDE\plugins\com.st.stm32cube.common.mx_6.15.0.202507011659\\db\
2025-09-05 13:05:05,704 [INFO] CodeEngine:265 - oldGeneratedFile, E:\STM32CubeIDE\lab07\MXTmpFiles\license.tmp_save
2025-09-05 13:05:05,770 [INFO] CodeEngine:289 - Generated code: E:\STM32CubeIDE\lab07\MXTmpFiles\license.tmp
2025-09-05 13:05:05,807 [INFO] CodeEngine:265 - oldGeneratedFile, E:\STM32CubeIDE\lab07\Core\Src\gpio.c_save
2025-09-05 13:05:05,890 [INFO] CodeEngine:289 - Generated code: E:\STM32CubeIDE\lab07\Core\Src\gpio.c
2025-09-05 13:05:05,894 [INFO] CodeEngine:265 - oldGeneratedFile, E:\STM32CubeIDE\lab07\Core\Inc\gpio.h_save
2025-09-05 13:05:05,932 [INFO] CodeEngine:289 - Generated code: E:\STM32CubeIDE\lab07\Core\Inc\gpio.h
2025-09-05 13:05:06,149 [WARN] IPConfigManager:3238 - Warning: the RefConfig PWREx_EnableUSBVoltageDetector is not available in your config.xml file
2025-09-05 13:05:06,156 [INFO] CodeEngine:265 - oldGeneratedFile, E:\STM32CubeIDE\lab07\MXTmpFiles\cortex.tmp_save
2025-09-05 13:05:06,226 [INFO] CodeEngine:289 - Generated code: E:\STM32CubeIDE\lab07\MXTmpFiles\cortex.tmp
2025-09-05 13:05:06,232 [INFO] CodeEngine:265 - oldGeneratedFile, E:\STM32CubeIDE\lab07\Core\Src\tim.c_save
2025-09-05 13:05:06,353 [INFO] CodeEngine:289 - Generated code: E:\STM32CubeIDE\lab07\Core\Src\tim.c
2025-09-05 13:05:06,356 [INFO] CodeEngine:265 - oldGeneratedFile, E:\STM32CubeIDE\lab07\Core\Inc\tim.h_save
2025-09-05 13:05:06,395 [INFO] CodeEngine:289 - Generated code: E:\STM32CubeIDE\lab07\Core\Inc\tim.h
2025-09-05 13:05:06,401 [INFO] CodeEngine:265 - oldGeneratedFile, E:\STM32CubeIDE\lab07\Core\Src\usart.c_save
2025-09-05 13:05:06,487 [INFO] CodeEngine:289 - Generated code: E:\STM32CubeIDE\lab07\Core\Src\usart.c
2025-09-05 13:05:06,492 [INFO] CodeEngine:265 - oldGeneratedFile, E:\STM32CubeIDE\lab07\Core\Inc\usart.h_save
2025-09-05 13:05:06,527 [INFO] CodeEngine:289 - Generated code: E:\STM32CubeIDE\lab07\Core\Inc\usart.h
2025-09-05 13:05:06,533 [INFO] CodeEngine:265 - oldGeneratedFile, E:\STM32CubeIDE\lab07\Core\Src\usb_otg.c_save
2025-09-05 13:05:06,619 [INFO] CodeEngine:289 - Generated code: E:\STM32CubeIDE\lab07\Core\Src\usb_otg.c
2025-09-05 13:05:06,622 [INFO] CodeEngine:265 - oldGeneratedFile, E:\STM32CubeIDE\lab07\Core\Inc\usb_otg.h_save
2025-09-05 13:05:06,658 [INFO] CodeEngine:289 - Generated code: E:\STM32CubeIDE\lab07\Core\Inc\usb_otg.h
2025-09-05 13:05:06,665 [INFO] CodeEngine:265 - oldGeneratedFile, E:\STM32CubeIDE\lab07\Core\Src\stm32f7xx_it.c_save
2025-09-05 13:05:06,740 [INFO] CodeEngine:289 - Generated code: E:\STM32CubeIDE\lab07\Core\Src\stm32f7xx_it.c
2025-09-05 13:05:06,743 [INFO] CodeEngine:265 - oldGeneratedFile, E:\STM32CubeIDE\lab07\Core\Inc\stm32f7xx_it.h_save
2025-09-05 13:05:06,787 [INFO] CodeEngine:289 - Generated code: E:\STM32CubeIDE\lab07\Core\Inc\stm32f7xx_it.h
2025-09-05 13:05:06,796 [INFO] CodeEngine:265 - oldGeneratedFile, E:\STM32CubeIDE\lab07\Core\Src\stm32f7xx_hal_msp.c_save
2025-09-05 13:05:06,884 [INFO] CodeEngine:289 - Generated code: E:\STM32CubeIDE\lab07\Core\Src\stm32f7xx_hal_msp.c
2025-09-05 13:05:06,887 [INFO] CodeEngine:265 - oldGeneratedFile, E:\STM32CubeIDE\lab07\MXTmpFiles\system.tmp_save
2025-09-05 13:05:06,922 [INFO] CodeEngine:289 - Generated code: E:\STM32CubeIDE\lab07\MXTmpFiles\system.tmp
2025-09-05 13:05:06,929 [INFO] CodeEngine:321 - oldGeneratedFile, E:\STM32CubeIDE\lab07\Core\Inc\stm32f7xx_hal_conf.h_save
2025-09-05 13:05:07,041 [INFO] CodeEngine:345 - Generated code: E:\STM32CubeIDE\lab07\Core\Inc\stm32f7xx_hal_conf.h
2025-09-05 13:05:07,065 [INFO] CodeEngine:265 - oldGeneratedFile, E:\STM32CubeIDE\lab07\Core\Inc\main.h_save
2025-09-05 13:05:07,141 [INFO] CodeEngine:289 - Generated code: E:\STM32CubeIDE\lab07\Core\Inc\main.h
2025-09-05 13:05:07,144 [INFO] CodeEngine:265 - oldGeneratedFile, E:\STM32CubeIDE\lab07\Core\Src\main.c_save
2025-09-05 13:05:07,211 [INFO] CodeEngine:289 - Generated code: E:\STM32CubeIDE\lab07\Core\Src\main.c
2025-09-05 13:05:07,369 [INFO] ProjectBuilder:3606 - Time for Copy HAL[1] : 86mS.
2025-09-05 13:05:07,371 [INFO] ProjectBuilder:5216 - Project Generator version: 4.7.0-B52
2025-09-05 13:05:07,411 [INFO] ConfigFileManager:1595 - The Die is : DIE451
2025-09-05 13:05:07,770 [INFO] ProjectBuilder:5496 - Time for Generating toolchain IDE Files: 400mS.
2025-09-05 13:05:07,771 [INFO] ProjectBuilder:3463 - Time for Copy CMSIS : 1mS.
2025-09-05 13:05:07,772 [INFO] ProjectBuilder:3463 - Time for Copy CMSIS : 0mS.
2025-09-05 13:05:14,827 [INFO] UtilMem:75 - End SaveConfig() Used Memory: 856012336 Bytes (1073741824)
2025-09-05 13:05:15,021 [INFO] BlockDiagram:2775 - set Specific Code input for plugin: TIM1_8F77
2025-09-05 13:05:15,021 [INFO] BlockDiagram:2775 - set Specific Code input for plugin: SYS
2025-09-05 13:05:15,021 [INFO] BlockDiagram:2775 - set Specific Code input for plugin: RCC
2025-09-05 13:05:15,021 [INFO] BlockDiagram:2775 - set Specific Code input for plugin: USB_OTG_FS
2025-09-05 13:05:15,021 [INFO] BlockDiagram:2775 - set Specific Code input for plugin: NVIC
2025-09-05 13:05:15,021 [INFO] BlockDiagram:2775 - set Specific Code input for plugin: USART
2025-09-05 13:05:15,021 [INFO] BlockDiagram:2775 - set Specific Code input for plugin: USART
2025-09-05 13:05:15,022 [INFO] BlockDiagram:2775 - set Specific Code input for plugin: GPIO
2025-09-05 13:05:15,023 [INFO] CodeGenerator:892 - code generatio: config db path: E:\STM32CubeIDE_1.19.0\STM32CubeIDE\plugins\com.st.stm32cube.common.mx_6.15.0.202507011659\\db\
2025-09-05 13:05:15,110 [INFO] CodeEngine:265 - oldGeneratedFile, E:\STM32CubeIDE\lab07\MXTmpFiles\license.tmp_save
2025-09-05 13:05:15,178 [INFO] CodeEngine:289 - Generated code: E:\STM32CubeIDE\lab07\MXTmpFiles\license.tmp
2025-09-05 13:05:15,216 [INFO] CodeEngine:265 - oldGeneratedFile, E:\STM32CubeIDE\lab07\Core\Src\gpio.c_save
2025-09-05 13:05:15,291 [INFO] CodeEngine:289 - Generated code: E:\STM32CubeIDE\lab07\Core\Src\gpio.c
2025-09-05 13:05:15,295 [INFO] CodeEngine:265 - oldGeneratedFile, E:\STM32CubeIDE\lab07\Core\Inc\gpio.h_save
2025-09-05 13:05:15,331 [INFO] CodeEngine:289 - Generated code: E:\STM32CubeIDE\lab07\Core\Inc\gpio.h
2025-09-05 13:05:15,538 [WARN] IPConfigManager:3238 - Warning: the RefConfig PWREx_EnableUSBVoltageDetector is not available in your config.xml file
2025-09-05 13:05:15,545 [INFO] CodeEngine:265 - oldGeneratedFile, E:\STM32CubeIDE\lab07\MXTmpFiles\cortex.tmp_save
2025-09-05 13:05:15,616 [INFO] CodeEngine:289 - Generated code: E:\STM32CubeIDE\lab07\MXTmpFiles\cortex.tmp
2025-09-05 13:05:15,624 [INFO] CodeEngine:265 - oldGeneratedFile, E:\STM32CubeIDE\lab07\Core\Src\tim.c_save
2025-09-05 13:05:15,713 [INFO] CodeEngine:289 - Generated code: E:\STM32CubeIDE\lab07\Core\Src\tim.c
2025-09-05 13:05:15,716 [INFO] CodeEngine:265 - oldGeneratedFile, E:\STM32CubeIDE\lab07\Core\Inc\tim.h_save
2025-09-05 13:05:15,754 [INFO] CodeEngine:289 - Generated code: E:\STM32CubeIDE\lab07\Core\Inc\tim.h
2025-09-05 13:05:15,760 [INFO] CodeEngine:265 - oldGeneratedFile, E:\STM32CubeIDE\lab07\Core\Src\usart.c_save
2025-09-05 13:05:15,848 [INFO] CodeEngine:289 - Generated code: E:\STM32CubeIDE\lab07\Core\Src\usart.c
2025-09-05 13:05:15,851 [INFO] CodeEngine:265 - oldGeneratedFile, E:\STM32CubeIDE\lab07\Core\Inc\usart.h_save
2025-09-05 13:05:15,890 [INFO] CodeEngine:289 - Generated code: E:\STM32CubeIDE\lab07\Core\Inc\usart.h
2025-09-05 13:05:15,899 [INFO] CodeEngine:265 - oldGeneratedFile, E:\STM32CubeIDE\lab07\Core\Src\usb_otg.c_save
2025-09-05 13:05:15,988 [INFO] CodeEngine:289 - Generated code: E:\STM32CubeIDE\lab07\Core\Src\usb_otg.c
2025-09-05 13:05:15,992 [INFO] CodeEngine:265 - oldGeneratedFile, E:\STM32CubeIDE\lab07\Core\Inc\usb_otg.h_save
2025-09-05 13:05:16,034 [INFO] CodeEngine:289 - Generated code: E:\STM32CubeIDE\lab07\Core\Inc\usb_otg.h
2025-09-05 13:05:16,041 [INFO] CodeEngine:265 - oldGeneratedFile, E:\STM32CubeIDE\lab07\Core\Src\stm32f7xx_it.c_save
2025-09-05 13:05:16,125 [INFO] CodeEngine:289 - Generated code: E:\STM32CubeIDE\lab07\Core\Src\stm32f7xx_it.c
2025-09-05 13:05:16,128 [INFO] CodeEngine:265 - oldGeneratedFile, E:\STM32CubeIDE\lab07\Core\Inc\stm32f7xx_it.h_save
2025-09-05 13:05:16,173 [INFO] CodeEngine:289 - Generated code: E:\STM32CubeIDE\lab07\Core\Inc\stm32f7xx_it.h
2025-09-05 13:05:16,181 [INFO] CodeEngine:265 - oldGeneratedFile, E:\STM32CubeIDE\lab07\Core\Src\stm32f7xx_hal_msp.c_save
2025-09-05 13:05:16,279 [INFO] CodeEngine:289 - Generated code: E:\STM32CubeIDE\lab07\Core\Src\stm32f7xx_hal_msp.c
2025-09-05 13:05:16,283 [INFO] CodeEngine:265 - oldGeneratedFile, E:\STM32CubeIDE\lab07\MXTmpFiles\system.tmp_save
2025-09-05 13:05:16,318 [INFO] CodeEngine:289 - Generated code: E:\STM32CubeIDE\lab07\MXTmpFiles\system.tmp
2025-09-05 13:05:16,325 [INFO] CodeEngine:321 - oldGeneratedFile, E:\STM32CubeIDE\lab07\Core\Inc\stm32f7xx_hal_conf.h_save
2025-09-05 13:05:16,439 [INFO] CodeEngine:345 - Generated code: E:\STM32CubeIDE\lab07\Core\Inc\stm32f7xx_hal_conf.h
2025-09-05 13:05:16,465 [INFO] CodeEngine:265 - oldGeneratedFile, E:\STM32CubeIDE\lab07\Core\Inc\main.h_save
2025-09-05 13:05:16,565 [INFO] CodeEngine:289 - Generated code: E:\STM32CubeIDE\lab07\Core\Inc\main.h
2025-09-05 13:05:16,569 [INFO] CodeEngine:265 - oldGeneratedFile, E:\STM32CubeIDE\lab07\Core\Src\main.c_save
2025-09-05 13:05:16,632 [INFO] CodeEngine:289 - Generated code: E:\STM32CubeIDE\lab07\Core\Src\main.c
2025-09-05 13:05:16,850 [INFO] ProjectBuilder:3606 - Time for Copy HAL[1] : 94mS.
2025-09-05 13:05:16,851 [INFO] ProjectBuilder:5216 - Project Generator version: 4.7.0-B52
2025-09-05 13:05:16,892 [INFO] ConfigFileManager:1595 - The Die is : DIE451
2025-09-05 13:05:17,257 [INFO] ProjectBuilder:5496 - Time for Generating toolchain IDE Files: 406mS.
2025-09-05 13:05:17,258 [INFO] ProjectBuilder:3463 - Time for Copy CMSIS : 1mS.
2025-09-05 13:05:17,259 [INFO] ProjectBuilder:3463 - Time for Copy CMSIS : 0mS.
2025-09-05 13:07:59,680 [INFO] NvicIntPanel:101 - NVIC parent = com.st.microxplorer.plugins.ip.nvic.MultiNvicIntPanel[,0,0,0x0,invalid,layout=javax.swing.BoxLayout,alignmentX=0.0,alignmentY=0.0,border=,flags=9,maximumSize=,minimumSize=,preferredSize=]
2025-09-05 13:08:01,415 [INFO] NvicIntPanel:101 - NVIC parent = com.st.microxplorer.plugins.ip.nvic.MultiNvicIntPanel[,0,0,0x0,invalid,layout=javax.swing.BoxLayout,alignmentX=0.0,alignmentY=0.0,border=,flags=9,maximumSize=,minimumSize=,preferredSize=]
2025-09-05 13:08:03,526 [INFO] NvicIntPanel:101 - NVIC parent = com.st.microxplorer.plugins.ip.nvic.MultiNvicIntPanel[,0,0,0x0,invalid,layout=javax.swing.BoxLayout,alignmentX=0.0,alignmentY=0.0,border=,flags=9,maximumSize=,minimumSize=,preferredSize=]
2025-09-05 13:08:08,276 [INFO] UtilMem:75 - End SaveConfig() Used Memory: 601455480 Bytes (1073741824)
2025-09-05 13:08:08,609 [INFO] UtilMem:75 - End SaveConfig() Used Memory: 648119160 Bytes (1073741824)
2025-09-05 13:08:08,744 [INFO] BlockDiagram:2775 - set Specific Code input for plugin: TIM1_8F77
2025-09-05 13:08:08,744 [INFO] BlockDiagram:2775 - set Specific Code input for plugin: SYS
2025-09-05 13:08:08,744 [INFO] BlockDiagram:2775 - set Specific Code input for plugin: RCC
2025-09-05 13:08:08,744 [INFO] BlockDiagram:2775 - set Specific Code input for plugin: USB_OTG_FS
2025-09-05 13:08:08,744 [INFO] BlockDiagram:2775 - set Specific Code input for plugin: NVIC
2025-09-05 13:08:08,744 [INFO] BlockDiagram:2775 - set Specific Code input for plugin: USART
2025-09-05 13:08:08,745 [INFO] BlockDiagram:2775 - set Specific Code input for plugin: USART
2025-09-05 13:08:08,745 [INFO] BlockDiagram:2775 - set Specific Code input for plugin: GPIO
2025-09-05 13:08:08,745 [INFO] CodeGenerator:892 - code generatio: config db path: E:\STM32CubeIDE_1.19.0\STM32CubeIDE\plugins\com.st.stm32cube.common.mx_6.15.0.202507011659\\db\
2025-09-05 13:08:08,810 [INFO] CodeEngine:265 - oldGeneratedFile, E:\STM32CubeIDE\lab07\MXTmpFiles\license.tmp_save
2025-09-05 13:08:08,876 [INFO] CodeEngine:289 - Generated code: E:\STM32CubeIDE\lab07\MXTmpFiles\license.tmp
2025-09-05 13:08:08,908 [INFO] CodeEngine:265 - oldGeneratedFile, E:\STM32CubeIDE\lab07\Core\Src\gpio.c_save
2025-09-05 13:08:08,981 [INFO] CodeEngine:289 - Generated code: E:\STM32CubeIDE\lab07\Core\Src\gpio.c
2025-09-05 13:08:08,993 [INFO] CodeEngine:265 - oldGeneratedFile, E:\STM32CubeIDE\lab07\Core\Inc\gpio.h_save
2025-09-05 13:08:09,027 [INFO] CodeEngine:289 - Generated code: E:\STM32CubeIDE\lab07\Core\Inc\gpio.h
2025-09-05 13:08:09,226 [WARN] IPConfigManager:3238 - Warning: the RefConfig PWREx_EnableUSBVoltageDetector is not available in your config.xml file
2025-09-05 13:08:09,232 [INFO] CodeEngine:265 - oldGeneratedFile, E:\STM32CubeIDE\lab07\MXTmpFiles\cortex.tmp_save
2025-09-05 13:08:09,301 [INFO] CodeEngine:289 - Generated code: E:\STM32CubeIDE\lab07\MXTmpFiles\cortex.tmp
2025-09-05 13:08:09,306 [INFO] CodeEngine:265 - oldGeneratedFile, E:\STM32CubeIDE\lab07\Core\Src\tim.c_save
2025-09-05 13:08:09,415 [INFO] CodeEngine:289 - Generated code: E:\STM32CubeIDE\lab07\Core\Src\tim.c
2025-09-05 13:08:09,419 [INFO] CodeEngine:265 - oldGeneratedFile, E:\STM32CubeIDE\lab07\Core\Inc\tim.h_save
2025-09-05 13:08:09,454 [INFO] CodeEngine:289 - Generated code: E:\STM32CubeIDE\lab07\Core\Inc\tim.h
2025-09-05 13:08:09,460 [INFO] CodeEngine:265 - oldGeneratedFile, E:\STM32CubeIDE\lab07\Core\Src\usart.c_save
2025-09-05 13:08:09,544 [INFO] CodeEngine:289 - Generated code: E:\STM32CubeIDE\lab07\Core\Src\usart.c
2025-09-05 13:08:09,547 [INFO] CodeEngine:265 - oldGeneratedFile, E:\STM32CubeIDE\lab07\Core\Inc\usart.h_save
2025-09-05 13:08:09,582 [INFO] CodeEngine:289 - Generated code: E:\STM32CubeIDE\lab07\Core\Inc\usart.h
2025-09-05 13:08:09,587 [INFO] CodeEngine:265 - oldGeneratedFile, E:\STM32CubeIDE\lab07\Core\Src\usb_otg.c_save
2025-09-05 13:08:09,668 [INFO] CodeEngine:289 - Generated code: E:\STM32CubeIDE\lab07\Core\Src\usb_otg.c
2025-09-05 13:08:09,671 [INFO] CodeEngine:265 - oldGeneratedFile, E:\STM32CubeIDE\lab07\Core\Inc\usb_otg.h_save
2025-09-05 13:08:09,706 [INFO] CodeEngine:289 - Generated code: E:\STM32CubeIDE\lab07\Core\Inc\usb_otg.h
2025-09-05 13:08:09,712 [INFO] CodeEngine:265 - oldGeneratedFile, E:\STM32CubeIDE\lab07\Core\Src\stm32f7xx_it.c_save
2025-09-05 13:08:09,785 [INFO] CodeEngine:289 - Generated code: E:\STM32CubeIDE\lab07\Core\Src\stm32f7xx_it.c
2025-09-05 13:08:09,787 [INFO] CodeEngine:265 - oldGeneratedFile, E:\STM32CubeIDE\lab07\Core\Inc\stm32f7xx_it.h_save
2025-09-05 13:08:09,829 [INFO] CodeEngine:289 - Generated code: E:\STM32CubeIDE\lab07\Core\Inc\stm32f7xx_it.h
2025-09-05 13:08:09,837 [INFO] CodeEngine:265 - oldGeneratedFile, E:\STM32CubeIDE\lab07\Core\Src\stm32f7xx_hal_msp.c_save
2025-09-05 13:08:09,921 [INFO] CodeEngine:289 - Generated code: E:\STM32CubeIDE\lab07\Core\Src\stm32f7xx_hal_msp.c
2025-09-05 13:08:09,923 [INFO] CodeEngine:265 - oldGeneratedFile, E:\STM32CubeIDE\lab07\MXTmpFiles\system.tmp_save
2025-09-05 13:08:09,956 [INFO] CodeEngine:289 - Generated code: E:\STM32CubeIDE\lab07\MXTmpFiles\system.tmp
2025-09-05 13:08:09,962 [INFO] CodeEngine:321 - oldGeneratedFile, E:\STM32CubeIDE\lab07\Core\Inc\stm32f7xx_hal_conf.h_save
2025-09-05 13:08:10,057 [INFO] CodeEngine:345 - Generated code: E:\STM32CubeIDE\lab07\Core\Inc\stm32f7xx_hal_conf.h
2025-09-05 13:08:10,078 [INFO] CodeEngine:265 - oldGeneratedFile, E:\STM32CubeIDE\lab07\Core\Inc\main.h_save
2025-09-05 13:08:10,150 [INFO] CodeEngine:289 - Generated code: E:\STM32CubeIDE\lab07\Core\Inc\main.h
2025-09-05 13:08:10,153 [INFO] CodeEngine:265 - oldGeneratedFile, E:\STM32CubeIDE\lab07\Core\Src\main.c_save
2025-09-05 13:08:10,209 [INFO] CodeEngine:289 - Generated code: E:\STM32CubeIDE\lab07\Core\Src\main.c
2025-09-05 13:08:10,420 [INFO] ProjectBuilder:3606 - Time for Copy HAL[1] : 90mS.
2025-09-05 13:08:10,422 [INFO] ProjectBuilder:5216 - Project Generator version: 4.7.0-B52
2025-09-05 13:08:10,461 [INFO] ConfigFileManager:1595 - The Die is : DIE451
2025-09-05 13:08:10,763 [INFO] ProjectBuilder:5496 - Time for Generating toolchain IDE Files: 341mS.
2025-09-05 13:08:10,764 [INFO] ProjectBuilder:3463 - Time for Copy CMSIS : 1mS.
2025-09-05 13:08:10,765 [INFO] ProjectBuilder:3463 - Time for Copy CMSIS : 0mS.
2025-09-05 13:13:47,438 [ERROR] LogOutputStream:75 - [STDERR_REDIRECT] 
