2025-08-19 08:59:58,129 [INFO] Activator:176 - 


2025-08-19 08:59:58,133 [INFO] Activator:177 - !SESSION log4j initialized
2025-08-19 09:00:03,074 [INFO] LogOutputStream:77 - [STDOUT_REDIRECT] 
2025-08-19 09:00:09,632 [INFO] ApplicationProperties:184 - Using Application install path: E:\STM32CubeIDE_1.19.0\STM32CubeIDE\plugins\com.st.stm32cube.common.mx_6.15.0.202507011659
2025-08-19 09:00:09,646 [INFO] DbMcusXml:78 - Set database path to: E:\STM32CubeIDE_1.19.0\STM32CubeIDE\plugins\com.st.stm32cube.common.mx_6.15.0.202507011659\\db\/mcu/
2025-08-19 09:00:09,647 [INFO] ApiDb:274 - Set plugin database path to: E:\STM32CubeIDE_1.19.0\STM32CubeIDE\plugins\com.st.stm32cube.common.mx_6.15.0.202507011659\\db\/plugins/boardmanager/
2025-08-19 09:00:09,647 [WARN] ApiDb:259 - Overriding images path with different value:  => E:\STM32CubeIDE_1.19.0\STM32CubeIDE\plugins\com.st.stm32cube.common.mx_6.15.0.202507011659\\db\/plugins/mcufinder/images/
2025-08-19 09:00:09,659 [INFO] ApiDb:250 - Set database path to: C:\Users\nphis\.stmcufinder\plugins\mcufinder//mcu/
2025-08-19 09:00:09,660 [INFO] DbMcusAds:125 - Set database path to: C:\Users\nphis\.stmcufinder\plugins\mcufinder//mcu/
2025-08-19 09:00:09,662 [INFO] CrossReferenceDbSqlite:203 - Set database path to: C:\Users\nphis\.stmcufinder\plugins\mcufinder//mcu/cs/
2025-08-19 09:00:09,756 [INFO] RulesReader:64 - Compatibility file has been processed (317 Rules)
2025-08-19 09:00:09,817 [INFO] DbMcusXml:78 - Set database path to: E:\STM32CubeIDE_1.19.0\STM32CubeIDE\plugins\com.st.stm32cube.common.mx_6.15.0.202507011659\\db\/mcu/
2025-08-19 09:00:09,817 [INFO] ApiDb:274 - Set plugin database path to: E:\STM32CubeIDE_1.19.0\STM32CubeIDE\plugins\com.st.stm32cube.common.mx_6.15.0.202507011659\\db\/plugins/boardmanager/
2025-08-19 09:00:09,817 [INFO] ApiDb:261 - Set plugin images path to: E:\STM32CubeIDE_1.19.0\STM32CubeIDE\plugins\com.st.stm32cube.common.mx_6.15.0.202507011659\\db\/plugins/mcufinder/images/
2025-08-19 09:00:09,817 [WARN] DbFile:41 - Overriding database path with different value: C:\Users\nphis\.stmcufinder\plugins\mcufinder/ => C:\Users\nphis\.stmcufinder\plugins\mcufinder
2025-08-19 09:00:09,818 [INFO] ApiDb:250 - Set database path to: C:\Users\nphis\.stmcufinder\plugins\mcufinder//mcu/
2025-08-19 09:00:09,818 [WARN] DbFile:41 - Overriding database path with different value: C:\Users\nphis\.stmcufinder\plugins\mcufinder/ => C:\Users\nphis\.stmcufinder\plugins\mcufinder
2025-08-19 09:00:09,818 [INFO] DbMcusAds:125 - Set database path to: C:\Users\nphis\.stmcufinder\plugins\mcufinder//mcu/
2025-08-19 09:00:09,818 [WARN] DbFile:41 - Overriding database path with different value: C:\Users\nphis\.stmcufinder\plugins\mcufinder/ => C:\Users\nphis\.stmcufinder\plugins\mcufinder
2025-08-19 09:00:09,818 [WARN] DbFile:41 - Overriding database path with different value: C:\Users\nphis\.stmcufinder\plugins\mcufinder/ => C:\Users\nphis\.stmcufinder\plugins\mcufinder
2025-08-19 09:00:09,818 [INFO] CrossReferenceDbSqlite:203 - Set database path to: C:\Users\nphis\.stmcufinder\plugins\mcufinder//mcu/cs/
2025-08-19 09:00:09,884 [INFO] MainPanel:274 - HeapMemory: 347078656
2025-08-19 09:00:09,979 [INFO] DbMcusXml:78 - Set database path to: E:\STM32CubeIDE_1.19.0\STM32CubeIDE\plugins\com.st.stm32cube.common.mx_6.15.0.202507011659\\db\/mcu/
2025-08-19 09:00:09,979 [INFO] ApiDb:274 - Set plugin database path to: E:\STM32CubeIDE_1.19.0\STM32CubeIDE\plugins\com.st.stm32cube.common.mx_6.15.0.202507011659\\db\/plugins/boardmanager/
2025-08-19 09:00:09,979 [INFO] ApiDb:261 - Set plugin images path to: E:\STM32CubeIDE_1.19.0\STM32CubeIDE\plugins\com.st.stm32cube.common.mx_6.15.0.202507011659\\db\/plugins/mcufinder/images/
2025-08-19 09:00:09,979 [WARN] DbFile:41 - Overriding database path with different value: C:\Users\nphis\.stmcufinder\plugins\mcufinder/ => C:\Users\nphis\.stmcufinder\plugins\mcufinder
2025-08-19 09:00:09,980 [INFO] ApiDb:250 - Set database path to: C:\Users\nphis\.stmcufinder\plugins\mcufinder//mcu/
2025-08-19 09:00:09,980 [WARN] DbFile:41 - Overriding database path with different value: C:\Users\nphis\.stmcufinder\plugins\mcufinder/ => C:\Users\nphis\.stmcufinder\plugins\mcufinder
2025-08-19 09:00:09,980 [INFO] DbMcusAds:125 - Set database path to: C:\Users\nphis\.stmcufinder\plugins\mcufinder//mcu/
2025-08-19 09:00:09,980 [WARN] DbFile:41 - Overriding database path with different value: C:\Users\nphis\.stmcufinder\plugins\mcufinder/ => C:\Users\nphis\.stmcufinder\plugins\mcufinder
2025-08-19 09:00:09,980 [WARN] DbFile:41 - Overriding database path with different value: C:\Users\nphis\.stmcufinder\plugins\mcufinder/ => C:\Users\nphis\.stmcufinder\plugins\mcufinder
2025-08-19 09:00:09,980 [INFO] CrossReferenceDbSqlite:203 - Set database path to: C:\Users\nphis\.stmcufinder\plugins\mcufinder//mcu/cs/
2025-08-19 09:00:09,995 [INFO] ApplicationProperties:184 - Using Application install path: E:\STM32CubeIDE_1.19.0\STM32CubeIDE\plugins\com.st.stm32cube.common.mx_6.15.0.202507011659
2025-08-19 09:00:09,996 [INFO] PluginManage:196 - Search for loadable plugins [exclusion list=, ]
2025-08-19 09:00:09,998 [INFO] PluginManage:310 - Check plugin analytics
2025-08-19 09:00:15,082 [INFO] AnalyticsPlugin:253 - Accepted Software Licenses: STM32CubeMX.6.15.0
2025-08-19 09:00:15,082 [INFO] AnalyticsPlugin:255 - Accepted CMSIS Pack Licenses: 
2025-08-19 09:00:15,083 [INFO] AnalyticsPlugin:257 - Accepted Firmware Licenses: FW.F7.1.17.0,FW.F4.1.28.0
2025-08-19 09:00:15,086 [INFO] PluginManage:359 - Loaded plugin analytics (category:tool,tabindex:-1)
2025-08-19 09:00:15,086 [INFO] PluginManage:310 - Check plugin cadmodel
2025-08-19 09:00:15,101 [INFO] CADModel:105 - Init CAD model plugin
2025-08-19 09:00:15,101 [INFO] PluginManage:359 - Loaded plugin cadmodel (category:power,tabindex:5)
2025-08-19 09:00:15,101 [INFO] PluginManage:310 - Check plugin clock
2025-08-19 09:00:15,117 [INFO] PluginManage:359 - Loaded plugin clock (category:base,tabindex:2)
2025-08-19 09:00:15,118 [INFO] PluginManage:310 - Check plugin ddr
2025-08-19 09:00:15,119 [INFO] PluginManage:359 - Loaded plugin ddr (category:tool,tabindex:6)
2025-08-19 09:00:15,120 [INFO] PluginManage:310 - Check plugin filemanager
2025-08-19 09:00:15,223 [INFO] PluginManage:359 - Loaded plugin filemanager (category:base,tabindex:10)
2025-08-19 09:00:15,223 [INFO] PluginManage:310 - Check plugin ipmanager
2025-08-19 09:00:15,228 [INFO] PluginManage:359 - Loaded plugin ipmanager (category:base,tabindex:5)
2025-08-19 09:00:15,228 [INFO] PluginManage:310 - Check plugin lpbam
2025-08-19 09:00:15,244 [INFO] PluginManage:359 - Loaded plugin lpbam (category:base,tabindex:0)
2025-08-19 09:00:15,244 [INFO] PluginManage:310 - Check plugin memorymap
2025-08-19 09:00:15,264 [INFO] PluginManage:359 - Loaded plugin memorymap (category:base,tabindex:4)
2025-08-19 09:00:15,264 [INFO] PluginManage:310 - Check plugin pinoutandconfiguration
2025-08-19 09:00:15,279 [INFO] PluginManage:359 - Loaded plugin pinoutandconfiguration (category:base,tabindex:1)
2025-08-19 09:00:15,279 [INFO] PluginManage:310 - Check plugin pinoutconfig
2025-08-19 09:00:15,385 [WARN] SupportedApi:132 - Cannot load RTOS API schema: s4s-elt-must-match.1: The content of 'definitions' must match (annotation?, (simpleType | complexType)?, (unique | key | keyref)*)). A problem was found starting at: attribute.
2025-08-19 09:00:15,491 [INFO] PluginManage:359 - Loaded plugin pinoutconfig (category:base,tabindex:0)
2025-08-19 09:00:15,491 [INFO] PluginManage:310 - Check plugin power
2025-08-19 09:00:15,508 [INFO] PluginManage:359 - Loaded plugin power (category:power,tabindex:4)
2025-08-19 09:00:15,508 [INFO] PluginManage:310 - Check plugin projectmanager
2025-08-19 09:00:15,520 [INFO] PluginManage:359 - Loaded plugin projectmanager (category:projectmanager,tabindex:4)
2025-08-19 09:00:15,520 [INFO] PluginManage:310 - Check plugin rif
2025-08-19 09:00:15,538 [INFO] PluginManage:359 - Loaded plugin rif (category:base,tabindex:3)
2025-08-19 09:00:15,538 [INFO] PluginManage:310 - Check plugin thirdparty
2025-08-19 09:00:15,795 [INFO] PluginManage:359 - Loaded plugin thirdparty (category:base,tabindex:-1)
2025-08-19 09:00:15,795 [WARN] IntegrityCheckThread:84 - waiting for thirdparty lock release [integrity check]
2025-08-19 09:00:15,795 [INFO] IntegrityCheckThread:86 - entering critical section [integrity check]
2025-08-19 09:00:15,795 [INFO] PluginManage:310 - Check plugin tools
2025-08-19 09:00:15,795 [INFO] ThirdPartyUpdaterWithRetryManager:70 - Updater plugin not ready yet. [1/15]
2025-08-19 09:00:15,832 [INFO] PluginManage:359 - Loaded plugin tools (category:base,tabindex:7)
2025-08-19 09:00:15,832 [INFO] PluginManage:310 - Check plugin tutovideos
2025-08-19 09:00:16,010 [INFO] PluginManage:359 - Loaded plugin tutovideos (category:base,tabindex:-1)
2025-08-19 09:00:16,010 [INFO] PluginManage:310 - Check plugin updater
2025-08-19 09:00:16,026 [INFO] PluginManage:359 - Loaded plugin updater (category:base,tabindex:12)
2025-08-19 09:00:16,026 [INFO] PluginManage:310 - Check plugin userauth
2025-08-19 09:00:16,029 [INFO] UserAuth:118 - Init User Auth plugin
2025-08-19 09:00:16,030 [INFO] PluginManage:359 - Loaded plugin userauth (category:base,tabindex:14)
2025-08-19 09:00:16,030 [INFO] PluginManage:283 - PluginManage : Loaded plugins [18]
2025-08-19 09:00:16,192 [INFO] PinOutPanel:1589 - setPackage(No Configuration,No Configuration)
2025-08-19 09:00:16,256 [INFO] CADModel:165 - CPN selected for project level
2025-08-19 09:00:16,256 [INFO] CADModel:114 - Register for checkConnection events
2025-08-19 09:00:16,279 [INFO] IPUIPlugin:80 - create IPUIPlugin
2025-08-19 09:00:16,279 [INFO] PluginManager:220 - loadIPPluginJar : add adc
2025-08-19 09:00:16,312 [INFO] IPUIPlugin:80 - create IPUIPlugin
2025-08-19 09:00:16,312 [INFO] PluginManager:220 - loadIPPluginJar : add aes
2025-08-19 09:00:16,349 [INFO] IPUIPlugin:80 - create IPUIPlugin
2025-08-19 09:00:16,349 [INFO] PluginManager:220 - loadIPPluginJar : add can
2025-08-19 09:00:16,376 [INFO] IPUIPlugin:80 - create IPUIPlugin
2025-08-19 09:00:16,376 [INFO] PluginManager:220 - loadIPPluginJar : add comp
2025-08-19 09:00:16,407 [INFO] IPUIPlugin:80 - create IPUIPlugin
2025-08-19 09:00:16,407 [INFO] PluginManager:220 - loadIPPluginJar : add cryp
2025-08-19 09:00:16,417 [INFO] IPUIPlugin:80 - create IPUIPlugin
2025-08-19 09:00:16,418 [INFO] PluginManager:220 - loadIPPluginJar : add ddr_ctrl_phy
2025-08-19 09:00:16,446 [INFO] IPUIPlugin:80 - create IPUIPlugin
2025-08-19 09:00:16,446 [INFO] PluginManager:220 - loadIPPluginJar : add dfsdm
2025-08-19 09:00:16,459 [INFO] IPUIPlugin:80 - create IPUIPlugin
2025-08-19 09:00:16,460 [INFO] PluginManager:220 - loadIPPluginJar : add dma
2025-08-19 09:00:16,493 [INFO] IPUIPlugin:80 - create IPUIPlugin
2025-08-19 09:00:16,493 [INFO] PluginManager:220 - loadIPPluginJar : add dma3
2025-08-19 09:00:16,529 [INFO] IPUIPlugin:80 - create IPUIPlugin
2025-08-19 09:00:16,529 [INFO] PluginManager:220 - loadIPPluginJar : add extmemmanager
2025-08-19 09:00:16,549 [INFO] IPUIPlugin:80 - create IPUIPlugin
2025-08-19 09:00:16,549 [INFO] PluginManager:220 - loadIPPluginJar : add fatfs
2025-08-19 09:00:16,591 [INFO] IPUIPlugin:80 - create IPUIPlugin
2025-08-19 09:00:16,591 [INFO] PluginManager:220 - loadIPPluginJar : add fmc
2025-08-19 09:00:16,606 [INFO] IPUIPlugin:80 - create IPUIPlugin
2025-08-19 09:00:16,606 [INFO] PluginManager:220 - loadIPPluginJar : add freertos
2025-08-19 09:00:16,626 [INFO] IPUIPlugin:80 - create IPUIPlugin
2025-08-19 09:00:16,626 [INFO] PluginManager:220 - loadIPPluginJar : add genericplugin
2025-08-19 09:00:16,718 [INFO] IPUIPlugin:80 - create IPUIPlugin
2025-08-19 09:00:16,718 [INFO] PluginManager:220 - loadIPPluginJar : add gfxmmu
2025-08-19 09:00:16,850 [INFO] IPUIPlugin:80 - create IPUIPlugin
2025-08-19 09:00:16,850 [INFO] PluginManager:220 - loadIPPluginJar : add gic
2025-08-19 09:00:16,863 [INFO] IPUIPlugin:80 - create IPUIPlugin
2025-08-19 09:00:16,863 [INFO] PluginManager:220 - loadIPPluginJar : add gpio
2025-08-19 09:00:16,945 [INFO] IPUIPlugin:80 - create IPUIPlugin
2025-08-19 09:00:16,945 [INFO] PluginManager:220 - loadIPPluginJar : add gtzc
2025-08-19 09:00:16,974 [INFO] IPUIPlugin:80 - create IPUIPlugin
2025-08-19 09:00:16,974 [INFO] PluginManager:220 - loadIPPluginJar : add hash
2025-08-19 09:00:17,022 [INFO] IPUIPlugin:80 - create IPUIPlugin
2025-08-19 09:00:17,022 [INFO] PluginManager:220 - loadIPPluginJar : add i2c
2025-08-19 09:00:17,057 [INFO] IPUIPlugin:80 - create IPUIPlugin
2025-08-19 09:00:17,057 [INFO] PluginManager:220 - loadIPPluginJar : add i2s
2025-08-19 09:00:17,093 [INFO] IPUIPlugin:80 - create IPUIPlugin
2025-08-19 09:00:17,093 [INFO] PluginManager:220 - loadIPPluginJar : add i3c
2025-08-19 09:00:17,171 [INFO] IPUIPlugin:80 - create IPUIPlugin
2025-08-19 09:00:17,171 [INFO] PluginManager:220 - loadIPPluginJar : add ipddr
2025-08-19 09:00:17,247 [INFO] IPUIPlugin:80 - create IPUIPlugin
2025-08-19 09:00:17,248 [INFO] PluginManager:220 - loadIPPluginJar : add linkedlist
2025-08-19 09:00:17,280 [INFO] IPUIPlugin:80 - create IPUIPlugin
2025-08-19 09:00:17,280 [INFO] PluginManager:220 - loadIPPluginJar : add lorawan
2025-08-19 09:00:17,311 [INFO] IPUIPlugin:80 - create IPUIPlugin
2025-08-19 09:00:17,312 [INFO] PluginManager:220 - loadIPPluginJar : add ltdc
2025-08-19 09:00:17,324 [INFO] IPUIPlugin:80 - create IPUIPlugin
2025-08-19 09:00:17,325 [INFO] PluginManager:220 - loadIPPluginJar : add mdma
2025-08-19 09:00:17,336 [INFO] IPUIPlugin:80 - create IPUIPlugin
2025-08-19 09:00:17,336 [INFO] PluginManager:220 - loadIPPluginJar : add nvic
2025-08-19 09:00:17,370 [INFO] IPUIPlugin:80 - create IPUIPlugin
2025-08-19 09:00:17,370 [INFO] PluginManager:220 - loadIPPluginJar : add opamp
2025-08-19 09:00:17,424 [INFO] IPUIPlugin:80 - create IPUIPlugin
2025-08-19 09:00:17,425 [INFO] PluginManager:220 - loadIPPluginJar : add openamp
2025-08-19 09:00:17,464 [INFO] IPUIPlugin:80 - create IPUIPlugin
2025-08-19 09:00:17,465 [INFO] PluginManager:220 - loadIPPluginJar : add pdm2pcm
2025-08-19 09:00:17,477 [INFO] IPUIPlugin:80 - create IPUIPlugin
2025-08-19 09:00:17,479 [INFO] PluginManager:220 - loadIPPluginJar : add plateformsettings
2025-08-19 09:00:17,501 [INFO] IPUIPlugin:80 - create IPUIPlugin
2025-08-19 09:00:17,501 [INFO] PluginManager:220 - loadIPPluginJar : add quadspi
2025-08-19 09:00:17,525 [INFO] IPUIPlugin:80 - create IPUIPlugin
2025-08-19 09:00:17,526 [INFO] PluginManager:220 - loadIPPluginJar : add radio
2025-08-19 09:00:17,538 [INFO] IPUIPlugin:80 - create IPUIPlugin
2025-08-19 09:00:17,538 [INFO] PluginManager:220 - loadIPPluginJar : add resmgrutility
2025-08-19 09:00:17,577 [INFO] IPUIPlugin:80 - create IPUIPlugin
2025-08-19 09:00:17,577 [INFO] PluginManager:220 - loadIPPluginJar : add sai
2025-08-19 09:00:17,608 [INFO] IPUIPlugin:80 - create IPUIPlugin
2025-08-19 09:00:17,608 [INFO] PluginManager:220 - loadIPPluginJar : add spi
2025-08-19 09:00:17,667 [INFO] IPUIPlugin:80 - create IPUIPlugin
2025-08-19 09:00:17,667 [INFO] PluginManager:220 - loadIPPluginJar : add stm32_wpan
2025-08-19 09:00:17,689 [INFO] IPUIPlugin:80 - create IPUIPlugin
2025-08-19 09:00:17,689 [INFO] PluginManager:220 - loadIPPluginJar : add tim
2025-08-19 09:00:17,738 [INFO] IPUIPlugin:80 - create IPUIPlugin
2025-08-19 09:00:17,739 [INFO] PluginManager:220 - loadIPPluginJar : add touchsensing
2025-08-19 09:00:17,759 [INFO] IPUIPlugin:80 - create IPUIPlugin
2025-08-19 09:00:17,759 [INFO] PluginManager:220 - loadIPPluginJar : add tracer_emb
2025-08-19 09:00:17,781 [INFO] IPUIPlugin:80 - create IPUIPlugin
2025-08-19 09:00:17,782 [INFO] PluginManager:220 - loadIPPluginJar : add ts
2025-08-19 09:00:17,803 [INFO] IPUIPlugin:80 - create IPUIPlugin
2025-08-19 09:00:17,803 [INFO] PluginManager:220 - loadIPPluginJar : add tsc
2025-08-19 09:00:17,824 [INFO] IPUIPlugin:80 - create IPUIPlugin
2025-08-19 09:00:17,824 [INFO] PluginManager:220 - loadIPPluginJar : add ucpd
2025-08-19 09:00:17,861 [INFO] IPUIPlugin:80 - create IPUIPlugin
2025-08-19 09:00:17,861 [INFO] PluginManager:220 - loadIPPluginJar : add usart
2025-08-19 09:00:17,901 [INFO] IPUIPlugin:80 - create IPUIPlugin
2025-08-19 09:00:17,901 [INFO] PluginManager:220 - loadIPPluginJar : add usbx
2025-08-19 09:00:18,007 [FATAL] Updater:351 - Updater called before beeing initialized
2025-08-19 09:00:18,043 [INFO] RulesReader:64 - Compatibility file has been processed (317 Rules)
2025-08-19 09:00:18,057 [INFO] RulesReader:64 - Compatibility file has been processed (317 Rules)
2025-08-19 09:00:18,064 [INFO] CADModel:165 - CPN selected for project level
2025-08-19 09:00:18,064 [INFO] CADModel:114 - Register for checkConnection events
2025-08-19 09:00:18,064 [FATAL] Updater:351 - Updater called before beeing initialized
2025-08-19 09:00:18,064 [ERROR] CADModel:125 - Updater not yet initialized, retry later 
2025-08-19 09:00:18,160 [FATAL] Updater:351 - Updater called before beeing initialized
2025-08-19 09:00:18,162 [INFO] CADModel:165 - CPN selected for project level
2025-08-19 09:00:18,162 [INFO] CADModel:114 - Register for checkConnection events
2025-08-19 09:00:18,162 [FATAL] Updater:351 - Updater called before beeing initialized
2025-08-19 09:00:18,162 [ERROR] CADModel:125 - Updater not yet initialized, retry later 
2025-08-19 09:00:18,164 [FATAL] Updater:351 - Updater called before beeing initialized
2025-08-19 09:00:18,228 [FATAL] Updater:351 - Updater called before beeing initialized
2025-08-19 09:00:18,237 [INFO] DbMcusAds:53 - JSON generation date=Tue Jul 08 15:14:23 ICT 2025 (1751962463582)
2025-08-19 09:00:18,238 [FATAL] Updater:351 - Updater called before beeing initialized
2025-08-19 09:00:18,300 [WARN] DetailPanel:346 - Failed to get advertising image, set to default
2025-08-19 09:00:18,355 [FATAL] Updater:351 - Updater called before beeing initialized
2025-08-19 09:00:18,356 [FATAL] Updater:351 - Updater called before beeing initialized
2025-08-19 09:00:18,356 [FATAL] Updater:351 - Updater called before beeing initialized
2025-08-19 09:00:18,356 [WARN] DetailPanel:346 - Failed to get advertising image, set to default
2025-08-19 09:00:18,356 [FATAL] Updater:351 - Updater called before beeing initialized
2025-08-19 09:00:18,400 [ERROR] Updater:1198 - MainUpdater not yet initialized. External WinMGr cannot be set.
2025-08-19 09:00:18,408 [INFO] Updater:1134 - Updater Version found : 6.15.0
2025-08-19 09:00:18,423 [INFO] ApplicationProperties:184 - Using Application install path: E:\STM32CubeIDE_1.19.0\STM32CubeIDE\plugins\com.st.stm32cube.common.mx_6.15.0.202507011659
2025-08-19 09:00:18,633 [INFO] MainUpdater:2872 - connection check result : 10
2025-08-19 09:00:18,633 [INFO] MainUpdater:289 - Updater Check For Update Now.
2025-08-19 09:00:18,633 [INFO] MicroXplorer:498 - Change Database Version : DB.6.0.150
2025-08-19 09:00:18,651 [INFO] McuFinderGlobals:63 - Set McuFinder mode to 2 (CubeIDE integrated)
2025-08-19 09:00:18,651 [INFO] UserAuth:171 - activating auth plugin
2025-08-19 09:00:18,654 [INFO] UserAuth:487 - Internet connection configuration mode: 1
2025-08-19 09:00:18,683 [INFO] JxBrowserEngine:152 - Initiate JxBrowser Engine with user profile folder
2025-08-19 09:00:18,800 [WARN] MainUpdater:1193 - Updater busy. Cannot search thirdparties
2025-08-19 09:00:18,801 [INFO] ThirdPartyUpdaterWithRetryManager:96 - Updater plugin is busy. [1/15]
2025-08-19 09:00:18,817 [INFO] CheckServerUpdateThread:120 - End of CheckServer Thread
2025-08-19 09:00:19,641 [INFO] WebApp:169 - Instantiating new browser for Auth
2025-08-19 09:00:20,147 [INFO] WebApp:463 - Apply proxy settings
2025-08-19 09:00:20,147 [INFO] WebApp:548 - Chromium requires no authentication
2025-08-19 09:00:20,154 [INFO] WebApp:491 - Direct internet connection detected
2025-08-19 09:00:20,174 [INFO] WebApp:900 - Register for checkConnection events
2025-08-19 09:00:20,174 [INFO] WebApp:463 - Apply proxy settings
2025-08-19 09:00:20,174 [INFO] WebApp:548 - Chromium requires no authentication
2025-08-19 09:00:20,175 [INFO] WebApp:491 - Direct internet connection detected
2025-08-19 09:00:20,312 [INFO] WebApp:225 - Starting web application
2025-08-19 09:00:20,312 [INFO] WebApp:593 - Web application path used E:\STM32CubeIDE_1.19.0\STM32CubeIDE\plugins\com.st.stm32cube.common.mx_6.15.0.202507011659\db\plugins\mcufinder\reactClient1\index.html
2025-08-19 09:00:20,816 [INFO] WebApp:191 - Connection restablished
2025-08-19 09:00:21,972 [WARN] PackLoader:240 - Cannot read IP mode file for STMicroelectronics.FP-SNS-MOTENVWB1.1.4.0
2025-08-19 09:00:21,987 [WARN] PackLoader:240 - Cannot read IP mode file for STMicroelectronics.FP-ATR-ASTRA1.2.0.2
2025-08-19 09:00:22,005 [WARN] PackLoader:240 - Cannot read IP mode file for STMicroelectronics.X-CUBE-SMBUS.2.1.0
2025-08-19 09:00:22,019 [WARN] PackLoader:240 - Cannot read IP mode file for STMicroelectronics.X-CUBE-ST60.1.0.0
2025-08-19 09:00:22,051 [WARN] PackLoader:240 - Cannot read IP mode file for STMicroelectronics.X-CUBE-AZRTOS-F7.1.1.0
2025-08-19 09:00:22,083 [WARN] PackLoader:240 - Cannot read IP mode file for Infineon.AIROC-Wi-Fi-Bluetooth-STM32.1.7.1
2025-08-19 09:00:22,127 [WARN] PackLoader:240 - Cannot read IP mode file for STMicroelectronics.X-CUBE-AZRTOS-H7.3.4.0
2025-08-19 09:00:22,146 [WARN] PackLoader:240 - Cannot read IP mode file for STMicroelectronics.X-CUBE-DISPLAY.3.0.0
2025-08-19 09:00:22,163 [WARN] PackLoader:240 - Cannot read IP mode file for STMicroelectronics.X-CUBE-NFC10.1.0.0
2025-08-19 09:00:22,178 [WARN] PackLoader:240 - Cannot read IP mode file for emotas.I-CUBE-CANOPEN.1.3.0
2025-08-19 09:00:22,194 [WARN] PackLoader:240 - Cannot read IP mode file for STMicroelectronics.FP-SNS-STBOX1.2.1.0
2025-08-19 09:00:22,208 [WARN] PackLoader:240 - Cannot read IP mode file for STMicroelectronics.FP-SNS-SMARTAG2.1.2.0
2025-08-19 09:00:22,219 [WARN] PackLoader:240 - Cannot read IP mode file for STMicroelectronics.FP-SNS-FLIGHT1.5.1.0
2025-08-19 09:00:22,234 [INFO] LogOutputStream:77 - [STDOUT_REDIRECT] 1 : Invalid condition id : UX_CORESTACK_Condition cause : null
2025-08-19 09:00:22,235 [INFO] LogOutputStream:77 - [STDOUT_REDIRECT] 1 : Invalid condition id : UX_CORESTACK_Condition cause : null
2025-08-19 09:00:22,236 [INFO] LogOutputStream:77 - [STDOUT_REDIRECT] 1 : Invalid condition id : UX_CORESTACK_Condition cause : null
2025-08-19 09:00:22,236 [INFO] LogOutputStream:77 - [STDOUT_REDIRECT] 1 : Invalid condition id : UX_CORESTACK_Condition cause : null
2025-08-19 09:00:22,237 [INFO] LogOutputStream:77 - [STDOUT_REDIRECT] 1 : Invalid condition id : UX_CORESTACK_Condition cause : null
2025-08-19 09:00:22,239 [WARN] PackLoader:240 - Cannot read IP mode file for STMicroelectronics.X-CUBE-AZRTOS-WL.2.0.0
2025-08-19 09:00:22,252 [WARN] PackLoader:240 - Cannot read IP mode file for STMicroelectronics.FP-SNS-MOTENV1.5.0.0
2025-08-19 09:00:22,267 [WARN] PackLoader:240 - Cannot read IP mode file for WES.I-CUBE-Cesium.1.3.0
2025-08-19 09:00:22,278 [WARN] PackLoader:240 - Cannot read IP mode file for STMicroelectronics.X-CUBE-BLE2.3.3.0
2025-08-19 09:00:22,290 [WARN] PackLoader:240 - Cannot read IP mode file for STMicroelectronics.X-CUBE-NFC9.1.0.0
2025-08-19 09:00:22,302 [WARN] PackLoader:240 - Cannot read IP mode file for wolfSSL.I-CUBE-wolfSSL.5.8.0
2025-08-19 09:00:22,313 [WARN] PackLoader:240 - Cannot read IP mode file for wolfSSL.I-CUBE-wolfSSL.5.8.2
2025-08-19 09:00:22,325 [WARN] PackLoader:240 - Cannot read IP mode file for STMicroelectronics.X-CUBE-BLE1.7.1.0
2025-08-19 09:00:22,336 [WARN] PackLoader:240 - Cannot read IP mode file for wolfSSL.I-CUBE-wolfMQTT.1.19.2
2025-08-19 09:00:22,353 [WARN] PackLoader:240 - Cannot read IP mode file for STMicroelectronics.X-CUBE-EEPRMA1.5.2.0
2025-08-19 09:00:22,366 [WARN] PackLoader:240 - Cannot read IP mode file for STMicroelectronics.X-CUBE-AI.10.1.0
2025-08-19 09:00:22,392 [WARN] PackLoader:240 - Cannot read IP mode file for STMicroelectronics.X-CUBE-AZRTOS-G0.1.1.0
2025-08-19 09:00:22,406 [WARN] PackLoader:240 - Cannot read IP mode file for STMicroelectronics.X-CUBE-SAFEA1.1.2.2
2025-08-19 09:00:22,420 [WARN] PackLoader:240 - Cannot read IP mode file for STMicroelectronics.X-CUBE-NFC4.3.0.0
2025-08-19 09:00:22,432 [WARN] PackLoader:240 - Cannot read IP mode file for EmbeddedOffice.I-CUBE-FS-RTOS.1.0.1
2025-08-19 09:00:22,443 [WARN] PackLoader:240 - Cannot read IP mode file for STMicroelectronics.X-CUBE-WB05N.2.0.0
2025-08-19 09:00:22,453 [WARN] PackLoader:240 - Cannot read IP mode file for wolfSSL.I-CUBE-wolfTPM.3.8.0
2025-08-19 09:00:22,464 [WARN] PackLoader:240 - Cannot read IP mode file for STMicroelectronics.X-CUBE-TCPP.4.2.0
2025-08-19 09:00:22,474 [WARN] PackLoader:240 - Cannot read IP mode file for RealThread.X-CUBE-RT-Thread_Nano.4.1.1
2025-08-19 09:00:22,485 [WARN] PackLoader:240 - Cannot read IP mode file for STMicroelectronics.FP-ATR-SIGFOX1.3.2.0
2025-08-19 09:00:22,497 [WARN] PackLoader:240 - Cannot read IP mode file for ITTIA_DB.I-CUBE-ITTIADB.8.9.0
2025-08-19 09:00:22,509 [WARN] PackLoader:240 - Cannot read IP mode file for STMicroelectronics.X-CUBE-ST67W61.1.0.0
2025-08-19 09:00:22,520 [WARN] PackLoader:240 - Cannot read IP mode file for STMicroelectronics.X-CUBE-AI.10.2.0
2025-08-19 09:00:22,540 [WARN] PackLoader:240 - Cannot read IP mode file for SEGGER.I-CUBE-embOS.1.3.1
2025-08-19 09:00:22,567 [WARN] PackLoader:240 - Cannot read IP mode file for STMicroelectronics.X-CUBE-ALGOBUILD.1.4.0
2025-08-19 09:00:22,602 [WARN] PackLoader:240 - Cannot read IP mode file for STMicroelectronics.X-CUBE-MEMS1.11.3.0
2025-08-19 09:00:22,703 [WARN] PackLoader:240 - Cannot read IP mode file for STMicroelectronics.X-CUBE-PM33A1.1.0.0
2025-08-19 09:00:22,725 [WARN] PackLoader:240 - Cannot read IP mode file for STMicroelectronics.X-CUBE-AZRTOS-F4.1.1.0
2025-08-19 09:00:22,740 [WARN] PackLoader:240 - Cannot read IP mode file for Avnet-IotConnect.X-CUBE-IoTC-DA16k-PMOD.1.0.0
2025-08-19 09:00:22,751 [WARN] PackLoader:240 - Cannot read IP mode file for STMicroelectronics.X-CUBE-ISPU.2.1.0
2025-08-19 09:00:22,763 [WARN] PackLoader:240 - Cannot read IP mode file for STMicroelectronics.X-CUBE-NFC12.1.0.0
2025-08-19 09:00:22,783 [WARN] PackLoader:240 - Cannot read IP mode file for STMicroelectronics.X-CUBE-AZRTOS-L5.2.0.0
2025-08-19 09:00:22,796 [WARN] PackLoader:240 - Cannot read IP mode file for STMicroelectronics.X-CUBE-NFC6.3.1.0
2025-08-19 09:00:22,808 [WARN] PackLoader:240 - Cannot read IP mode file for STMicroelectronics.X-CUBE-FREERTOS.1.3.1
2025-08-19 09:00:22,819 [WARN] PackLoader:240 - Cannot read IP mode file for STMicroelectronics.FP-SNS-STAIOTCFT.1.0.0
2025-08-19 09:00:22,831 [WARN] PackLoader:240 - Cannot read IP mode file for STMicroelectronics.X-CUBE-DPower.1.3.0
2025-08-19 09:00:22,850 [WARN] ConditionMgr:438 - getConditionDescription Invalid condition id : LAN8742 Phy interface Condition cause : null
2025-08-19 09:00:22,850 [WARN] PackLoader:240 - Cannot read IP mode file for STMicroelectronics.X-CUBE-AZRTOS-L4.2.0.0
2025-08-19 09:00:22,851 [WARN] ConditionMgr:1044 - genDependencies : Invalid condition id : LAN8742 Phy interface Condition cause : null
2025-08-19 09:00:22,851 [WARN] ConditionMgr:1044 - genDependencies : Invalid condition id : LAN8742 Phy interface Condition cause : null
2025-08-19 09:00:22,851 [WARN] ConditionMgr:1044 - genDependencies : Invalid condition id : LAN8742 Phy interface Condition cause : null
2025-08-19 09:00:22,867 [WARN] PackLoader:240 - Cannot read IP mode file for STMicroelectronics.X-CUBE-SFXS2LP1.4.0.0
2025-08-19 09:00:22,884 [WARN] PackLoader:240 - Cannot read IP mode file for STMicroelectronics.X-CUBE-BLEMGR.4.1.0
2025-08-19 09:00:22,908 [WARN] ConditionMgr:438 - getConditionDescription Invalid condition id : UX DEVICE CLASS RTOS Condition cause : null
2025-08-19 09:00:22,908 [WARN] ConditionMgr:438 - getConditionDescription Invalid condition id : UX DEVICE CLASS RTOS Condition cause : null
2025-08-19 09:00:22,908 [WARN] PackLoader:240 - Cannot read IP mode file for STMicroelectronics.X-CUBE-AZRTOS-WB.2.0.0
2025-08-19 09:00:22,909 [WARN] ConditionMgr:1044 - genDependencies : Invalid condition id : UX DEVICE CLASS RTOS Condition cause : null
2025-08-19 09:00:22,909 [WARN] ConditionMgr:1044 - genDependencies : Invalid condition id : UX DEVICE CLASS RTOS Condition cause : null
2025-08-19 09:00:22,909 [WARN] ConditionMgr:1044 - genDependencies : Invalid condition id : UX DEVICE CLASS RTOS Condition cause : null
2025-08-19 09:00:22,909 [WARN] ConditionMgr:1044 - genDependencies : Invalid condition id : UX DEVICE CLASS RTOS Condition cause : null
2025-08-19 09:00:22,909 [WARN] ConditionMgr:1044 - genDependencies : Invalid condition id : UX DEVICE CLASS RTOS Condition cause : null
2025-08-19 09:00:22,922 [WARN] PackLoader:240 - Cannot read IP mode file for STMicroelectronics.X-CUBE-GNSS1.7.0.1
2025-08-19 09:00:22,934 [WARN] PackLoader:240 - Cannot read IP mode file for STMicroelectronics.X-CUBE-TOUCHGFX.4.25.0
2025-08-19 09:00:22,945 [WARN] PackLoader:240 - Cannot read IP mode file for STMicroelectronics.FP-SNS-STBOX1.2.0.0
2025-08-19 09:00:22,958 [WARN] ConditionMgr:438 - getConditionDescription Invalid condition id : Cortex-A Device cause : null
2025-08-19 09:00:22,975 [WARN] ConditionMgr:1044 - genDependencies : Invalid condition id : Cortex-A Device cause : null
2025-08-19 09:00:22,976 [WARN] ConditionMgr:1044 - genDependencies : Invalid condition id : Cortex-A Device cause : null
2025-08-19 09:00:22,976 [WARN] ConditionMgr:1044 - genDependencies : Invalid condition id : Cortex-A Device cause : null
2025-08-19 09:00:22,988 [WARN] PackLoader:240 - Cannot read IP mode file for STMicroelectronics.X-CUBE-SUBG2.5.0.0
2025-08-19 09:00:23,010 [WARN] PackLoader:240 - Cannot read IP mode file for STMicroelectronics.X-CUBE-AZRTOS-H7RS.1.1.0
2025-08-19 09:00:23,022 [WARN] PackLoader:240 - Cannot read IP mode file for Cesanta.I-CUBE-Mongoose.7.13.0
2025-08-19 09:00:23,045 [WARN] PackLoader:240 - Cannot read IP mode file for STMicroelectronics.X-CUBE-AZRTOS-G4.2.0.0
2025-08-19 09:00:23,056 [WARN] PackLoader:240 - Cannot read IP mode file for wolfSSL.I-CUBE-wolfSSH.1.4.20
2025-08-19 09:00:23,067 [WARN] PackLoader:240 - Cannot read IP mode file for STMicroelectronics.X-CUBE-NFC7.2.0.0
2025-08-19 09:00:23,082 [WARN] PackLoader:240 - Cannot read IP mode file for STMicroelectronics.X-CUBE-IPS.3.1.0
2025-08-19 09:00:23,096 [WARN] PackLoader:240 - Cannot read IP mode file for STMicroelectronics.X-CUBE-ALS.1.0.2
2025-08-19 09:00:23,109 [WARN] PackLoader:240 - Cannot read IP mode file for portGmbH.I-Cube-SoM-uGOAL.1.1.0
2025-08-19 09:00:23,124 [WARN] PackLoader:240 - Cannot read IP mode file for STMicroelectronics.X-CUBE-TOF1.3.4.3
2025-08-19 09:00:23,129 [INFO] ThirdParty:978 - Integrity check success = true
2025-08-19 09:00:23,129 [INFO] IntegrityCheckThread:100 - exiting critical section [integrity check]
2025-08-19 09:00:23,129 [INFO] IntegrityCheckThread:103 - End integrity checks thread
2025-08-19 09:02:31,283 [INFO] McuFinderGlobals:63 - Set McuFinder mode to 2 (CubeIDE integrated)
2025-08-19 09:02:31,309 [INFO] MainUpdater:2872 - connection check result : 10
2025-08-19 09:02:31,315 [INFO] MainUpdater:2872 - connection check result : 10
2025-08-19 09:02:31,492 [INFO] MicroXplorer:468 - Change Database Path : 
2025-08-19 09:02:31,492 [INFO] MicroXplorer:498 - Change Database Version : DB.6.0.150
2025-08-19 09:02:31,499 [WARN] ThirdParty:871 - waiting for thirdparty lock release [close project]
2025-08-19 09:02:31,500 [INFO] ThirdParty:873 - entering critical section [close project]
2025-08-19 09:02:31,500 [INFO] ThirdParty:883 - exiting critical section [close project]
2025-08-19 09:02:31,501 [INFO] PinOutPanel:1589 - setPackage(No Configuration,No Configuration)
2025-08-19 09:02:31,503 [INFO] UtilMem:75 - Begin LoadConfig() Used Memory: 606118808 Bytes (848297984)
2025-08-19 09:02:31,504 [INFO] MicroXplorer:468 - Change Database Path : 
2025-08-19 09:02:31,504 [INFO] MicroXplorer:498 - Change Database Version : DB.6.0.150
2025-08-19 09:02:31,504 [INFO] OpenFileManager:355 - Change cursor
2025-08-19 09:02:31,550 [INFO] Mcu:2029 - Initializing MCU STM32F767ZITx STM32F767ZITx STM32F767ZIT6
2025-08-19 09:02:33,686 [INFO] Context:786 - Trying to add GPIOservice into a context  which must be forbidden
2025-08-19 09:02:34,139 [INFO] ImportTextPane:234 - (OptionalMessage_ERROR) Pin8 (VP_RIF_VS_RIF1) cannot be retrieved for this MCU
2025-08-19 09:02:34,227 [INFO] RtosManager:558 - Registered RTOS mode: class=CMSIS, group=RTOS, mode=CMSIS_V1, owner=FREERTOS
2025-08-19 09:02:34,227 [INFO] RtosManager:558 - Registered RTOS mode: class=CMSIS, group=RTOS2, mode=CMSIS_V2, owner=FREERTOS
2025-08-19 09:02:34,227 [INFO] RtosManager:558 - Registered RTOS mode: class=RTOS, group=Core, mode=CMSIS_V1, owner=FREERTOS
2025-08-19 09:02:34,227 [INFO] RtosManager:558 - Registered RTOS mode: class=RTOS, group=Core, mode=CMSIS_V2, owner=FREERTOS
2025-08-19 09:02:34,228 [WARN] ModelIntegratedComponent:184 - Missing modes for component STMicroelectronics:FreeRTOS:0.0.1:STMicroelectronics:RTOS:FreeRTOS:Core:::10.2.0:
2025-08-19 09:02:34,242 [WARN] ModelIntegratedComponent:63 - No mode defined for component null
2025-08-19 09:02:34,242 [WARN] ModelIntegratedComponent:63 - No mode defined for component null
2025-08-19 09:02:34,242 [WARN] ModelIntegratedComponent:63 - No mode defined for component null
2025-08-19 09:02:34,242 [WARN] ModelIntegratedComponent:63 - No mode defined for component null
2025-08-19 09:02:34,242 [WARN] ModelIntegratedComponent:63 - No mode defined for component null
2025-08-19 09:02:34,242 [WARN] ModelIntegratedComponent:63 - No mode defined for component null
2025-08-19 09:02:34,242 [WARN] ModelIntegratedComponent:63 - No mode defined for component null
2025-08-19 09:02:34,242 [WARN] ModelIntegratedComponent:63 - No mode defined for component null
2025-08-19 09:02:34,242 [WARN] ModelIntegratedComponent:63 - No mode defined for component null
2025-08-19 09:02:34,242 [WARN] ModelIntegratedComponent:63 - No mode defined for component null
2025-08-19 09:02:34,242 [WARN] ModelIntegratedComponent:63 - No mode defined for component null
2025-08-19 09:02:34,242 [WARN] ModelIntegratedComponent:63 - No mode defined for component null
2025-08-19 09:02:34,242 [WARN] ModelIntegratedComponent:63 - No mode defined for component null
2025-08-19 09:02:34,242 [WARN] ModelIntegratedComponent:63 - No mode defined for component null
2025-08-19 09:02:34,242 [WARN] ModelIntegratedComponent:63 - No mode defined for component null
2025-08-19 09:02:34,242 [WARN] ModelIntegratedComponent:63 - No mode defined for component null
2025-08-19 09:02:34,242 [WARN] ModelIntegratedComponent:63 - No mode defined for component null
2025-08-19 09:02:34,242 [WARN] ModelIntegratedComponent:63 - No mode defined for component null
2025-08-19 09:02:34,242 [WARN] ModelIntegratedComponent:63 - No mode defined for component null
2025-08-19 09:02:34,242 [WARN] ModelIntegratedComponent:63 - No mode defined for component null
2025-08-19 09:02:34,242 [WARN] ModelIntegratedComponent:63 - No mode defined for component null
2025-08-19 09:02:34,242 [WARN] ModelIntegratedComponent:63 - No mode defined for component null
2025-08-19 09:02:34,242 [WARN] ModelIntegratedComponent:63 - No mode defined for component null
2025-08-19 09:02:34,242 [WARN] ModelIntegratedComponent:63 - No mode defined for component null
2025-08-19 09:02:34,242 [WARN] ModelIntegratedComponent:63 - No mode defined for component null
2025-08-19 09:02:34,242 [WARN] ModelIntegratedComponent:63 - No mode defined for component null
2025-08-19 09:02:34,242 [WARN] ModelIntegratedComponent:63 - No mode defined for component null
2025-08-19 09:02:34,242 [WARN] ModelIntegratedComponent:63 - No mode defined for component null
2025-08-19 09:02:34,242 [WARN] ModelIntegratedComponent:63 - No mode defined for component null
2025-08-19 09:02:34,242 [WARN] ModelIntegratedComponent:63 - No mode defined for component null
2025-08-19 09:02:34,242 [WARN] ModelIntegratedComponent:63 - No mode defined for component null
2025-08-19 09:02:34,242 [WARN] ModelIntegratedComponent:63 - No mode defined for component null
2025-08-19 09:02:34,242 [WARN] ModelIntegratedComponent:63 - No mode defined for component null
2025-08-19 09:02:34,243 [WARN] ModelIntegratedComponent:63 - No mode defined for component null
2025-08-19 09:02:34,243 [WARN] ModelIntegratedComponent:63 - No mode defined for component null
2025-08-19 09:02:34,243 [WARN] ModelPack:524 - Component already loaded: STMicroelectronics:HAL Drivers:0.0.0:STMicroelectronics:Device:STMicro_Driver:XSPI:HAL::0.0.1:HAL_XSPI
2025-08-19 09:02:34,295 [INFO] ThirdPartyModel:298 - Start build external matchings
2025-08-19 09:02:34,490 [INFO] ThirdPartyModel:316 - End build external matchings
2025-08-19 09:02:35,198 [INFO] ApiDb:581 - Connected to CubeFinder SQLite database (C:\Users\nphis\.stmcufinder\plugins\mcufinder\mcu\cube-finder-db.db)
2025-08-19 09:02:35,255 [INFO] ApiDb:668 - CubeFinder database Data Model version=2.1
2025-08-19 09:02:35,255 [INFO] ApiDb:669 - CubeFinder database Configuration version=3.0.39
2025-08-19 09:02:35,255 [INFO] ApiDb:670 - CubeFinder database generation date=2025-07-24 (1753349077)
2025-08-19 09:02:35,255 [INFO] ApiDb:671 - CubeFinder database FW Pack versions=[FP-ATR-ASTRA1_V2.0.0, FP-SNS-FLIGHT1_V5.1.0, FP-SNS-MOTENV1_V5.0.0, FP-SNS-MOTENVWB1_V1.4.0, FP-SNS-SMARTAG2_V1.2.0, FP-SNS-STBOX1_V2.0.0, STM32Cube_FW_C0_V1.4.0, STM32Cube_FW_F4_V1.28.2, STM32Cube_FW_F7_V1.17.3, STM32Cube_FW_G0_V1.6.2, STM32Cube_FW_G4_V1.6.1, STM32Cube_FW_H5_V1.5.0, STM32Cube_FW_H7RS_V1.2.0, STM32Cube_FW_H7_V1.12.1, STM32Cube_FW_L0_V1.12.2, STM32Cube_FW_L4_V1.18.1, STM32Cube_FW_L5_V1.5.1, STM32Cube_FW_N6_V1.2.0, STM32Cube_FW_U0_V1.3.0, STM32Cube_FW_U3_V1.2.0, STM32Cube_FW_U5_V1.8.0, STM32Cube_FW_WB0_V1.3.0, STM32Cube_FW_WBA_V1.7.0, STM32Cube_FW_WB_V1.23.0, STM32Cube_FW_WL3_V1.2.0, STM32Cube_FW_WL_V1.3.1, X-CUBE-ALGOBUILD_V1.4.0, X-CUBE-ALS_V1.0.2, X-CUBE-AZRTOS-F4_V1.1.0, X-CUBE-AZRTOS-F7_V1.1.0, X-CUBE-AZRTOS-G0_V1.1.0, X-CUBE-AZRTOS-G4_V2.0.0, X-CUBE-AZRTOS-H7RS_V1.1.0, X-CUBE-AZRTOS-H7_V3.4.0, X-CUBE-AZRTOS-L4_V2.0.0, X-CUBE-AZRTOS-L5_V2.0.0, X-CUBE-AZRTOS-WB_V2.0.0, X-CUBE-AZRTOS-WL_V2.0.0, X-CUBE-BLE1_V7.1.0, X-CUBE-BLE2_V3.3.0, X-CUBE-BLEMGR_V4.1.0, X-CUBE-EEPRMA1_V5.2.0, X-CUBE-FREERTOS_V1.3.1, X-CUBE-GNSS1_V6.0.0, X-CUBE-MEMS1_V11.3.0, X-CUBE-NFC4_V3.0.0, X-CUBE-NFC7_V2.0.0, X-CUBE-SFXS2LP1_V4.0.0, X-CUBE-ST67W61_V1.0.0, X-CUBE-SUBG2_V5.0.0, X-CUBE-TOF1_V3.4.3]
2025-08-19 09:02:35,337 [INFO] DbBoardsSqlite:226 - include board P-NUCLEO-WB55-NUCLEO as a kit item of type 'Nucleo-64'
2025-08-19 09:02:35,337 [INFO] DbBoardsSqlite:226 - include board P-NUCLEO-WB55-USBDONGLE as a kit item of type 'Nucleo USB Dongle'
2025-08-19 09:02:35,338 [INFO] DbBoardsSqlite:226 - include board STEVAL-IDP005V1 as a kit item of type 'Evaluation Board'
2025-08-19 09:02:35,339 [INFO] DbBoardsSqlite:226 - include board STEVAL-IDP005V2 as a kit item of type 'Evaluation Board'
2025-08-19 09:02:35,696 [INFO] ApiDb:240 - Found 880 in-development CPN: [B-G473E-ZEST1S, B-WB1M-WPAN1, B-WBA5M-WPAN, B-WL5M-SUBG1, NUCLEO-C031C6, NUCLEO-C051C8, NUCLEO-C071RB, NUCLEO-C092RC, NUCLEO-H503RB, NUCLEO-H533RE, NUCLEO-H563ZI, NUCLEO-H7S3L8, NUCLEO-N657X0-Q, NUCLEO-U031R8, NUCLEO-U083RC, NUCLEO-U385RG-Q, NUCLEO-U545RE-Q, NUCLEO-U5A5ZJ-Q, NUCLEO-WB05KZ, NUCLEO-WB07CC, NUCLEO-WB09KE, NUCLEO-WBA52CG, NUCLEO-WBA55CG, NUCLEO-WL33CC1, NUCLEO-WL33CC2, STEVAL-PROTEUS1, STEVAL-SMARTAG2, STEVAL-STWINBX1, STM320518-EVAL, STM32C0116-DK, STM32C011D6Y3TR, STM32C011D6Y6TR, STM32C011F4P3, STM32C011F4P6, STM32C011F4U3, STM32C011F4U6TR, STM32C011F6P3, STM32C011F6P6, STM32C011F6U3, STM32C011F6U6TR, STM32C011J4M3, STM32C011J4M6, STM32C011J6M3, STM32C011J6M6, STM32C0316-DK, STM32C031C4T3, STM32C031C4T6, STM32C031C4U3, STM32C031C4U6, STM32C031C6T3, STM32C031C6T6, STM32C031C6U3, STM32C031C6U6, STM32C031F4P3, STM32C031F4P6, STM32C031F6P3, STM32C031F6P6, STM32C031G4U3, STM32C031G4U6, STM32C031G6U3, STM32C031G6U6, STM32C031K4T3, STM32C031K4T6, STM32C031K4U3, STM32C031K4U6, STM32C031K6T3, STM32C031K6T6, STM32C031K6U3, STM32C031K6U6, STM32C051C6T6, STM32C051C6U6, STM32C051C8T6, STM32C051C8U6, STM32C051D8Y6TR, STM32C051F6P6, STM32C051F8P6, STM32C051G6U6, STM32C051G8U6, STM32C051K6T6, STM32C051K6U6, STM32C051K8T6, STM32C071C8T6, STM32C071C8T6N, STM32C071C8U6, STM32C071C8U6N, STM32C071CBT6, STM32C071CBT6N, STM32C071CBU6, STM32C071CBU6N, STM32C071F8P6, STM32C071F8P6N, STM32C071FBP6, STM32C071FBP6N, STM32C071FBY6TR, STM32C071G8U6, STM32C071G8U6N, STM32C071GBU6, STM32C071GBU6N, STM32C071K8T6, STM32C071K8T6N, STM32C071K8U6, STM32C071K8U6N, STM32C071KBT6, STM32C071KBT6N, STM32C071KBU6, STM32C071KBU6N, STM32C071R8T6, STM32C071R8T6N, STM32C071RBI6N, STM32C071RBT6, STM32C071RBT6N, STM32C091CBT6, STM32C091CBU6, STM32C091CCT6, STM32C091CCU6, STM32C091ECY6TR, STM32C091FBP6, STM32C091FCP6, STM32C091GBU6, STM32C091GCU6, STM32C091KBT6, STM32C091KBU6, STM32C091KCT6, STM32C091KCU6, STM32C091RBT6, STM32C091RCI6, STM32C091RCT6, STM32C092CBT6, STM32C092CBU6, STM32C092CCT6, STM32C092CCU6, STM32C092ECY6TR, STM32C092FBP6, STM32C092FCP6, STM32C092GBU6, STM32C092GCU6, STM32C092KBT6, STM32C092KBU6, STM32C092KCT6, STM32C092KCU6, STM32C092RBT6, STM32C092RCI6, STM32C092RCT6, STM32G071K8TXN, STM32G071K8UXN, STM32G081GBU6N, STM32G081KBT6N, STM32G081KBUXN, STM32G0B1CCT6N, STM32G0B1KCT6, STM32G0B1NEY6TR, STM32G0B1RCT6N, STM32G0C1CCT6, STM32G0C1CCT6N, STM32G0C1CCU6N, STM32G0C1CET6N, STM32G0C1CEU6N, STM32G0C1KCT6, STM32G0C1NEY6TR, STM32G0C1RCI6N, STM32G0C1RCT6N, STM32G0C1REI6N, STM32G0C1RET6N, STM32G0C1VCI6, STM32G0C1VEI6, STM32G411C6T3, STM32G411C6T6, STM32G411C6U3, STM32G411C6U6, STM32G411C8T3, STM32G411C8T6, STM32G411C8U3, STM32G411C8U6, STM32G411CBT3, STM32G411CBT6, STM32G411CBU3, STM32G411CBU6, STM32G411K6T3, STM32G411K6T6, STM32G411K6U3, STM32G411K6U6, STM32G411K8T3, STM32G411K8T6, STM32G411K8U3, STM32G411K8U6, STM32G411KBT3, STM32G411KBT6, STM32G411KBU3, STM32G411KBU6, STM32G411M6T3, STM32G411M6T6, STM32G411M8T3, STM32G411M8T6, STM32G411MBT3, STM32G411MBT6, STM32G411R6T3, STM32G411R6T6, STM32G411R8T3, STM32G411R8T6, STM32G411RBT3, STM32G411RBT6, STM32G414CBT3, STM32G414CBT6, STM32G414CBU3, STM32G414CBU6, STM32G414CCT3, STM32G414CCT6, STM32G414CCU3, STM32G414CCU6, STM32G414MBT3, STM32G414MBT6, STM32G414MCT3, STM32G414MCT6, STM32G414RBT3, STM32G414RBT6, STM32G414RCT3, STM32G414RCT6, STM32G414VBT3, STM32G414VBT6, STM32G414VCT3, STM32G414VCT6, STM32G431CBT3Z, STM32G431RBT3Z, STM32G471CCT6, STM32G471CCU6, STM32G471CET3, STM32G471CET6, STM32G471CEU3, STM32G471CEU6, STM32G471MCT6, STM32G471MET3, STM32G471MET6, STM32G471MEY6TR, STM32G471QCT6, STM32G471QET3, STM32G471RCT6, STM32G471RET3, STM32G471RET6, STM32G471VCH6, STM32G471VCI6, STM32G471VCT6, STM32G471VEH3, STM32G471VEH6, STM32G471VEI3, STM32G471VEI6, STM32G471VET3, STM32G471VET6, STM32G473QET3Z, STM32G473RET3Z, STM32G474CCT6, STM32G491RET3Z, STM32H503CBT6, STM32H503CBU6, STM32H503EBY6TR, STM32H503KBU6, STM32H503RBT6, STM32H523CCT6, STM32H523CCU6, STM32H523CET6, STM32H523CEU6, STM32H523HEY6TR, STM32H523RCT6, STM32H523RET6, STM32H523VCI6, STM32H523VCT6, STM32H523VEI6, STM32H523VET6, STM32H523ZCJ6, STM32H523ZCT6, STM32H523ZEJ6, STM32H523ZET6, STM32H533CET6, STM32H533CEU6, STM32H533HEY6TR, STM32H533RET6, STM32H533VEI6, STM32H533VET6, STM32H533ZEJ6, STM32H533ZET6, STM32H562AGI6, STM32H562AII6, STM32H562IGK6, STM32H562IGT6, STM32H562IIK6, STM32H562IIT6, STM32H562RGT6, STM32H562RGV6, STM32H562RIT6, STM32H562RIV6, STM32H562VGT6, STM32H562VIT6, STM32H562ZGT6, STM32H562ZIT6, STM32H563AGI6, STM32H563AII3Q, STM32H563AII6, STM32H563IGK6, STM32H563IGT6, STM32H563IIK3Q, STM32H563IIK6, STM32H563IIT3Q, STM32H563IIT6, STM32H563MIY3QTR, STM32H563RGT6, STM32H563RGV6, STM32H563RIT6, STM32H563RIV6, STM32H563VGT6, STM32H563VIT3Q, STM32H563VIT6, STM32H563ZGT6, STM32H563ZIT3Q, STM32H563ZIT6, STM32H573AII3Q, STM32H573AII6, STM32H573I-DK, STM32H573IIK3Q, STM32H573IIK6, STM32H573IIT3Q, STM32H573IIT6, STM32H573MIY3QTR, STM32H573RIT6, STM32H573RIV6, STM32H573VIT3Q, STM32H573VIT6, STM32H573ZIT3Q, STM32H573ZIT6, STM32H7R3A8I6, STM32H7R3I8K6, STM32H7R3I8T6, STM32H7R3L8H6, STM32H7R3L8H6H, STM32H7R3R8V6, STM32H7R3V8H6, STM32H7R3V8T6, STM32H7R3V8Y6TR, STM32H7R3Z8J6, STM32H7R3Z8T6, STM32H7R7A8I6, STM32H7R7I8K6, STM32H7R7I8T6, STM32H7R7L8H6, STM32H7R7L8H6H, STM32H7R7Z8J6, STM32H7S3A8I6, STM32H7S3I8K6, STM32H7S3I8T6, STM32H7S3L8H6, STM32H7S3L8H6H, STM32H7S3R8V6, STM32H7S3V8H6, STM32H7S3V8T6, STM32H7S3V8Y6TR, STM32H7S3Z8J6, STM32H7S3Z8T6, STM32H7S78-DK, STM32H7S7A8I6, STM32H7S7I8K6, STM32H7S7I8T6, STM32H7S7L8H6, STM32H7S7L8H6H, STM32H7S7Z8J6, STM32L4R5QGI6STR, STM32MP131AAE3, STM32MP131AAF3, STM32MP131AAG3, STM32MP131CAE3, STM32MP131CAF3, STM32MP131CAG3, STM32MP131DAE7, STM32MP131DAF7, STM32MP131DAG7, STM32MP131FAE7, STM32MP131FAF7, STM32MP131FAG7, STM32MP133AAE3, STM32MP133AAF3, STM32MP133AAG3, STM32MP133CAE3, STM32MP133CAF3, STM32MP133CAG3, STM32MP133DAE7, STM32MP133DAF7, STM32MP133DAG7, STM32MP133FAE7, STM32MP133FAF7, STM32MP133FAG7, STM32MP135AAE3, STM32MP135AAF3, STM32MP135AAG3, STM32MP135CAE3, STM32MP135CAF3, STM32MP135CAG3, STM32MP135DAE7, STM32MP135DAF7, STM32MP135DAG7, STM32MP135F-DK, STM32MP135FAE7, STM32MP135FAF7, STM32MP135FAF7T, STM32MP135FAF7U, STM32MP135FAG7, STM32MP211AAL3, STM32MP211AAM3, STM32MP211AAN3, STM32MP211AAO3, STM32MP211CAL3, STM32MP211CAM3, STM32MP211CAN3, STM32MP211CAO3, STM32MP211DAL3, STM32MP211DAM3, STM32MP211DAN3, STM32MP211DAO3, STM32MP211FAL3, STM32MP211FAM3, STM32MP211FAN3, STM32MP211FAO3, STM32MP213AAL3, STM32MP213AAM3, STM32MP213AAN3, STM32MP213AAO3, STM32MP213CAL3, STM32MP213CAM3, STM32MP213CAN3, STM32MP213CAO3, STM32MP213DAL3, STM32MP213DAM3, STM32MP213DAN3, STM32MP213DAO3, STM32MP213FAL3, STM32MP213FAM3, STM32MP213FAN3, STM32MP213FAO3, STM32MP215AAL3, STM32MP215AAM3, STM32MP215AAN3, STM32MP215AAO3, STM32MP215CAL3, STM32MP215CAM3, STM32MP215CAN3, STM32MP215CAO3, STM32MP215DAL3, STM32MP215DAM3, STM32MP215DAN3, STM32MP215DAO3, STM32MP215F-DK, STM32MP215FAL3, STM32MP215FAM3, STM32MP215FAN3, STM32MP215FAO3, STM32MP231AAJ3, STM32MP231AAK3, STM32MP231AAL3, STM32MP231CAJ3, STM32MP231CAK3, STM32MP231CAL3, STM32MP231DAJ3, STM32MP231DAK3, STM32MP231DAL3, STM32MP231FAJ3, STM32MP231FAK3, STM32MP231FAL3, STM32MP233AAJ3, STM32MP233AAK3, STM32MP233AAL3, STM32MP233CAJ3, STM32MP233CAK3, STM32MP233CAL3, STM32MP233DAJ3, STM32MP233DAK3, STM32MP233DAL3, STM32MP233FAJ3, STM32MP233FAK3, STM32MP233FAL3, STM32MP235AAJ3, STM32MP235AAK3, STM32MP235AAL3, STM32MP235CAJ3, STM32MP235CAK3, STM32MP235CAL3, STM32MP235DAJ3, STM32MP235DAK3, STM32MP235DAL3, STM32MP235FAJ3, STM32MP235FAK3, STM32MP235FAL3, STM32MP251AAI3, STM32MP251AAK3, STM32MP251AAL3, STM32MP251CAI3, STM32MP251CAK3, STM32MP251CAL3, STM32MP251DAI3, STM32MP251DAK3, STM32MP251DAL3, STM32MP251FAI3, STM32MP251FAK3, STM32MP251FAL3, STM32MP253AAI3, STM32MP253AAK3, STM32MP253AAL3, STM32MP253CAI3, STM32MP253CAK3, STM32MP253CAL3, STM32MP253DAI3, STM32MP253DAK3, STM32MP253DAL3, STM32MP253FAI3, STM32MP253FAK3, STM32MP253FAL3, STM32MP255AAI3, STM32MP255AAK3, STM32MP255AAL3, STM32MP255CAI3, STM32MP255CAK3, STM32MP255CAL3, STM32MP255DAI3, STM32MP255DAK3, STM32MP255DAL3, STM32MP255FAI3, STM32MP255FAK3, STM32MP255FAL3, STM32MP257AAI3, STM32MP257AAK3, STM32MP257AAL3, STM32MP257CAI3, STM32MP257CAK3, STM32MP257CAL3, STM32MP257DAI3, STM32MP257DAK3, STM32MP257DAL3, STM32MP257F-DK, STM32MP257F-EV1, STM32MP257FAI3, STM32MP257FAK3, STM32MP257FAL3, STM32N645A0H3Q, STM32N645B0H3Q, STM32N645I0H3Q, STM32N645L0H3Q, STM32N645X0H3Q, STM32N645Z0H3Q, STM32N647A0H3Q, STM32N647B0H3Q, STM32N647I0H3Q, STM32N647L0H3Q, STM32N647X0H3Q, STM32N647Z0H3Q, STM32N655A0H3Q, STM32N655B0H3Q, STM32N655I0H3Q, STM32N655L0H3Q, STM32N655X0H3Q, STM32N655Z0H3Q, STM32N6570-DK, STM32N657A0H3Q, STM32N657B0H3Q, STM32N657I0H3Q, STM32N657L0H3Q, STM32N657X0H3Q, STM32N657Z0H3Q, STM32U031C6T6, STM32U031C6U6, STM32U031C8T6, STM32U031C8U6, STM32U031F4P6, STM32U031F6P6, STM32U031F8P6, STM32U031G6Y6TR, STM32U031G8Y6TR, STM32U031K4U6, STM32U031K6U6, STM32U031K8U6, STM32U031R6I6, STM32U031R6T6, STM32U031R8I6, STM32U031R8T6, STM32U073C8T6, STM32U073C8U6, STM32U073CBT6, STM32U073CBU6, STM32U073CCT6, STM32U073CCU6, STM32U073H8Y6TR, STM32U073HBY6TR, STM32U073HCY6TR, STM32U073K8U6, STM32U073KBU6, STM32U073KCU6, STM32U073M8I6, STM32U073M8T6, STM32U073MBI6, STM32U073MBT6, STM32U073MCI6, STM32U073MCT6, STM32U073R8I6, STM32U073R8T6, STM32U073RBI6, STM32U073RBT6, STM32U073RCI6, STM32U073RCT6, STM32U083C-DK, STM32U083CCT6, STM32U083CCU6, STM32U083HCY6TR, STM32U083KCU6, STM32U083MCI6, STM32U083MCT6, STM32U083RCI6, STM32U083RCT6, STM32U375CET6, STM32U375CET6Q, STM32U375CEU6, STM32U375CEU6Q, STM32U375CEY6QTR, STM32U375CGT6, STM32U375CGT6Q, STM32U375CGU6, STM32U375CGU6Q, STM32U375CGY6QTR, STM32U375KEU6, STM32U375KGU6, STM32U375REI6, STM32U375REI6Q, STM32U375RET6, STM32U375RET6Q, STM32U375REY6GTR, STM32U375REY6QTR, STM32U375RGI6, STM32U375RGI6Q, STM32U375RGT6, STM32U375RGT6Q, STM32U375RGY6GTR, STM32U375RGY6QTR, STM32U375VEI6, STM32U375VEI6Q, STM32U375VET6, STM32U375VET6Q, STM32U375VGI6, STM32U375VGI6Q, STM32U375VGT6, STM32U375VGT6Q, STM32U385CGT6, STM32U385CGT6Q, STM32U385CGU6, STM32U385CGU6Q, STM32U385CGY6QTR, STM32U385KGU6, STM32U385RGI6, STM32U385RGI6Q, STM32U385RGT6, STM32U385RGT6Q, STM32U385RGY6GTR, STM32U385RGY6QTR, STM32U385VGI6, STM32U385VGI6Q, STM32U385VGT6, STM32U385VGT6Q, STM32U535CBT6, STM32U535CBT6Q, STM32U535CBU6, STM32U535CBU6Q, STM32U535CCT6, STM32U535CCT6Q, STM32U535CCU6, STM32U535CCU6Q, STM32U535CET6, STM32U535CET6Q, STM32U535CEU6, STM32U535CEU6Q, STM32U535JEY6QTR, STM32U535NCY6QTR, STM32U535NEY6QTR, STM32U535RBI6, STM32U535RBI6Q, STM32U535RBT6, STM32U535RBT6Q, STM32U535RCI6, STM32U535RCI6Q, STM32U535RCT6, STM32U535RCT6Q, STM32U535REI6, STM32U535REI6Q, STM32U535RET6, STM32U535RET6Q, STM32U535VCI6, STM32U535VCI6Q, STM32U535VCT6, STM32U535VCT6Q, STM32U535VEI6, STM32U535VEI6Q, STM32U535VET6, STM32U535VET6Q, STM32U545CET6, STM32U545CET6Q, STM32U545CEU6, STM32U545CEU6Q, STM32U545JEY6QTR, STM32U545NEY6QTR, STM32U545REI6, STM32U545REI6Q, STM32U545RET6, STM32U545RET6Q, STM32U545VEI6, STM32U545VEI6Q, STM32U545VET6, STM32U545VET6Q, STM32U595AIH6, STM32U595AIH6Q, STM32U595AJH6, STM32U595AJH6Q, STM32U595QII6, STM32U595QII6Q, STM32U595QJI6, STM32U595QJI6Q, STM32U595RIT6, STM32U595RIT6Q, STM32U595RJT6, STM32U595RJT6Q, STM32U595VIT6, STM32U595VIT6Q, STM32U595VJT6, STM32U595VJT6Q, STM32U595ZIT6, STM32U595ZIT6Q, STM32U595ZIY6QTR, STM32U595ZJT6, STM32U595ZJT6Q, STM32U595ZJY6QTR, STM32U599BJY6QTR, STM32U599NIH6Q, STM32U599NJH6Q, STM32U599VIT6Q, STM32U599VJT6, STM32U599VJT6Q, STM32U599ZIT6Q, STM32U599ZIY6QTR, STM32U599ZJT6Q, STM32U599ZJY6QTR, STM32U5A5AJH6, STM32U5A5AJH6Q, STM32U5A5QII3Q , STM32U5A5QJI6, STM32U5A5QJI6Q, STM32U5A5RJT6, STM32U5A5RJT6Q, STM32U5A5VJT6, STM32U5A5VJT6Q, STM32U5A5ZJT6, STM32U5A5ZJT6Q, STM32U5A5ZJY6QTR, STM32U5A9BJY6QTR, STM32U5A9J-DK, STM32U5A9NJH6Q, STM32U5A9VJT6Q, STM32U5A9ZJT6Q, STM32U5A9ZJY6QTR, STM32U5F7VIT6, STM32U5F7VIT6Q, STM32U5F7VJT6, STM32U5F7VJT6Q, STM32U5F9BJY6QTR, STM32U5F9NJH6Q, STM32U5F9VIT6Q, STM32U5F9VJT6Q, STM32U5F9ZIJ6QTR, STM32U5F9ZIT6Q, STM32U5F9ZJJ6QTR, STM32U5F9ZJT6Q, STM32U5G7VJT6, STM32U5G7VJT6Q, STM32U5G9BJY6QTR, STM32U5G9J-DK1, STM32U5G9J-DK2, STM32U5G9NJH6Q, STM32U5G9VJT6Q, STM32U5G9ZJJ6QTR, STM32U5G9ZJT6Q, STM32WB05KZV6TR, STM32WB05KZV7TR, STM32WB05TZF6TR, STM32WB05TZF7TR, STM32WB06CCF6TR, STM32WB06CCF7TR, STM32WB06CCV6TR, STM32WB06CCV7TR, STM32WB06KCV6TR, STM32WB06KCV7TR, STM32WB07CCF6TR, STM32WB07CCF7TR, STM32WB07CCV6TR, STM32WB07CCV7TR, STM32WB07KCV6TR, STM32WB07KCV7TR, STM32WB09KEV6TR, STM32WB09KEV7TR, STM32WB09TEF6TR, STM32WB09TEF7TR, STM32WB1MMCH6, STM32WBA50KGU6, STM32WBA50KGU6TR, STM32WBA52CEU6, STM32WBA52CEU6TR, STM32WBA52CEU7, STM32WBA52CEU7TR, STM32WBA52CGU6, STM32WBA52CGU6TR, STM32WBA52CGU6U, STM32WBA52CGU7, STM32WBA52CGU7TR, STM32WBA52KEU6, STM32WBA52KEU6TR, STM32WBA52KGU6, STM32WBA52KGU6TR, STM32WBA54CEU6, STM32WBA54CEU6TR, STM32WBA54CEU7, STM32WBA54CEU7TR, STM32WBA54CGU6, STM32WBA54CGU6TR, STM32WBA54CGU7, STM32WBA54CGU7TR, STM32WBA54KEU6, STM32WBA54KEU6TR, STM32WBA54KEU7, STM32WBA54KEU7TR, STM32WBA54KGU6, STM32WBA54KGU6TR, STM32WBA54KGU7, STM32WBA54KGU7TR, STM32WBA55CEU6, STM32WBA55CEU6TR, STM32WBA55CEU7, STM32WBA55CEU7TR, STM32WBA55CGU6, STM32WBA55CGU6TR, STM32WBA55CGU6U, STM32WBA55CGU7, STM32WBA55CGU7TR, STM32WBA55G-DK1, STM32WBA55HEF6, STM32WBA55HEF7, STM32WBA55HGF6, STM32WBA55HGF7, STM32WBA55UEI6, STM32WBA55UEI6TR, STM32WBA55UEI7, STM32WBA55UEI7TR, STM32WBA55UGI6, STM32WBA55UGI6TR, STM32WBA55UGI7, STM32WBA55UGI7TR, STM32WBA5MMGH6TR, STM32WBA62MGF6, STM32WBA62MIF6, STM32WBA65MGF7, STM32WBA65MIF6, STM32WBA65MIF7, STM32WL30K8V6, STM32WL30KBV6, STM32WL31C8V6, STM32WL31CBV6, STM32WL31K8V6, STM32WL31KBV6, STM32WL33C8V6, STM32WL33C8V6X, STM32WL33CBV6, STM32WL33CBV6X, STM32WL33CCV6, STM32WL33CCV6A, STM32WL33CCV6X, STM32WL33K8V7, STM32WL33K8V7X, STM32WL33KBV7 , STM32WL33KBV7X, STM32WL33KCV7, STM32WL33KCV7X, STM32WL5MOCH6, STM32WL5MOCH6TR]
2025-08-19 09:02:35,784 [INFO] BoardInfo:889 - No configuration file found for board P-NUCLEO-WB55
2025-08-19 09:02:35,784 [INFO] DbBoards:161 - Kit is not supported: P-NUCLEO-WB55
2025-08-19 09:02:35,787 [INFO] BoardInfo:889 - No configuration file found for board STEVAL-BFA001V1B
2025-08-19 09:02:35,788 [INFO] DbBoards:161 - Kit is not supported: STEVAL-BFA001V1B
2025-08-19 09:02:35,789 [INFO] BoardInfo:889 - No configuration file found for board STEVAL-BFA001V2B
2025-08-19 09:02:35,789 [INFO] DbBoards:161 - Kit is not supported: STEVAL-BFA001V2B
2025-08-19 09:02:35,896 [INFO] DbBoards:168 - Found 212 boards, 209 are supported
2025-08-19 09:02:35,896 [INFO] DbBoards:169 - Found 212 boards, 43 of them is supported for  Bsp
2025-08-19 09:02:35,900 [INFO] ApiDb:668 - CubeFinder database Data Model version=2.1
2025-08-19 09:02:35,900 [INFO] ApiDb:669 - CubeFinder database Configuration version=3.0.39
2025-08-19 09:02:35,900 [INFO] ApiDb:670 - CubeFinder database generation date=2025-07-24 (1753349077)
2025-08-19 09:02:35,900 [INFO] ApiDb:671 - CubeFinder database FW Pack versions=[FP-ATR-ASTRA1_V2.0.0, FP-SNS-FLIGHT1_V5.1.0, FP-SNS-MOTENV1_V5.0.0, FP-SNS-MOTENVWB1_V1.4.0, FP-SNS-SMARTAG2_V1.2.0, FP-SNS-STBOX1_V2.0.0, STM32Cube_FW_C0_V1.4.0, STM32Cube_FW_F4_V1.28.2, STM32Cube_FW_F7_V1.17.3, STM32Cube_FW_G0_V1.6.2, STM32Cube_FW_G4_V1.6.1, STM32Cube_FW_H5_V1.5.0, STM32Cube_FW_H7RS_V1.2.0, STM32Cube_FW_H7_V1.12.1, STM32Cube_FW_L0_V1.12.2, STM32Cube_FW_L4_V1.18.1, STM32Cube_FW_L5_V1.5.1, STM32Cube_FW_N6_V1.2.0, STM32Cube_FW_U0_V1.3.0, STM32Cube_FW_U3_V1.2.0, STM32Cube_FW_U5_V1.8.0, STM32Cube_FW_WB0_V1.3.0, STM32Cube_FW_WBA_V1.7.0, STM32Cube_FW_WB_V1.23.0, STM32Cube_FW_WL3_V1.2.0, STM32Cube_FW_WL_V1.3.1, X-CUBE-ALGOBUILD_V1.4.0, X-CUBE-ALS_V1.0.2, X-CUBE-AZRTOS-F4_V1.1.0, X-CUBE-AZRTOS-F7_V1.1.0, X-CUBE-AZRTOS-G0_V1.1.0, X-CUBE-AZRTOS-G4_V2.0.0, X-CUBE-AZRTOS-H7RS_V1.1.0, X-CUBE-AZRTOS-H7_V3.4.0, X-CUBE-AZRTOS-L4_V2.0.0, X-CUBE-AZRTOS-L5_V2.0.0, X-CUBE-AZRTOS-WB_V2.0.0, X-CUBE-AZRTOS-WL_V2.0.0, X-CUBE-BLE1_V7.1.0, X-CUBE-BLE2_V3.3.0, X-CUBE-BLEMGR_V4.1.0, X-CUBE-EEPRMA1_V5.2.0, X-CUBE-FREERTOS_V1.3.1, X-CUBE-GNSS1_V6.0.0, X-CUBE-MEMS1_V11.3.0, X-CUBE-NFC4_V3.0.0, X-CUBE-NFC7_V2.0.0, X-CUBE-SFXS2LP1_V4.0.0, X-CUBE-ST67W61_V1.0.0, X-CUBE-SUBG2_V5.0.0, X-CUBE-TOF1_V3.4.3]
2025-08-19 09:02:37,373 [INFO] ApiDb:240 - Found 880 in-development CPN: [B-G473E-ZEST1S, B-WB1M-WPAN1, B-WBA5M-WPAN, B-WL5M-SUBG1, NUCLEO-C031C6, NUCLEO-C051C8, NUCLEO-C071RB, NUCLEO-C092RC, NUCLEO-H503RB, NUCLEO-H533RE, NUCLEO-H563ZI, NUCLEO-H7S3L8, NUCLEO-N657X0-Q, NUCLEO-U031R8, NUCLEO-U083RC, NUCLEO-U385RG-Q, NUCLEO-U545RE-Q, NUCLEO-U5A5ZJ-Q, NUCLEO-WB05KZ, NUCLEO-WB07CC, NUCLEO-WB09KE, NUCLEO-WBA52CG, NUCLEO-WBA55CG, NUCLEO-WL33CC1, NUCLEO-WL33CC2, STEVAL-PROTEUS1, STEVAL-SMARTAG2, STEVAL-STWINBX1, STM320518-EVAL, STM32C0116-DK, STM32C011D6Y3TR, STM32C011D6Y6TR, STM32C011F4P3, STM32C011F4P6, STM32C011F4U3, STM32C011F4U6TR, STM32C011F6P3, STM32C011F6P6, STM32C011F6U3, STM32C011F6U6TR, STM32C011J4M3, STM32C011J4M6, STM32C011J6M3, STM32C011J6M6, STM32C0316-DK, STM32C031C4T3, STM32C031C4T6, STM32C031C4U3, STM32C031C4U6, STM32C031C6T3, STM32C031C6T6, STM32C031C6U3, STM32C031C6U6, STM32C031F4P3, STM32C031F4P6, STM32C031F6P3, STM32C031F6P6, STM32C031G4U3, STM32C031G4U6, STM32C031G6U3, STM32C031G6U6, STM32C031K4T3, STM32C031K4T6, STM32C031K4U3, STM32C031K4U6, STM32C031K6T3, STM32C031K6T6, STM32C031K6U3, STM32C031K6U6, STM32C051C6T6, STM32C051C6U6, STM32C051C8T6, STM32C051C8U6, STM32C051D8Y6TR, STM32C051F6P6, STM32C051F8P6, STM32C051G6U6, STM32C051G8U6, STM32C051K6T6, STM32C051K6U6, STM32C051K8T6, STM32C071C8T6, STM32C071C8T6N, STM32C071C8U6, STM32C071C8U6N, STM32C071CBT6, STM32C071CBT6N, STM32C071CBU6, STM32C071CBU6N, STM32C071F8P6, STM32C071F8P6N, STM32C071FBP6, STM32C071FBP6N, STM32C071FBY6TR, STM32C071G8U6, STM32C071G8U6N, STM32C071GBU6, STM32C071GBU6N, STM32C071K8T6, STM32C071K8T6N, STM32C071K8U6, STM32C071K8U6N, STM32C071KBT6, STM32C071KBT6N, STM32C071KBU6, STM32C071KBU6N, STM32C071R8T6, STM32C071R8T6N, STM32C071RBI6N, STM32C071RBT6, STM32C071RBT6N, STM32C091CBT6, STM32C091CBU6, STM32C091CCT6, STM32C091CCU6, STM32C091ECY6TR, STM32C091FBP6, STM32C091FCP6, STM32C091GBU6, STM32C091GCU6, STM32C091KBT6, STM32C091KBU6, STM32C091KCT6, STM32C091KCU6, STM32C091RBT6, STM32C091RCI6, STM32C091RCT6, STM32C092CBT6, STM32C092CBU6, STM32C092CCT6, STM32C092CCU6, STM32C092ECY6TR, STM32C092FBP6, STM32C092FCP6, STM32C092GBU6, STM32C092GCU6, STM32C092KBT6, STM32C092KBU6, STM32C092KCT6, STM32C092KCU6, STM32C092RBT6, STM32C092RCI6, STM32C092RCT6, STM32G071K8TXN, STM32G071K8UXN, STM32G081GBU6N, STM32G081KBT6N, STM32G081KBUXN, STM32G0B1CCT6N, STM32G0B1KCT6, STM32G0B1NEY6TR, STM32G0B1RCT6N, STM32G0C1CCT6, STM32G0C1CCT6N, STM32G0C1CCU6N, STM32G0C1CET6N, STM32G0C1CEU6N, STM32G0C1KCT6, STM32G0C1NEY6TR, STM32G0C1RCI6N, STM32G0C1RCT6N, STM32G0C1REI6N, STM32G0C1RET6N, STM32G0C1VCI6, STM32G0C1VEI6, STM32G411C6T3, STM32G411C6T6, STM32G411C6U3, STM32G411C6U6, STM32G411C8T3, STM32G411C8T6, STM32G411C8U3, STM32G411C8U6, STM32G411CBT3, STM32G411CBT6, STM32G411CBU3, STM32G411CBU6, STM32G411K6T3, STM32G411K6T6, STM32G411K6U3, STM32G411K6U6, STM32G411K8T3, STM32G411K8T6, STM32G411K8U3, STM32G411K8U6, STM32G411KBT3, STM32G411KBT6, STM32G411KBU3, STM32G411KBU6, STM32G411M6T3, STM32G411M6T6, STM32G411M8T3, STM32G411M8T6, STM32G411MBT3, STM32G411MBT6, STM32G411R6T3, STM32G411R6T6, STM32G411R8T3, STM32G411R8T6, STM32G411RBT3, STM32G411RBT6, STM32G414CBT3, STM32G414CBT6, STM32G414CBU3, STM32G414CBU6, STM32G414CCT3, STM32G414CCT6, STM32G414CCU3, STM32G414CCU6, STM32G414MBT3, STM32G414MBT6, STM32G414MCT3, STM32G414MCT6, STM32G414RBT3, STM32G414RBT6, STM32G414RCT3, STM32G414RCT6, STM32G414VBT3, STM32G414VBT6, STM32G414VCT3, STM32G414VCT6, STM32G431CBT3Z, STM32G431RBT3Z, STM32G471CCT6, STM32G471CCU6, STM32G471CET3, STM32G471CET6, STM32G471CEU3, STM32G471CEU6, STM32G471MCT6, STM32G471MET3, STM32G471MET6, STM32G471MEY6TR, STM32G471QCT6, STM32G471QET3, STM32G471RCT6, STM32G471RET3, STM32G471RET6, STM32G471VCH6, STM32G471VCI6, STM32G471VCT6, STM32G471VEH3, STM32G471VEH6, STM32G471VEI3, STM32G471VEI6, STM32G471VET3, STM32G471VET6, STM32G473QET3Z, STM32G473RET3Z, STM32G474CCT6, STM32G491RET3Z, STM32H503CBT6, STM32H503CBU6, STM32H503EBY6TR, STM32H503KBU6, STM32H503RBT6, STM32H523CCT6, STM32H523CCU6, STM32H523CET6, STM32H523CEU6, STM32H523HEY6TR, STM32H523RCT6, STM32H523RET6, STM32H523VCI6, STM32H523VCT6, STM32H523VEI6, STM32H523VET6, STM32H523ZCJ6, STM32H523ZCT6, STM32H523ZEJ6, STM32H523ZET6, STM32H533CET6, STM32H533CEU6, STM32H533HEY6TR, STM32H533RET6, STM32H533VEI6, STM32H533VET6, STM32H533ZEJ6, STM32H533ZET6, STM32H562AGI6, STM32H562AII6, STM32H562IGK6, STM32H562IGT6, STM32H562IIK6, STM32H562IIT6, STM32H562RGT6, STM32H562RGV6, STM32H562RIT6, STM32H562RIV6, STM32H562VGT6, STM32H562VIT6, STM32H562ZGT6, STM32H562ZIT6, STM32H563AGI6, STM32H563AII3Q, STM32H563AII6, STM32H563IGK6, STM32H563IGT6, STM32H563IIK3Q, STM32H563IIK6, STM32H563IIT3Q, STM32H563IIT6, STM32H563MIY3QTR, STM32H563RGT6, STM32H563RGV6, STM32H563RIT6, STM32H563RIV6, STM32H563VGT6, STM32H563VIT3Q, STM32H563VIT6, STM32H563ZGT6, STM32H563ZIT3Q, STM32H563ZIT6, STM32H573AII3Q, STM32H573AII6, STM32H573I-DK, STM32H573IIK3Q, STM32H573IIK6, STM32H573IIT3Q, STM32H573IIT6, STM32H573MIY3QTR, STM32H573RIT6, STM32H573RIV6, STM32H573VIT3Q, STM32H573VIT6, STM32H573ZIT3Q, STM32H573ZIT6, STM32H7R3A8I6, STM32H7R3I8K6, STM32H7R3I8T6, STM32H7R3L8H6, STM32H7R3L8H6H, STM32H7R3R8V6, STM32H7R3V8H6, STM32H7R3V8T6, STM32H7R3V8Y6TR, STM32H7R3Z8J6, STM32H7R3Z8T6, STM32H7R7A8I6, STM32H7R7I8K6, STM32H7R7I8T6, STM32H7R7L8H6, STM32H7R7L8H6H, STM32H7R7Z8J6, STM32H7S3A8I6, STM32H7S3I8K6, STM32H7S3I8T6, STM32H7S3L8H6, STM32H7S3L8H6H, STM32H7S3R8V6, STM32H7S3V8H6, STM32H7S3V8T6, STM32H7S3V8Y6TR, STM32H7S3Z8J6, STM32H7S3Z8T6, STM32H7S78-DK, STM32H7S7A8I6, STM32H7S7I8K6, STM32H7S7I8T6, STM32H7S7L8H6, STM32H7S7L8H6H, STM32H7S7Z8J6, STM32L4R5QGI6STR, STM32MP131AAE3, STM32MP131AAF3, STM32MP131AAG3, STM32MP131CAE3, STM32MP131CAF3, STM32MP131CAG3, STM32MP131DAE7, STM32MP131DAF7, STM32MP131DAG7, STM32MP131FAE7, STM32MP131FAF7, STM32MP131FAG7, STM32MP133AAE3, STM32MP133AAF3, STM32MP133AAG3, STM32MP133CAE3, STM32MP133CAF3, STM32MP133CAG3, STM32MP133DAE7, STM32MP133DAF7, STM32MP133DAG7, STM32MP133FAE7, STM32MP133FAF7, STM32MP133FAG7, STM32MP135AAE3, STM32MP135AAF3, STM32MP135AAG3, STM32MP135CAE3, STM32MP135CAF3, STM32MP135CAG3, STM32MP135DAE7, STM32MP135DAF7, STM32MP135DAG7, STM32MP135F-DK, STM32MP135FAE7, STM32MP135FAF7, STM32MP135FAF7T, STM32MP135FAF7U, STM32MP135FAG7, STM32MP211AAL3, STM32MP211AAM3, STM32MP211AAN3, STM32MP211AAO3, STM32MP211CAL3, STM32MP211CAM3, STM32MP211CAN3, STM32MP211CAO3, STM32MP211DAL3, STM32MP211DAM3, STM32MP211DAN3, STM32MP211DAO3, STM32MP211FAL3, STM32MP211FAM3, STM32MP211FAN3, STM32MP211FAO3, STM32MP213AAL3, STM32MP213AAM3, STM32MP213AAN3, STM32MP213AAO3, STM32MP213CAL3, STM32MP213CAM3, STM32MP213CAN3, STM32MP213CAO3, STM32MP213DAL3, STM32MP213DAM3, STM32MP213DAN3, STM32MP213DAO3, STM32MP213FAL3, STM32MP213FAM3, STM32MP213FAN3, STM32MP213FAO3, STM32MP215AAL3, STM32MP215AAM3, STM32MP215AAN3, STM32MP215AAO3, STM32MP215CAL3, STM32MP215CAM3, STM32MP215CAN3, STM32MP215CAO3, STM32MP215DAL3, STM32MP215DAM3, STM32MP215DAN3, STM32MP215DAO3, STM32MP215F-DK, STM32MP215FAL3, STM32MP215FAM3, STM32MP215FAN3, STM32MP215FAO3, STM32MP231AAJ3, STM32MP231AAK3, STM32MP231AAL3, STM32MP231CAJ3, STM32MP231CAK3, STM32MP231CAL3, STM32MP231DAJ3, STM32MP231DAK3, STM32MP231DAL3, STM32MP231FAJ3, STM32MP231FAK3, STM32MP231FAL3, STM32MP233AAJ3, STM32MP233AAK3, STM32MP233AAL3, STM32MP233CAJ3, STM32MP233CAK3, STM32MP233CAL3, STM32MP233DAJ3, STM32MP233DAK3, STM32MP233DAL3, STM32MP233FAJ3, STM32MP233FAK3, STM32MP233FAL3, STM32MP235AAJ3, STM32MP235AAK3, STM32MP235AAL3, STM32MP235CAJ3, STM32MP235CAK3, STM32MP235CAL3, STM32MP235DAJ3, STM32MP235DAK3, STM32MP235DAL3, STM32MP235FAJ3, STM32MP235FAK3, STM32MP235FAL3, STM32MP251AAI3, STM32MP251AAK3, STM32MP251AAL3, STM32MP251CAI3, STM32MP251CAK3, STM32MP251CAL3, STM32MP251DAI3, STM32MP251DAK3, STM32MP251DAL3, STM32MP251FAI3, STM32MP251FAK3, STM32MP251FAL3, STM32MP253AAI3, STM32MP253AAK3, STM32MP253AAL3, STM32MP253CAI3, STM32MP253CAK3, STM32MP253CAL3, STM32MP253DAI3, STM32MP253DAK3, STM32MP253DAL3, STM32MP253FAI3, STM32MP253FAK3, STM32MP253FAL3, STM32MP255AAI3, STM32MP255AAK3, STM32MP255AAL3, STM32MP255CAI3, STM32MP255CAK3, STM32MP255CAL3, STM32MP255DAI3, STM32MP255DAK3, STM32MP255DAL3, STM32MP255FAI3, STM32MP255FAK3, STM32MP255FAL3, STM32MP257AAI3, STM32MP257AAK3, STM32MP257AAL3, STM32MP257CAI3, STM32MP257CAK3, STM32MP257CAL3, STM32MP257DAI3, STM32MP257DAK3, STM32MP257DAL3, STM32MP257F-DK, STM32MP257F-EV1, STM32MP257FAI3, STM32MP257FAK3, STM32MP257FAL3, STM32N645A0H3Q, STM32N645B0H3Q, STM32N645I0H3Q, STM32N645L0H3Q, STM32N645X0H3Q, STM32N645Z0H3Q, STM32N647A0H3Q, STM32N647B0H3Q, STM32N647I0H3Q, STM32N647L0H3Q, STM32N647X0H3Q, STM32N647Z0H3Q, STM32N655A0H3Q, STM32N655B0H3Q, STM32N655I0H3Q, STM32N655L0H3Q, STM32N655X0H3Q, STM32N655Z0H3Q, STM32N6570-DK, STM32N657A0H3Q, STM32N657B0H3Q, STM32N657I0H3Q, STM32N657L0H3Q, STM32N657X0H3Q, STM32N657Z0H3Q, STM32U031C6T6, STM32U031C6U6, STM32U031C8T6, STM32U031C8U6, STM32U031F4P6, STM32U031F6P6, STM32U031F8P6, STM32U031G6Y6TR, STM32U031G8Y6TR, STM32U031K4U6, STM32U031K6U6, STM32U031K8U6, STM32U031R6I6, STM32U031R6T6, STM32U031R8I6, STM32U031R8T6, STM32U073C8T6, STM32U073C8U6, STM32U073CBT6, STM32U073CBU6, STM32U073CCT6, STM32U073CCU6, STM32U073H8Y6TR, STM32U073HBY6TR, STM32U073HCY6TR, STM32U073K8U6, STM32U073KBU6, STM32U073KCU6, STM32U073M8I6, STM32U073M8T6, STM32U073MBI6, STM32U073MBT6, STM32U073MCI6, STM32U073MCT6, STM32U073R8I6, STM32U073R8T6, STM32U073RBI6, STM32U073RBT6, STM32U073RCI6, STM32U073RCT6, STM32U083C-DK, STM32U083CCT6, STM32U083CCU6, STM32U083HCY6TR, STM32U083KCU6, STM32U083MCI6, STM32U083MCT6, STM32U083RCI6, STM32U083RCT6, STM32U375CET6, STM32U375CET6Q, STM32U375CEU6, STM32U375CEU6Q, STM32U375CEY6QTR, STM32U375CGT6, STM32U375CGT6Q, STM32U375CGU6, STM32U375CGU6Q, STM32U375CGY6QTR, STM32U375KEU6, STM32U375KGU6, STM32U375REI6, STM32U375REI6Q, STM32U375RET6, STM32U375RET6Q, STM32U375REY6GTR, STM32U375REY6QTR, STM32U375RGI6, STM32U375RGI6Q, STM32U375RGT6, STM32U375RGT6Q, STM32U375RGY6GTR, STM32U375RGY6QTR, STM32U375VEI6, STM32U375VEI6Q, STM32U375VET6, STM32U375VET6Q, STM32U375VGI6, STM32U375VGI6Q, STM32U375VGT6, STM32U375VGT6Q, STM32U385CGT6, STM32U385CGT6Q, STM32U385CGU6, STM32U385CGU6Q, STM32U385CGY6QTR, STM32U385KGU6, STM32U385RGI6, STM32U385RGI6Q, STM32U385RGT6, STM32U385RGT6Q, STM32U385RGY6GTR, STM32U385RGY6QTR, STM32U385VGI6, STM32U385VGI6Q, STM32U385VGT6, STM32U385VGT6Q, STM32U535CBT6, STM32U535CBT6Q, STM32U535CBU6, STM32U535CBU6Q, STM32U535CCT6, STM32U535CCT6Q, STM32U535CCU6, STM32U535CCU6Q, STM32U535CET6, STM32U535CET6Q, STM32U535CEU6, STM32U535CEU6Q, STM32U535JEY6QTR, STM32U535NCY6QTR, STM32U535NEY6QTR, STM32U535RBI6, STM32U535RBI6Q, STM32U535RBT6, STM32U535RBT6Q, STM32U535RCI6, STM32U535RCI6Q, STM32U535RCT6, STM32U535RCT6Q, STM32U535REI6, STM32U535REI6Q, STM32U535RET6, STM32U535RET6Q, STM32U535VCI6, STM32U535VCI6Q, STM32U535VCT6, STM32U535VCT6Q, STM32U535VEI6, STM32U535VEI6Q, STM32U535VET6, STM32U535VET6Q, STM32U545CET6, STM32U545CET6Q, STM32U545CEU6, STM32U545CEU6Q, STM32U545JEY6QTR, STM32U545NEY6QTR, STM32U545REI6, STM32U545REI6Q, STM32U545RET6, STM32U545RET6Q, STM32U545VEI6, STM32U545VEI6Q, STM32U545VET6, STM32U545VET6Q, STM32U595AIH6, STM32U595AIH6Q, STM32U595AJH6, STM32U595AJH6Q, STM32U595QII6, STM32U595QII6Q, STM32U595QJI6, STM32U595QJI6Q, STM32U595RIT6, STM32U595RIT6Q, STM32U595RJT6, STM32U595RJT6Q, STM32U595VIT6, STM32U595VIT6Q, STM32U595VJT6, STM32U595VJT6Q, STM32U595ZIT6, STM32U595ZIT6Q, STM32U595ZIY6QTR, STM32U595ZJT6, STM32U595ZJT6Q, STM32U595ZJY6QTR, STM32U599BJY6QTR, STM32U599NIH6Q, STM32U599NJH6Q, STM32U599VIT6Q, STM32U599VJT6, STM32U599VJT6Q, STM32U599ZIT6Q, STM32U599ZIY6QTR, STM32U599ZJT6Q, STM32U599ZJY6QTR, STM32U5A5AJH6, STM32U5A5AJH6Q, STM32U5A5QII3Q , STM32U5A5QJI6, STM32U5A5QJI6Q, STM32U5A5RJT6, STM32U5A5RJT6Q, STM32U5A5VJT6, STM32U5A5VJT6Q, STM32U5A5ZJT6, STM32U5A5ZJT6Q, STM32U5A5ZJY6QTR, STM32U5A9BJY6QTR, STM32U5A9J-DK, STM32U5A9NJH6Q, STM32U5A9VJT6Q, STM32U5A9ZJT6Q, STM32U5A9ZJY6QTR, STM32U5F7VIT6, STM32U5F7VIT6Q, STM32U5F7VJT6, STM32U5F7VJT6Q, STM32U5F9BJY6QTR, STM32U5F9NJH6Q, STM32U5F9VIT6Q, STM32U5F9VJT6Q, STM32U5F9ZIJ6QTR, STM32U5F9ZIT6Q, STM32U5F9ZJJ6QTR, STM32U5F9ZJT6Q, STM32U5G7VJT6, STM32U5G7VJT6Q, STM32U5G9BJY6QTR, STM32U5G9J-DK1, STM32U5G9J-DK2, STM32U5G9NJH6Q, STM32U5G9VJT6Q, STM32U5G9ZJJ6QTR, STM32U5G9ZJT6Q, STM32WB05KZV6TR, STM32WB05KZV7TR, STM32WB05TZF6TR, STM32WB05TZF7TR, STM32WB06CCF6TR, STM32WB06CCF7TR, STM32WB06CCV6TR, STM32WB06CCV7TR, STM32WB06KCV6TR, STM32WB06KCV7TR, STM32WB07CCF6TR, STM32WB07CCF7TR, STM32WB07CCV6TR, STM32WB07CCV7TR, STM32WB07KCV6TR, STM32WB07KCV7TR, STM32WB09KEV6TR, STM32WB09KEV7TR, STM32WB09TEF6TR, STM32WB09TEF7TR, STM32WB1MMCH6, STM32WBA50KGU6, STM32WBA50KGU6TR, STM32WBA52CEU6, STM32WBA52CEU6TR, STM32WBA52CEU7, STM32WBA52CEU7TR, STM32WBA52CGU6, STM32WBA52CGU6TR, STM32WBA52CGU6U, STM32WBA52CGU7, STM32WBA52CGU7TR, STM32WBA52KEU6, STM32WBA52KEU6TR, STM32WBA52KGU6, STM32WBA52KGU6TR, STM32WBA54CEU6, STM32WBA54CEU6TR, STM32WBA54CEU7, STM32WBA54CEU7TR, STM32WBA54CGU6, STM32WBA54CGU6TR, STM32WBA54CGU7, STM32WBA54CGU7TR, STM32WBA54KEU6, STM32WBA54KEU6TR, STM32WBA54KEU7, STM32WBA54KEU7TR, STM32WBA54KGU6, STM32WBA54KGU6TR, STM32WBA54KGU7, STM32WBA54KGU7TR, STM32WBA55CEU6, STM32WBA55CEU6TR, STM32WBA55CEU7, STM32WBA55CEU7TR, STM32WBA55CGU6, STM32WBA55CGU6TR, STM32WBA55CGU6U, STM32WBA55CGU7, STM32WBA55CGU7TR, STM32WBA55G-DK1, STM32WBA55HEF6, STM32WBA55HEF7, STM32WBA55HGF6, STM32WBA55HGF7, STM32WBA55UEI6, STM32WBA55UEI6TR, STM32WBA55UEI7, STM32WBA55UEI7TR, STM32WBA55UGI6, STM32WBA55UGI6TR, STM32WBA55UGI7, STM32WBA55UGI7TR, STM32WBA5MMGH6TR, STM32WBA62MGF6, STM32WBA62MIF6, STM32WBA65MGF7, STM32WBA65MIF6, STM32WBA65MIF7, STM32WL30K8V6, STM32WL30KBV6, STM32WL31C8V6, STM32WL31CBV6, STM32WL31K8V6, STM32WL31KBV6, STM32WL33C8V6, STM32WL33C8V6X, STM32WL33CBV6, STM32WL33CBV6X, STM32WL33CCV6, STM32WL33CCV6A, STM32WL33CCV6X, STM32WL33K8V7, STM32WL33K8V7X, STM32WL33KBV7 , STM32WL33KBV7X, STM32WL33KCV7, STM32WL33KCV7X, STM32WL5MOCH6, STM32WL5MOCH6TR]
2025-08-19 09:02:37,377 [INFO] DbMcus:218 - Found 4801 MCUs, 4801 are supported
2025-08-19 09:02:37,384 [INFO] ApiDb:423 - Load user favorites file C:\Users\nphis/.stm32cubeide/favorites.mcus.txt: 1 item(s)
2025-08-19 09:02:37,385 [INFO] ApiDb:427 - User favorites MCUs=[STM32F767ZIT6]
2025-08-19 09:02:37,385 [INFO] DbMcus:224 - Set 1 / 1 favorites MCUs
2025-08-19 09:02:37,694 [INFO] ApiDb:423 - Load user favorites file C:\Users\nphis/.stm32cubeide/favorites.boards.txt: 0 item(s)
2025-08-19 09:02:37,695 [INFO] ApiDb:427 - User favorites Boards=[]
2025-08-19 09:02:37,695 [INFO] DbBoards:198 - Set 0 / 0 favorites Boards
2025-08-19 09:02:37,756 [INFO] UtilMem:75 - End LoadConfig() Used Memory: 877428560 Bytes (1073741824)
2025-08-19 09:02:37,863 [WARN] ThirdParty:833 - waiting for thirdparty lock release [change project]
2025-08-19 09:02:37,863 [INFO] ThirdParty:835 - entering critical section [change project]
2025-08-19 09:02:37,864 [INFO] ThirdParty:1030 - CMSIS Pack Vendor :STMicroelectronics X-CUBE-PM33A1 1.0.0
2025-08-19 09:02:37,864 [INFO] ThirdParty:1030 - CMSIS Pack Vendor :STMicroelectronics USBPD 4.1
2025-08-19 09:02:37,864 [INFO] ThirdParty:1030 - CMSIS Pack Vendor :STMicroelectronics X-CUBE-NFC9 1.0.0
2025-08-19 09:02:37,864 [INFO] ThirdParty:1030 - CMSIS Pack Vendor :wolfSSL I-CUBE-wolfSSL 5.8.0
2025-08-19 09:02:37,864 [INFO] ThirdParty:1030 - CMSIS Pack Vendor :STMicroelectronics USB_HOST 2.0.0
2025-08-19 09:02:37,864 [INFO] ThirdParty:1030 - CMSIS Pack Vendor :STMicroelectronics FP-SNS-MOTENVWB1 1.4.0
2025-08-19 09:02:37,864 [INFO] ThirdParty:1030 - CMSIS Pack Vendor :STMicroelectronics X-CUBE-AZRTOS-F4 1.1.0
2025-08-19 09:02:37,864 [INFO] ThirdParty:1030 - CMSIS Pack Vendor :STMicroelectronics LIBJPEG 8.0.0
2025-08-19 09:02:37,864 [INFO] ThirdParty:1030 - CMSIS Pack Vendor :STMicroelectronics FP-ATR-ASTRA1 2.0.2
2025-08-19 09:02:37,864 [INFO] ThirdParty:1030 - CMSIS Pack Vendor :wolfSSL I-CUBE-wolfSSL 5.8.2
2025-08-19 09:02:37,864 [INFO] ThirdParty:1030 - CMSIS Pack Vendor :STMicroelectronics X-CUBE-BLE1 7.1.0
2025-08-19 09:02:37,864 [INFO] ThirdParty:1030 - CMSIS Pack Vendor :Avnet-IotConnect X-CUBE-IoTC-DA16k-PMOD 1.0.0
2025-08-19 09:02:37,864 [INFO] ThirdParty:1030 - CMSIS Pack Vendor :STMicroelectronics X-CUBE-SMBUS 2.1.0
2025-08-19 09:02:37,864 [INFO] ThirdParty:1030 - CMSIS Pack Vendor :wolfSSL I-CUBE-wolfMQTT 1.19.2
2025-08-19 09:02:37,864 [INFO] ThirdParty:1030 - CMSIS Pack Vendor :STMicroelectronics USB_DEVICE 3.0.0
2025-08-19 09:02:37,864 [INFO] ThirdParty:1030 - CMSIS Pack Vendor :STMicroelectronics X-CUBE-ISPU 2.1.0
2025-08-19 09:02:37,865 [INFO] ThirdParty:1030 - CMSIS Pack Vendor :STMicroelectronics X-CUBE-EEPRMA1 5.2.0
2025-08-19 09:02:37,865 [INFO] ThirdParty:1030 - CMSIS Pack Vendor :STMicroelectronics X-CUBE-BLEMGR 4.1.0
2025-08-19 09:02:37,865 [INFO] ThirdParty:1030 - CMSIS Pack Vendor :STMicroelectronics X-CUBE-AZRTOS-WB 2.0.0
2025-08-19 09:02:37,865 [INFO] ThirdParty:1030 - CMSIS Pack Vendor :STMicroelectronics X-CUBE-ST60 1.0.0
2025-08-19 09:02:37,865 [INFO] ThirdParty:1030 - CMSIS Pack Vendor :STMicroelectronics X-CUBE-GNSS1 7.0.1
2025-08-19 09:02:37,865 [INFO] ThirdParty:1030 - CMSIS Pack Vendor :STMicroelectronics X-CUBE-NFC12 1.0.0
2025-08-19 09:02:37,865 [INFO] ThirdParty:1030 - CMSIS Pack Vendor :STMicroelectronics X-CUBE-AZRTOS-F7 1.1.0
2025-08-19 09:02:37,865 [INFO] ThirdParty:1030 - CMSIS Pack Vendor :STMicroelectronics X-CUBE-AZRTOS-L5 2.0.0
2025-08-19 09:02:37,865 [INFO] ThirdParty:1030 - CMSIS Pack Vendor :STMicroelectronics X-CUBE-TOUCHGFX 4.25.0
2025-08-19 09:02:37,865 [INFO] ThirdParty:1030 - CMSIS Pack Vendor :STMicroelectronics USB_DEVICE 2.0.0
2025-08-19 09:02:37,865 [INFO] ThirdParty:1030 - CMSIS Pack Vendor :STMicroelectronics X-CUBE-NFC6 3.1.0
2025-08-19 09:02:37,865 [INFO] ThirdParty:1030 - CMSIS Pack Vendor :STMicroelectronics X-CUBE-AI 10.1.0
2025-08-19 09:02:37,865 [INFO] ThirdParty:1030 - CMSIS Pack Vendor :STMicroelectronics FP-SNS-STBOX1 2.0.0
2025-08-19 09:02:37,865 [INFO] ThirdParty:1030 - CMSIS Pack Vendor :quantropi X-CUBE-qispace-sdk-base 2.1.0
2025-08-19 09:02:37,865 [INFO] ThirdParty:1030 - CMSIS Pack Vendor :STMicroelectronics FreeRTOS 0.0.1
2025-08-19 09:02:37,865 [INFO] ThirdParty:1030 - CMSIS Pack Vendor :STMicroelectronics X-CUBE-AZRTOS-G0 1.1.0
2025-08-19 09:02:37,865 [INFO] ThirdParty:1030 - CMSIS Pack Vendor :STMicroelectronics X-CUBE-SAFEA1 1.2.2
2025-08-19 09:02:37,865 [INFO] ThirdParty:1030 - CMSIS Pack Vendor :STMicroelectronics X-CUBE-NFC4 3.0.0
2025-08-19 09:02:37,865 [INFO] ThirdParty:1030 - CMSIS Pack Vendor :STMicroelectronics X-CUBE-SUBG2 5.0.0
2025-08-19 09:02:37,865 [INFO] ThirdParty:1030 - CMSIS Pack Vendor :STMicroelectronics X-CUBE-AZRTOS-H7RS 1.1.0
2025-08-19 09:02:37,865 [INFO] ThirdParty:1030 - CMSIS Pack Vendor :STMicroelectronics STM32_WPAN 1.0.0
2025-08-19 09:02:37,865 [INFO] ThirdParty:1030 - CMSIS Pack Vendor :EmbeddedOffice I-CUBE-FS-RTOS 1.0.1
2025-08-19 09:02:37,865 [INFO] ThirdParty:1030 - CMSIS Pack Vendor :STMicroelectronics lwIP 2.0.3
2025-08-19 09:02:37,865 [INFO] ThirdParty:1030 - CMSIS Pack Vendor :Cesanta I-CUBE-Mongoose 7.13.0
2025-08-19 09:02:37,866 [INFO] ThirdParty:1030 - CMSIS Pack Vendor :STMicroelectronics USB_HOST 1.0.0
2025-08-19 09:02:37,866 [INFO] ThirdParty:1030 - CMSIS Pack Vendor :Infineon AIROC-Wi-Fi-Bluetooth-STM32 1.7.1
2025-08-19 09:02:37,866 [INFO] ThirdParty:1030 - CMSIS Pack Vendor :STMicroelectronics X-CUBE-AZRTOS-G4 2.0.0
2025-08-19 09:02:37,866 [INFO] ThirdParty:1030 - CMSIS Pack Vendor :STMicroelectronics X-CUBE-WB05N 2.0.0
2025-08-19 09:02:37,866 [INFO] ThirdParty:1030 - CMSIS Pack Vendor :STMicroelectronics PDM2PCM 3.1.0
2025-08-19 09:02:37,866 [INFO] ThirdParty:1030 - CMSIS Pack Vendor :STMicroelectronics PDM2PCM 3.3.0
2025-08-19 09:02:37,866 [INFO] ThirdParty:1030 - CMSIS Pack Vendor :wolfSSL I-CUBE-wolfTPM 3.8.0
2025-08-19 09:02:37,866 [INFO] ThirdParty:1030 - CMSIS Pack Vendor :STMicroelectronics X-CUBE-AZRTOS-H7 3.4.0
2025-08-19 09:02:37,866 [INFO] ThirdParty:1030 - CMSIS Pack Vendor :STMicroelectronics X-CUBE-DISPLAY 3.0.0
2025-08-19 09:02:37,866 [INFO] ThirdParty:1030 - CMSIS Pack Vendor :wolfSSL I-CUBE-wolfSSH 1.4.20
2025-08-19 09:02:37,866 [INFO] ThirdParty:1030 - CMSIS Pack Vendor :STMicroelectronics X-CUBE-NFC7 2.0.0
2025-08-19 09:02:37,866 [INFO] ThirdParty:1030 - CMSIS Pack Vendor :STMicroelectronics X-CUBE-TCPP 4.2.0
2025-08-19 09:02:37,866 [INFO] ThirdParty:1030 - CMSIS Pack Vendor :RealThread X-CUBE-RT-Thread_Nano 4.1.1
2025-08-19 09:02:37,866 [INFO] ThirdParty:1030 - CMSIS Pack Vendor :STMicroelectronics FP-ATR-SIGFOX1 3.2.0
2025-08-19 09:02:37,866 [INFO] ThirdParty:1030 - CMSIS Pack Vendor :STMicroelectronics X-CUBE-NFC10 1.0.0
2025-08-19 09:02:37,866 [INFO] ThirdParty:1030 - CMSIS Pack Vendor :STMicroelectronics X-CUBE-FREERTOS 1.3.1
2025-08-19 09:02:37,866 [INFO] ThirdParty:1030 - CMSIS Pack Vendor :STMicroelectronics HAL Drivers 0.0.0
2025-08-19 09:02:37,866 [INFO] ThirdParty:1030 - CMSIS Pack Vendor :STMicroelectronics MBEDTLS 2.16.2
2025-08-19 09:02:37,866 [INFO] ThirdParty:1030 - CMSIS Pack Vendor :STMicroelectronics X-CUBE-IPS 3.1.0
2025-08-19 09:02:37,866 [INFO] ThirdParty:1030 - CMSIS Pack Vendor :STMicroelectronics X-CUBE-ALS 1.0.2
2025-08-19 09:02:37,866 [INFO] ThirdParty:1030 - CMSIS Pack Vendor :emotas I-CUBE-CANOPEN 1.3.0
2025-08-19 09:02:37,866 [INFO] ThirdParty:1030 - CMSIS Pack Vendor :STMicroelectronics MBEDTLS 2.14.1
2025-08-19 09:02:37,866 [INFO] ThirdParty:1030 - CMSIS Pack Vendor :ITTIA_DB I-CUBE-ITTIADB 8.9.0
2025-08-19 09:02:37,866 [INFO] ThirdParty:1030 - CMSIS Pack Vendor :portGmbH I-Cube-SoM-uGOAL 1.1.0
2025-08-19 09:02:37,866 [INFO] ThirdParty:1030 - CMSIS Pack Vendor :STMicroelectronics X-CUBE-ST67W61 1.0.0
2025-08-19 09:02:37,866 [INFO] ThirdParty:1030 - CMSIS Pack Vendor :STMicroelectronics FP-SNS-STBOX1 2.1.0
2025-08-19 09:02:37,866 [INFO] ThirdParty:1030 - CMSIS Pack Vendor :STMicroelectronics X-CUBE-AI 10.2.0
2025-08-19 09:02:37,866 [INFO] ThirdParty:1030 - CMSIS Pack Vendor :STMicroelectronics FP-SNS-STAIOTCFT 1.0.0
2025-08-19 09:02:37,866 [INFO] ThirdParty:1030 - CMSIS Pack Vendor :STMicroelectronics ThreadX 1.0.0
2025-08-19 09:02:37,866 [INFO] ThirdParty:1030 - CMSIS Pack Vendor :STMicroelectronics FP-SNS-SMARTAG2 1.2.0
2025-08-19 09:02:37,866 [INFO] ThirdParty:1030 - CMSIS Pack Vendor :STMicroelectronics FP-SNS-FLIGHT1 5.1.0
2025-08-19 09:02:37,866 [INFO] ThirdParty:1030 - CMSIS Pack Vendor :STMicroelectronics X-CUBE-AZRTOS-WL 2.0.0
2025-08-19 09:02:37,866 [INFO] ThirdParty:1030 - CMSIS Pack Vendor :SEGGER I-CUBE-embOS 1.3.1
2025-08-19 09:02:37,866 [INFO] ThirdParty:1030 - CMSIS Pack Vendor :STMicroelectronics X-CUBE-ALGOBUILD 1.4.0
2025-08-19 09:02:37,866 [INFO] ThirdParty:1030 - CMSIS Pack Vendor :STMicroelectronics X-CUBE-DPower 1.3.0
2025-08-19 09:02:37,866 [INFO] ThirdParty:1030 - CMSIS Pack Vendor :STMicroelectronics X-CUBE-MEMS1 11.3.0
2025-08-19 09:02:37,866 [INFO] ThirdParty:1030 - CMSIS Pack Vendor :STMicroelectronics FP-SNS-MOTENV1 5.0.0
2025-08-19 09:02:37,866 [INFO] ThirdParty:1030 - CMSIS Pack Vendor :STMicroelectronics USB_DEVICE 1.0.0
2025-08-19 09:02:37,866 [INFO] ThirdParty:1030 - CMSIS Pack Vendor :STMicroelectronics X-CUBE-AZRTOS-L4 2.0.0
2025-08-19 09:02:37,867 [INFO] ThirdParty:1030 - CMSIS Pack Vendor :STMicroelectronics ThreadX 0.0.2
2025-08-19 09:02:37,867 [INFO] ThirdParty:1030 - CMSIS Pack Vendor :WES I-CUBE-Cesium 1.3.0
2025-08-19 09:02:37,867 [INFO] ThirdParty:1030 - CMSIS Pack Vendor :STMicroelectronics lwIP 2.1.2
2025-08-19 09:02:37,867 [INFO] ThirdParty:1030 - CMSIS Pack Vendor :STMicroelectronics X-CUBE-SFXS2LP1 4.0.0
2025-08-19 09:02:37,867 [INFO] ThirdParty:1030 - CMSIS Pack Vendor :STMicroelectronics X-CUBE-BLE2 3.3.0
2025-08-19 09:02:37,867 [INFO] ThirdParty:1030 - CMSIS Pack Vendor :STMicroelectronics X-CUBE-TOF1 3.4.3
2025-08-19 09:02:37,867 [INFO] ThirdParty:1030 - CMSIS Pack Vendor :STMicroelectronics PDM2PCM 3.2.0
2025-08-19 09:02:37,867 [INFO] ThirdParty:841 - exiting critical section [change project]
2025-08-19 09:02:38,388 [INFO] PinOutPanel:1589 - setPackage(No Configuration,No Configuration)
2025-08-19 09:02:38,389 [INFO] PinOutPanel:1589 - setPackage(STM32F767ZITx,LQFP144)
2025-08-19 09:02:38,880 [INFO] UtilMem:75 - Before build in PCC Used Memory: 831748912 Bytes (1073741824)
2025-08-19 09:02:39,586 [INFO] UtilMem:75 - After build in PCC Used Memory: 906267824 Bytes (1073741824)
2025-08-19 09:02:39,613 [INFO] IPUIPlugin:80 - create IPUIPlugin
2025-08-19 09:02:39,613 [INFO] IPUIPlugin:80 - create IPUIPlugin
2025-08-19 09:02:39,613 [INFO] IPUIPlugin:80 - create IPUIPlugin
2025-08-19 09:02:39,613 [INFO] IPUIPlugin:80 - create IPUIPlugin
2025-08-19 09:02:39,613 [INFO] IPUIPlugin:80 - create IPUIPlugin
2025-08-19 09:02:39,613 [INFO] IPUIPlugin:80 - create IPUIPlugin
2025-08-19 09:02:39,613 [INFO] IPUIPlugin:80 - create IPUIPlugin
2025-08-19 09:02:39,613 [INFO] IPUIPlugin:80 - create IPUIPlugin
2025-08-19 09:02:39,613 [INFO] IPUIPlugin:80 - create IPUIPlugin
2025-08-19 09:02:39,613 [INFO] IPUIPlugin:80 - create IPUIPlugin
2025-08-19 09:02:39,613 [INFO] IPUIPlugin:80 - create IPUIPlugin
2025-08-19 09:02:39,613 [INFO] IPUIPlugin:80 - create IPUIPlugin
2025-08-19 09:02:39,614 [INFO] IPUIPlugin:80 - create IPUIPlugin
2025-08-19 09:02:39,614 [INFO] IPUIPlugin:80 - create IPUIPlugin
2025-08-19 09:02:39,614 [INFO] IPUIPlugin:80 - create IPUIPlugin
2025-08-19 09:02:39,614 [INFO] IPUIPlugin:80 - create IPUIPlugin
2025-08-19 09:02:39,614 [INFO] IPUIPlugin:80 - create IPUIPlugin
2025-08-19 09:02:39,614 [INFO] IPUIPlugin:80 - create IPUIPlugin
2025-08-19 09:02:39,614 [INFO] IPUIPlugin:80 - create IPUIPlugin
2025-08-19 09:02:39,614 [INFO] IPUIPlugin:80 - create IPUIPlugin
2025-08-19 09:02:39,614 [INFO] IPUIPlugin:80 - create IPUIPlugin
2025-08-19 09:02:39,614 [INFO] IPUIPlugin:80 - create IPUIPlugin
2025-08-19 09:02:39,614 [INFO] IPUIPlugin:80 - create IPUIPlugin
2025-08-19 09:02:39,614 [INFO] IPUIPlugin:80 - create IPUIPlugin
2025-08-19 09:02:39,614 [INFO] IPUIPlugin:80 - create IPUIPlugin
2025-08-19 09:02:39,615 [INFO] IPUIPlugin:80 - create IPUIPlugin
2025-08-19 09:02:39,615 [INFO] IPUIPlugin:80 - create IPUIPlugin
2025-08-19 09:02:39,615 [INFO] IPUIPlugin:80 - create IPUIPlugin
2025-08-19 09:02:39,615 [INFO] IPUIPlugin:80 - create IPUIPlugin
2025-08-19 09:02:39,616 [INFO] IPUIPlugin:80 - create IPUIPlugin
2025-08-19 09:02:39,616 [INFO] IPUIPlugin:80 - create IPUIPlugin
2025-08-19 09:02:39,616 [INFO] IPUIPlugin:80 - create IPUIPlugin
2025-08-19 09:02:39,616 [INFO] IPUIPlugin:80 - create IPUIPlugin
2025-08-19 09:02:39,616 [INFO] IPUIPlugin:80 - create IPUIPlugin
2025-08-19 09:02:39,616 [INFO] IPUIPlugin:80 - create IPUIPlugin
2025-08-19 09:02:39,616 [INFO] IPUIPlugin:80 - create IPUIPlugin
2025-08-19 09:02:39,616 [INFO] IPUIPlugin:80 - create IPUIPlugin
2025-08-19 09:02:39,616 [INFO] IPUIPlugin:80 - create IPUIPlugin
2025-08-19 09:02:39,617 [INFO] IPUIPlugin:80 - create IPUIPlugin
2025-08-19 09:02:39,617 [INFO] IPUIPlugin:80 - create IPUIPlugin
2025-08-19 09:02:39,617 [INFO] IPUIPlugin:80 - create IPUIPlugin
2025-08-19 09:02:39,617 [INFO] IPUIPlugin:80 - create IPUIPlugin
2025-08-19 09:02:39,617 [INFO] IPUIPlugin:80 - create IPUIPlugin
2025-08-19 09:02:39,617 [INFO] IPUIPlugin:80 - create IPUIPlugin
2025-08-19 09:02:39,617 [INFO] IPUIPlugin:80 - create IPUIPlugin
2025-08-19 09:02:39,617 [INFO] IPUIPlugin:80 - create IPUIPlugin
2025-08-19 09:02:39,618 [INFO] IPUIPlugin:80 - create IPUIPlugin
2025-08-19 09:02:39,618 [INFO] IPUIPlugin:80 - create IPUIPlugin
2025-08-19 09:02:39,618 [INFO] IPUIPlugin:80 - create IPUIPlugin
2025-08-19 09:02:39,618 [INFO] IPUIPlugin:80 - create IPUIPlugin
2025-08-19 09:02:39,618 [INFO] IPUIPlugin:80 - create IPUIPlugin
2025-08-19 09:02:39,618 [INFO] IPUIPlugin:80 - create IPUIPlugin
2025-08-19 09:02:39,618 [INFO] IPUIPlugin:80 - create IPUIPlugin
2025-08-19 09:02:39,618 [INFO] IPUIPlugin:80 - create IPUIPlugin
2025-08-19 09:02:39,618 [INFO] IPUIPlugin:80 - create IPUIPlugin
2025-08-19 09:02:39,619 [INFO] IPUIPlugin:80 - create IPUIPlugin
2025-08-19 09:02:39,619 [INFO] IPUIPlugin:80 - create IPUIPlugin
2025-08-19 09:02:39,619 [INFO] IPUIPlugin:80 - create IPUIPlugin
2025-08-19 09:02:39,619 [INFO] IPUIPlugin:80 - create IPUIPlugin
2025-08-19 09:02:39,619 [INFO] IPUIPlugin:80 - create IPUIPlugin
2025-08-19 09:02:39,619 [INFO] IPUIPlugin:80 - create IPUIPlugin
2025-08-19 09:02:39,619 [INFO] IPUIPlugin:80 - create IPUIPlugin
2025-08-19 09:02:39,620 [INFO] IPUIPlugin:80 - create IPUIPlugin
2025-08-19 09:02:39,620 [INFO] IPUIPlugin:80 - create IPUIPlugin
2025-08-19 09:02:39,620 [INFO] IPUIPlugin:80 - create IPUIPlugin
2025-08-19 09:02:39,620 [INFO] IPUIPlugin:80 - create IPUIPlugin
2025-08-19 09:02:39,620 [INFO] IPUIPlugin:80 - create IPUIPlugin
2025-08-19 09:02:39,620 [INFO] IPUIPlugin:80 - create IPUIPlugin
2025-08-19 09:02:39,621 [INFO] IPUIPlugin:80 - create IPUIPlugin
2025-08-19 09:02:39,621 [INFO] IPUIPlugin:80 - create IPUIPlugin
2025-08-19 09:02:39,621 [INFO] IPUIPlugin:80 - create IPUIPlugin
2025-08-19 09:02:39,621 [INFO] IPUIPlugin:80 - create IPUIPlugin
2025-08-19 09:02:39,621 [INFO] IPUIPlugin:80 - create IPUIPlugin
2025-08-19 09:02:39,622 [INFO] IPUIPlugin:80 - create IPUIPlugin
2025-08-19 09:02:39,622 [INFO] IPUIPlugin:80 - create IPUIPlugin
2025-08-19 09:02:39,622 [INFO] IPUIPlugin:80 - create IPUIPlugin
2025-08-19 09:02:39,623 [INFO] IPUIPlugin:80 - create IPUIPlugin
2025-08-19 09:02:39,623 [INFO] IPUIPlugin:80 - create IPUIPlugin
2025-08-19 09:02:39,623 [INFO] IPUIPlugin:80 - create IPUIPlugin
2025-08-19 09:02:39,688 [INFO] ApiDbMcu:532 - Load IP Config File for PDM2PCM
2025-08-19 09:02:39,867 [INFO] CADModel:165 - CPN selected for project levelSTM32F767ZIT6
2025-08-19 09:02:39,867 [INFO] CADModel:114 - Register for checkConnection events
2025-08-19 09:02:39,918 [INFO] OpenFileManager:386 - Restore cursor
2025-08-19 09:04:50,082 [INFO] Gpio:278 - dependency for GPIO [ADC1, USART3]
2025-08-19 09:27:43,394 [INFO] Gpio:278 - dependency for GPIO [ADC1, USART3]
2025-08-19 09:28:00,598 [INFO] ADCParametersView:116 -                Rank 1 : false
2025-08-19 09:28:00,681 [INFO] ADCParametersView:116 -                Rank 1 : false
2025-08-19 09:28:00,681 [INFO] ADCParametersView:116 -                Rank 1 : false
2025-08-19 09:28:00,681 [INFO] ADCParametersView:116 -                Rank 1 : false
2025-08-19 09:28:00,681 [INFO] ADCParametersView:116 -                Rank 1 : false
2025-08-19 09:28:00,681 [INFO] ADCParametersView:116 -                Rank 1 : false
2025-08-19 09:28:00,681 [INFO] ADCParametersView:116 -                Rank 1 : false
2025-08-19 09:28:00,681 [INFO] ADCParametersView:116 -                Rank 1 : false
2025-08-19 09:28:00,681 [INFO] ADCParametersView:116 -                Rank 1 : false
2025-08-19 09:28:00,681 [INFO] ADCParametersView:116 -                Rank 1 : false
2025-08-19 09:28:00,681 [INFO] ADCParametersView:116 -                Rank 1 : false
2025-08-19 09:28:00,681 [INFO] ADCParametersView:116 -                Rank 1 : false
2025-08-19 09:28:00,681 [INFO] ADCParametersView:116 -                Rank 1 : false
2025-08-19 09:28:00,682 [INFO] ADCParametersView:116 -                Rank 1 : false
2025-08-19 09:28:00,682 [INFO] ADCParametersView:116 -                Rank 1 : false
2025-08-19 09:28:00,713 [INFO] ADCParametersView:116 -                Rank 1 : false
2025-08-19 09:31:14,386 [INFO] WebApp:194 - Connection lost
2025-08-19 09:31:14,644 [INFO] WebApp:191 - Connection restablished
2025-08-19 09:33:52,522 [ERROR] LogOutputStream:75 - [STDERR_REDIRECT] 
2025-08-19 09:37:57,712 [INFO] Activator:176 - 


2025-08-19 09:37:57,713 [INFO] Activator:177 - !SESSION log4j initialized
2025-08-19 09:38:03,012 [INFO] LogOutputStream:77 - [STDOUT_REDIRECT] 
2025-08-19 09:38:04,435 [INFO] ApplicationProperties:184 - Using Application install path: E:\STM32CubeIDE_1.19.0\STM32CubeIDE\plugins\com.st.stm32cube.common.mx_6.15.0.202507011659
2025-08-19 09:38:04,446 [INFO] DbMcusXml:78 - Set database path to: E:\STM32CubeIDE_1.19.0\STM32CubeIDE\plugins\com.st.stm32cube.common.mx_6.15.0.202507011659\\db\/mcu/
2025-08-19 09:38:04,447 [INFO] ApiDb:274 - Set plugin database path to: E:\STM32CubeIDE_1.19.0\STM32CubeIDE\plugins\com.st.stm32cube.common.mx_6.15.0.202507011659\\db\/plugins/boardmanager/
2025-08-19 09:38:04,447 [WARN] ApiDb:259 - Overriding images path with different value:  => E:\STM32CubeIDE_1.19.0\STM32CubeIDE\plugins\com.st.stm32cube.common.mx_6.15.0.202507011659\\db\/plugins/mcufinder/images/
2025-08-19 09:38:04,455 [INFO] ApiDb:250 - Set database path to: C:\Users\nphis\.stmcufinder\plugins\mcufinder//mcu/
2025-08-19 09:38:04,456 [INFO] DbMcusAds:125 - Set database path to: C:\Users\nphis\.stmcufinder\plugins\mcufinder//mcu/
2025-08-19 09:38:04,457 [INFO] CrossReferenceDbSqlite:203 - Set database path to: C:\Users\nphis\.stmcufinder\plugins\mcufinder//mcu/cs/
2025-08-19 09:38:04,545 [INFO] RulesReader:64 - Compatibility file has been processed (317 Rules)
2025-08-19 09:38:04,600 [INFO] DbMcusXml:78 - Set database path to: E:\STM32CubeIDE_1.19.0\STM32CubeIDE\plugins\com.st.stm32cube.common.mx_6.15.0.202507011659\\db\/mcu/
2025-08-19 09:38:04,600 [INFO] ApiDb:274 - Set plugin database path to: E:\STM32CubeIDE_1.19.0\STM32CubeIDE\plugins\com.st.stm32cube.common.mx_6.15.0.202507011659\\db\/plugins/boardmanager/
2025-08-19 09:38:04,600 [INFO] ApiDb:261 - Set plugin images path to: E:\STM32CubeIDE_1.19.0\STM32CubeIDE\plugins\com.st.stm32cube.common.mx_6.15.0.202507011659\\db\/plugins/mcufinder/images/
2025-08-19 09:38:04,601 [WARN] DbFile:41 - Overriding database path with different value: C:\Users\nphis\.stmcufinder\plugins\mcufinder/ => C:\Users\nphis\.stmcufinder\plugins\mcufinder
2025-08-19 09:38:04,601 [INFO] ApiDb:250 - Set database path to: C:\Users\nphis\.stmcufinder\plugins\mcufinder//mcu/
2025-08-19 09:38:04,601 [WARN] DbFile:41 - Overriding database path with different value: C:\Users\nphis\.stmcufinder\plugins\mcufinder/ => C:\Users\nphis\.stmcufinder\plugins\mcufinder
2025-08-19 09:38:04,601 [INFO] DbMcusAds:125 - Set database path to: C:\Users\nphis\.stmcufinder\plugins\mcufinder//mcu/
2025-08-19 09:38:04,601 [WARN] DbFile:41 - Overriding database path with different value: C:\Users\nphis\.stmcufinder\plugins\mcufinder/ => C:\Users\nphis\.stmcufinder\plugins\mcufinder
2025-08-19 09:38:04,601 [WARN] DbFile:41 - Overriding database path with different value: C:\Users\nphis\.stmcufinder\plugins\mcufinder/ => C:\Users\nphis\.stmcufinder\plugins\mcufinder
2025-08-19 09:38:04,601 [INFO] CrossReferenceDbSqlite:203 - Set database path to: C:\Users\nphis\.stmcufinder\plugins\mcufinder//mcu/cs/
2025-08-19 09:38:04,653 [INFO] MainPanel:274 - HeapMemory: 268435456
2025-08-19 09:38:04,729 [INFO] DbMcusXml:78 - Set database path to: E:\STM32CubeIDE_1.19.0\STM32CubeIDE\plugins\com.st.stm32cube.common.mx_6.15.0.202507011659\\db\/mcu/
2025-08-19 09:38:04,730 [INFO] ApiDb:274 - Set plugin database path to: E:\STM32CubeIDE_1.19.0\STM32CubeIDE\plugins\com.st.stm32cube.common.mx_6.15.0.202507011659\\db\/plugins/boardmanager/
2025-08-19 09:38:04,730 [INFO] ApiDb:261 - Set plugin images path to: E:\STM32CubeIDE_1.19.0\STM32CubeIDE\plugins\com.st.stm32cube.common.mx_6.15.0.202507011659\\db\/plugins/mcufinder/images/
2025-08-19 09:38:04,730 [WARN] DbFile:41 - Overriding database path with different value: C:\Users\nphis\.stmcufinder\plugins\mcufinder/ => C:\Users\nphis\.stmcufinder\plugins\mcufinder
2025-08-19 09:38:04,730 [INFO] ApiDb:250 - Set database path to: C:\Users\nphis\.stmcufinder\plugins\mcufinder//mcu/
2025-08-19 09:38:04,730 [WARN] DbFile:41 - Overriding database path with different value: C:\Users\nphis\.stmcufinder\plugins\mcufinder/ => C:\Users\nphis\.stmcufinder\plugins\mcufinder
2025-08-19 09:38:04,730 [INFO] DbMcusAds:125 - Set database path to: C:\Users\nphis\.stmcufinder\plugins\mcufinder//mcu/
2025-08-19 09:38:04,730 [WARN] DbFile:41 - Overriding database path with different value: C:\Users\nphis\.stmcufinder\plugins\mcufinder/ => C:\Users\nphis\.stmcufinder\plugins\mcufinder
2025-08-19 09:38:04,730 [WARN] DbFile:41 - Overriding database path with different value: C:\Users\nphis\.stmcufinder\plugins\mcufinder/ => C:\Users\nphis\.stmcufinder\plugins\mcufinder
2025-08-19 09:38:04,730 [INFO] CrossReferenceDbSqlite:203 - Set database path to: C:\Users\nphis\.stmcufinder\plugins\mcufinder//mcu/cs/
2025-08-19 09:38:04,743 [INFO] ApplicationProperties:184 - Using Application install path: E:\STM32CubeIDE_1.19.0\STM32CubeIDE\plugins\com.st.stm32cube.common.mx_6.15.0.202507011659
2025-08-19 09:38:04,744 [INFO] PluginManage:196 - Search for loadable plugins [exclusion list=, ]
2025-08-19 09:38:04,745 [INFO] PluginManage:310 - Check plugin analytics
2025-08-19 09:38:04,892 [INFO] AnalyticsPlugin:253 - Accepted Software Licenses: STM32CubeMX.6.15.0
2025-08-19 09:38:04,892 [INFO] AnalyticsPlugin:255 - Accepted CMSIS Pack Licenses: 
2025-08-19 09:38:04,892 [INFO] AnalyticsPlugin:257 - Accepted Firmware Licenses: FW.F7.1.17.0,FW.F4.1.28.0
2025-08-19 09:38:04,895 [INFO] PluginManage:359 - Loaded plugin analytics (category:tool,tabindex:-1)
2025-08-19 09:38:04,896 [INFO] PluginManage:310 - Check plugin cadmodel
2025-08-19 09:38:04,913 [INFO] CADModel:105 - Init CAD model plugin
2025-08-19 09:38:04,913 [INFO] PluginManage:359 - Loaded plugin cadmodel (category:power,tabindex:5)
2025-08-19 09:38:04,913 [INFO] PluginManage:310 - Check plugin clock
2025-08-19 09:38:04,932 [INFO] PluginManage:359 - Loaded plugin clock (category:base,tabindex:2)
2025-08-19 09:38:04,932 [INFO] PluginManage:310 - Check plugin ddr
2025-08-19 09:38:04,935 [INFO] PluginManage:359 - Loaded plugin ddr (category:tool,tabindex:6)
2025-08-19 09:38:04,935 [INFO] PluginManage:310 - Check plugin filemanager
2025-08-19 09:38:05,059 [INFO] PluginManage:359 - Loaded plugin filemanager (category:base,tabindex:10)
2025-08-19 09:38:05,059 [INFO] PluginManage:310 - Check plugin ipmanager
2025-08-19 09:38:05,064 [INFO] PluginManage:359 - Loaded plugin ipmanager (category:base,tabindex:5)
2025-08-19 09:38:05,064 [INFO] PluginManage:310 - Check plugin lpbam
2025-08-19 09:38:05,078 [INFO] PluginManage:359 - Loaded plugin lpbam (category:base,tabindex:0)
2025-08-19 09:38:05,078 [INFO] PluginManage:310 - Check plugin memorymap
2025-08-19 09:38:05,097 [INFO] PluginManage:359 - Loaded plugin memorymap (category:base,tabindex:4)
2025-08-19 09:38:05,097 [INFO] PluginManage:310 - Check plugin pinoutandconfiguration
2025-08-19 09:38:05,112 [INFO] PluginManage:359 - Loaded plugin pinoutandconfiguration (category:base,tabindex:1)
2025-08-19 09:38:05,112 [INFO] PluginManage:310 - Check plugin pinoutconfig
2025-08-19 09:38:05,221 [WARN] SupportedApi:132 - Cannot load RTOS API schema: s4s-elt-must-match.1: The content of 'definitions' must match (annotation?, (simpleType | complexType)?, (unique | key | keyref)*)). A problem was found starting at: attribute.
2025-08-19 09:38:05,348 [INFO] PluginManage:359 - Loaded plugin pinoutconfig (category:base,tabindex:0)
2025-08-19 09:38:05,348 [INFO] PluginManage:310 - Check plugin power
2025-08-19 09:38:05,363 [INFO] PluginManage:359 - Loaded plugin power (category:power,tabindex:4)
2025-08-19 09:38:05,363 [INFO] PluginManage:310 - Check plugin projectmanager
2025-08-19 09:38:05,377 [INFO] PluginManage:359 - Loaded plugin projectmanager (category:projectmanager,tabindex:4)
2025-08-19 09:38:05,377 [INFO] PluginManage:310 - Check plugin rif
2025-08-19 09:38:05,397 [INFO] PluginManage:359 - Loaded plugin rif (category:base,tabindex:3)
2025-08-19 09:38:05,397 [INFO] PluginManage:310 - Check plugin thirdparty
2025-08-19 09:38:05,564 [INFO] PluginManage:359 - Loaded plugin thirdparty (category:base,tabindex:-1)
2025-08-19 09:38:05,564 [INFO] PluginManage:310 - Check plugin tools
2025-08-19 09:38:05,564 [WARN] IntegrityCheckThread:84 - waiting for thirdparty lock release [integrity check]
2025-08-19 09:38:05,564 [INFO] IntegrityCheckThread:86 - entering critical section [integrity check]
2025-08-19 09:38:05,565 [INFO] ThirdPartyUpdaterWithRetryManager:70 - Updater plugin not ready yet. [1/15]
2025-08-19 09:38:05,597 [INFO] PluginManage:359 - Loaded plugin tools (category:base,tabindex:7)
2025-08-19 09:38:05,597 [INFO] PluginManage:310 - Check plugin tutovideos
2025-08-19 09:38:05,749 [INFO] PluginManage:359 - Loaded plugin tutovideos (category:base,tabindex:-1)
2025-08-19 09:38:05,749 [INFO] PluginManage:310 - Check plugin updater
2025-08-19 09:38:05,765 [INFO] PluginManage:359 - Loaded plugin updater (category:base,tabindex:12)
2025-08-19 09:38:05,765 [INFO] PluginManage:310 - Check plugin userauth
2025-08-19 09:38:05,768 [INFO] UserAuth:118 - Init User Auth plugin
2025-08-19 09:38:05,769 [INFO] PluginManage:359 - Loaded plugin userauth (category:base,tabindex:14)
2025-08-19 09:38:05,769 [INFO] PluginManage:283 - PluginManage : Loaded plugins [18]
2025-08-19 09:38:05,933 [INFO] PinOutPanel:1589 - setPackage(No Configuration,No Configuration)
2025-08-19 09:38:05,991 [INFO] CADModel:165 - CPN selected for project level
2025-08-19 09:38:05,991 [INFO] CADModel:114 - Register for checkConnection events
2025-08-19 09:38:06,013 [INFO] IPUIPlugin:80 - create IPUIPlugin
2025-08-19 09:38:06,013 [INFO] PluginManager:220 - loadIPPluginJar : add adc
2025-08-19 09:38:06,048 [INFO] IPUIPlugin:80 - create IPUIPlugin
2025-08-19 09:38:06,048 [INFO] PluginManager:220 - loadIPPluginJar : add aes
2025-08-19 09:38:06,087 [INFO] IPUIPlugin:80 - create IPUIPlugin
2025-08-19 09:38:06,087 [INFO] PluginManager:220 - loadIPPluginJar : add can
2025-08-19 09:38:06,112 [INFO] IPUIPlugin:80 - create IPUIPlugin
2025-08-19 09:38:06,112 [INFO] PluginManager:220 - loadIPPluginJar : add comp
2025-08-19 09:38:06,141 [INFO] IPUIPlugin:80 - create IPUIPlugin
2025-08-19 09:38:06,141 [INFO] PluginManager:220 - loadIPPluginJar : add cryp
2025-08-19 09:38:06,152 [INFO] IPUIPlugin:80 - create IPUIPlugin
2025-08-19 09:38:06,152 [INFO] PluginManager:220 - loadIPPluginJar : add ddr_ctrl_phy
2025-08-19 09:38:06,178 [INFO] IPUIPlugin:80 - create IPUIPlugin
2025-08-19 09:38:06,179 [INFO] PluginManager:220 - loadIPPluginJar : add dfsdm
2025-08-19 09:38:06,192 [INFO] IPUIPlugin:80 - create IPUIPlugin
2025-08-19 09:38:06,192 [INFO] PluginManager:220 - loadIPPluginJar : add dma
2025-08-19 09:38:06,227 [INFO] IPUIPlugin:80 - create IPUIPlugin
2025-08-19 09:38:06,227 [INFO] PluginManager:220 - loadIPPluginJar : add dma3
2025-08-19 09:38:06,263 [INFO] IPUIPlugin:80 - create IPUIPlugin
2025-08-19 09:38:06,263 [INFO] PluginManager:220 - loadIPPluginJar : add extmemmanager
2025-08-19 09:38:06,284 [INFO] IPUIPlugin:80 - create IPUIPlugin
2025-08-19 09:38:06,284 [INFO] PluginManager:220 - loadIPPluginJar : add fatfs
2025-08-19 09:38:06,322 [INFO] IPUIPlugin:80 - create IPUIPlugin
2025-08-19 09:38:06,322 [INFO] PluginManager:220 - loadIPPluginJar : add fmc
2025-08-19 09:38:06,336 [INFO] IPUIPlugin:80 - create IPUIPlugin
2025-08-19 09:38:06,336 [INFO] PluginManager:220 - loadIPPluginJar : add freertos
2025-08-19 09:38:06,355 [INFO] IPUIPlugin:80 - create IPUIPlugin
2025-08-19 09:38:06,355 [INFO] PluginManager:220 - loadIPPluginJar : add genericplugin
2025-08-19 09:38:06,436 [INFO] IPUIPlugin:80 - create IPUIPlugin
2025-08-19 09:38:06,437 [INFO] PluginManager:220 - loadIPPluginJar : add gfxmmu
2025-08-19 09:38:06,540 [INFO] IPUIPlugin:80 - create IPUIPlugin
2025-08-19 09:38:06,540 [INFO] PluginManager:220 - loadIPPluginJar : add gic
2025-08-19 09:38:06,551 [INFO] IPUIPlugin:80 - create IPUIPlugin
2025-08-19 09:38:06,551 [INFO] PluginManager:220 - loadIPPluginJar : add gpio
2025-08-19 09:38:06,646 [INFO] IPUIPlugin:80 - create IPUIPlugin
2025-08-19 09:38:06,646 [INFO] PluginManager:220 - loadIPPluginJar : add gtzc
2025-08-19 09:38:06,683 [INFO] IPUIPlugin:80 - create IPUIPlugin
2025-08-19 09:38:06,683 [INFO] PluginManager:220 - loadIPPluginJar : add hash
2025-08-19 09:38:06,744 [INFO] IPUIPlugin:80 - create IPUIPlugin
2025-08-19 09:38:06,745 [INFO] PluginManager:220 - loadIPPluginJar : add i2c
2025-08-19 09:38:06,786 [INFO] IPUIPlugin:80 - create IPUIPlugin
2025-08-19 09:38:06,786 [INFO] PluginManager:220 - loadIPPluginJar : add i2s
2025-08-19 09:38:06,829 [INFO] IPUIPlugin:80 - create IPUIPlugin
2025-08-19 09:38:06,830 [INFO] PluginManager:220 - loadIPPluginJar : add i3c
2025-08-19 09:38:06,920 [INFO] IPUIPlugin:80 - create IPUIPlugin
2025-08-19 09:38:06,921 [INFO] PluginManager:220 - loadIPPluginJar : add ipddr
2025-08-19 09:38:07,010 [INFO] IPUIPlugin:80 - create IPUIPlugin
2025-08-19 09:38:07,010 [INFO] PluginManager:220 - loadIPPluginJar : add linkedlist
2025-08-19 09:38:07,043 [INFO] IPUIPlugin:80 - create IPUIPlugin
2025-08-19 09:38:07,043 [INFO] PluginManager:220 - loadIPPluginJar : add lorawan
2025-08-19 09:38:07,075 [INFO] IPUIPlugin:80 - create IPUIPlugin
2025-08-19 09:38:07,075 [INFO] PluginManager:220 - loadIPPluginJar : add ltdc
2025-08-19 09:38:07,089 [INFO] IPUIPlugin:80 - create IPUIPlugin
2025-08-19 09:38:07,089 [INFO] PluginManager:220 - loadIPPluginJar : add mdma
2025-08-19 09:38:07,100 [INFO] IPUIPlugin:80 - create IPUIPlugin
2025-08-19 09:38:07,100 [INFO] PluginManager:220 - loadIPPluginJar : add nvic
2025-08-19 09:38:07,134 [INFO] IPUIPlugin:80 - create IPUIPlugin
2025-08-19 09:38:07,134 [INFO] PluginManager:220 - loadIPPluginJar : add opamp
2025-08-19 09:38:07,191 [INFO] IPUIPlugin:80 - create IPUIPlugin
2025-08-19 09:38:07,191 [INFO] PluginManager:220 - loadIPPluginJar : add openamp
2025-08-19 09:38:07,229 [INFO] IPUIPlugin:80 - create IPUIPlugin
2025-08-19 09:38:07,229 [INFO] PluginManager:220 - loadIPPluginJar : add pdm2pcm
2025-08-19 09:38:07,242 [INFO] IPUIPlugin:80 - create IPUIPlugin
2025-08-19 09:38:07,244 [INFO] PluginManager:220 - loadIPPluginJar : add plateformsettings
2025-08-19 09:38:07,267 [INFO] IPUIPlugin:80 - create IPUIPlugin
2025-08-19 09:38:07,267 [INFO] PluginManager:220 - loadIPPluginJar : add quadspi
2025-08-19 09:38:07,292 [INFO] IPUIPlugin:80 - create IPUIPlugin
2025-08-19 09:38:07,292 [INFO] PluginManager:220 - loadIPPluginJar : add radio
2025-08-19 09:38:07,304 [INFO] IPUIPlugin:80 - create IPUIPlugin
2025-08-19 09:38:07,304 [INFO] PluginManager:220 - loadIPPluginJar : add resmgrutility
2025-08-19 09:38:07,347 [INFO] IPUIPlugin:80 - create IPUIPlugin
2025-08-19 09:38:07,347 [INFO] PluginManager:220 - loadIPPluginJar : add sai
2025-08-19 09:38:07,381 [INFO] IPUIPlugin:80 - create IPUIPlugin
2025-08-19 09:38:07,381 [INFO] PluginManager:220 - loadIPPluginJar : add spi
2025-08-19 09:38:07,447 [INFO] IPUIPlugin:80 - create IPUIPlugin
2025-08-19 09:38:07,447 [INFO] PluginManager:220 - loadIPPluginJar : add stm32_wpan
2025-08-19 09:38:07,471 [INFO] IPUIPlugin:80 - create IPUIPlugin
2025-08-19 09:38:07,471 [INFO] PluginManager:220 - loadIPPluginJar : add tim
2025-08-19 09:38:07,523 [INFO] IPUIPlugin:80 - create IPUIPlugin
2025-08-19 09:38:07,523 [INFO] PluginManager:220 - loadIPPluginJar : add touchsensing
2025-08-19 09:38:07,545 [INFO] IPUIPlugin:80 - create IPUIPlugin
2025-08-19 09:38:07,545 [INFO] PluginManager:220 - loadIPPluginJar : add tracer_emb
2025-08-19 09:38:07,567 [INFO] IPUIPlugin:80 - create IPUIPlugin
2025-08-19 09:38:07,567 [INFO] PluginManager:220 - loadIPPluginJar : add ts
2025-08-19 09:38:07,590 [INFO] IPUIPlugin:80 - create IPUIPlugin
2025-08-19 09:38:07,590 [INFO] PluginManager:220 - loadIPPluginJar : add tsc
2025-08-19 09:38:07,610 [INFO] IPUIPlugin:80 - create IPUIPlugin
2025-08-19 09:38:07,610 [INFO] PluginManager:220 - loadIPPluginJar : add ucpd
2025-08-19 09:38:07,646 [INFO] IPUIPlugin:80 - create IPUIPlugin
2025-08-19 09:38:07,646 [INFO] PluginManager:220 - loadIPPluginJar : add usart
2025-08-19 09:38:07,685 [INFO] IPUIPlugin:80 - create IPUIPlugin
2025-08-19 09:38:07,685 [INFO] PluginManager:220 - loadIPPluginJar : add usbx
2025-08-19 09:38:07,791 [FATAL] Updater:351 - Updater called before beeing initialized
2025-08-19 09:38:07,823 [INFO] RulesReader:64 - Compatibility file has been processed (317 Rules)
2025-08-19 09:38:07,828 [INFO] RulesReader:64 - Compatibility file has been processed (317 Rules)
2025-08-19 09:38:07,837 [INFO] CADModel:165 - CPN selected for project level
2025-08-19 09:38:07,837 [INFO] CADModel:114 - Register for checkConnection events
2025-08-19 09:38:07,837 [FATAL] Updater:351 - Updater called before beeing initialized
2025-08-19 09:38:07,837 [ERROR] CADModel:125 - Updater not yet initialized, retry later 
2025-08-19 09:38:07,931 [FATAL] Updater:351 - Updater called before beeing initialized
2025-08-19 09:38:07,932 [INFO] CADModel:165 - CPN selected for project level
2025-08-19 09:38:07,933 [INFO] CADModel:114 - Register for checkConnection events
2025-08-19 09:38:07,933 [FATAL] Updater:351 - Updater called before beeing initialized
2025-08-19 09:38:07,933 [ERROR] CADModel:125 - Updater not yet initialized, retry later 
2025-08-19 09:38:07,936 [FATAL] Updater:351 - Updater called before beeing initialized
2025-08-19 09:38:08,025 [FATAL] Updater:351 - Updater called before beeing initialized
2025-08-19 09:38:08,029 [INFO] DbMcusAds:53 - JSON generation date=Tue Jul 08 15:14:23 ICT 2025 (1751962463582)
2025-08-19 09:38:08,029 [FATAL] Updater:351 - Updater called before beeing initialized
2025-08-19 09:38:08,102 [WARN] DetailPanel:346 - Failed to get advertising image, set to default
2025-08-19 09:38:08,163 [FATAL] Updater:351 - Updater called before beeing initialized
2025-08-19 09:38:08,164 [FATAL] Updater:351 - Updater called before beeing initialized
2025-08-19 09:38:08,164 [FATAL] Updater:351 - Updater called before beeing initialized
2025-08-19 09:38:08,164 [WARN] DetailPanel:346 - Failed to get advertising image, set to default
2025-08-19 09:38:08,165 [FATAL] Updater:351 - Updater called before beeing initialized
2025-08-19 09:38:08,226 [ERROR] Updater:1198 - MainUpdater not yet initialized. External WinMGr cannot be set.
2025-08-19 09:38:08,237 [INFO] Updater:1134 - Updater Version found : 6.15.0
2025-08-19 09:38:08,253 [INFO] ApplicationProperties:184 - Using Application install path: E:\STM32CubeIDE_1.19.0\STM32CubeIDE\plugins\com.st.stm32cube.common.mx_6.15.0.202507011659
2025-08-19 09:38:08,566 [INFO] ThirdPartyUpdaterWithRetryManager:70 - Updater plugin not ready yet. [2/15]
2025-08-19 09:38:08,661 [INFO] MainUpdater:2872 - connection check result : 10
2025-08-19 09:38:08,661 [INFO] MainUpdater:289 - Updater Check For Update Now.
2025-08-19 09:38:08,661 [INFO] MicroXplorer:498 - Change Database Version : DB.6.0.150
2025-08-19 09:38:08,676 [INFO] McuFinderGlobals:63 - Set McuFinder mode to 2 (CubeIDE integrated)
2025-08-19 09:38:08,677 [INFO] UserAuth:171 - activating auth plugin
2025-08-19 09:38:08,679 [INFO] UserAuth:487 - Internet connection configuration mode: 1
2025-08-19 09:38:08,701 [INFO] JxBrowserEngine:152 - Initiate JxBrowser Engine with user profile folder
2025-08-19 09:38:08,820 [INFO] CheckServerUpdateThread:120 - End of CheckServer Thread
2025-08-19 09:38:09,601 [INFO] WebApp:169 - Instantiating new browser for Auth
2025-08-19 09:38:10,133 [INFO] WebApp:463 - Apply proxy settings
2025-08-19 09:38:10,133 [INFO] WebApp:548 - Chromium requires no authentication
2025-08-19 09:38:10,142 [INFO] WebApp:491 - Direct internet connection detected
2025-08-19 09:38:10,160 [INFO] WebApp:900 - Register for checkConnection events
2025-08-19 09:38:10,161 [INFO] WebApp:463 - Apply proxy settings
2025-08-19 09:38:10,161 [INFO] WebApp:548 - Chromium requires no authentication
2025-08-19 09:38:10,161 [INFO] WebApp:491 - Direct internet connection detected
2025-08-19 09:38:10,300 [INFO] WebApp:225 - Starting web application
2025-08-19 09:38:10,300 [INFO] WebApp:593 - Web application path used E:\STM32CubeIDE_1.19.0\STM32CubeIDE\plugins\com.st.stm32cube.common.mx_6.15.0.202507011659\db\plugins\mcufinder\reactClient1\index.html
2025-08-19 09:38:10,973 [INFO] WebApp:191 - Connection restablished
2025-08-19 09:38:11,691 [WARN] PackLoader:240 - Cannot read IP mode file for STMicroelectronics.FP-SNS-MOTENVWB1.1.4.0
2025-08-19 09:38:11,699 [WARN] PackLoader:240 - Cannot read IP mode file for STMicroelectronics.FP-ATR-ASTRA1.2.0.2
2025-08-19 09:38:11,706 [WARN] PackLoader:240 - Cannot read IP mode file for STMicroelectronics.X-CUBE-SMBUS.2.1.0
2025-08-19 09:38:11,710 [WARN] PackLoader:240 - Cannot read IP mode file for STMicroelectronics.X-CUBE-ST60.1.0.0
2025-08-19 09:38:11,733 [WARN] PackLoader:240 - Cannot read IP mode file for STMicroelectronics.X-CUBE-AZRTOS-F7.1.1.0
2025-08-19 09:38:11,754 [WARN] PackLoader:240 - Cannot read IP mode file for Infineon.AIROC-Wi-Fi-Bluetooth-STM32.1.7.1
2025-08-19 09:38:11,773 [WARN] PackLoader:240 - Cannot read IP mode file for STMicroelectronics.X-CUBE-AZRTOS-H7.3.4.0
2025-08-19 09:38:11,781 [WARN] PackLoader:240 - Cannot read IP mode file for STMicroelectronics.X-CUBE-DISPLAY.3.0.0
2025-08-19 09:38:11,789 [WARN] PackLoader:240 - Cannot read IP mode file for STMicroelectronics.X-CUBE-NFC10.1.0.0
2025-08-19 09:38:11,794 [WARN] PackLoader:240 - Cannot read IP mode file for emotas.I-CUBE-CANOPEN.1.3.0
2025-08-19 09:38:11,799 [WARN] PackLoader:240 - Cannot read IP mode file for STMicroelectronics.FP-SNS-STBOX1.2.1.0
2025-08-19 09:38:11,803 [WARN] PackLoader:240 - Cannot read IP mode file for STMicroelectronics.FP-SNS-SMARTAG2.1.2.0
2025-08-19 09:38:11,806 [WARN] PackLoader:240 - Cannot read IP mode file for STMicroelectronics.FP-SNS-FLIGHT1.5.1.0
2025-08-19 09:38:11,811 [INFO] LogOutputStream:77 - [STDOUT_REDIRECT] 1 : Invalid condition id : UX_CORESTACK_Condition cause : null
2025-08-19 09:38:11,812 [INFO] LogOutputStream:77 - [STDOUT_REDIRECT] 1 : Invalid condition id : UX_CORESTACK_Condition cause : null
2025-08-19 09:38:11,813 [INFO] LogOutputStream:77 - [STDOUT_REDIRECT] 1 : Invalid condition id : UX_CORESTACK_Condition cause : null
2025-08-19 09:38:11,814 [INFO] LogOutputStream:77 - [STDOUT_REDIRECT] 1 : Invalid condition id : UX_CORESTACK_Condition cause : null
2025-08-19 09:38:11,815 [INFO] LogOutputStream:77 - [STDOUT_REDIRECT] 1 : Invalid condition id : UX_CORESTACK_Condition cause : null
2025-08-19 09:38:11,816 [WARN] PackLoader:240 - Cannot read IP mode file for STMicroelectronics.X-CUBE-AZRTOS-WL.2.0.0
2025-08-19 09:38:11,820 [WARN] PackLoader:240 - Cannot read IP mode file for STMicroelectronics.FP-SNS-MOTENV1.5.0.0
2025-08-19 09:38:11,826 [WARN] PackLoader:240 - Cannot read IP mode file for WES.I-CUBE-Cesium.1.3.0
2025-08-19 09:38:11,829 [WARN] PackLoader:240 - Cannot read IP mode file for STMicroelectronics.X-CUBE-BLE2.3.3.0
2025-08-19 09:38:11,834 [WARN] PackLoader:240 - Cannot read IP mode file for STMicroelectronics.X-CUBE-NFC9.1.0.0
2025-08-19 09:38:11,838 [WARN] PackLoader:240 - Cannot read IP mode file for wolfSSL.I-CUBE-wolfSSL.5.8.0
2025-08-19 09:38:11,841 [WARN] PackLoader:240 - Cannot read IP mode file for wolfSSL.I-CUBE-wolfSSL.5.8.2
2025-08-19 09:38:11,844 [WARN] PackLoader:240 - Cannot read IP mode file for STMicroelectronics.X-CUBE-BLE1.7.1.0
2025-08-19 09:38:11,847 [WARN] PackLoader:240 - Cannot read IP mode file for wolfSSL.I-CUBE-wolfMQTT.1.19.2
2025-08-19 09:38:11,852 [WARN] PackLoader:240 - Cannot read IP mode file for STMicroelectronics.X-CUBE-EEPRMA1.5.2.0
2025-08-19 09:38:11,857 [WARN] PackLoader:240 - Cannot read IP mode file for STMicroelectronics.X-CUBE-AI.10.1.0
2025-08-19 09:38:11,871 [WARN] PackLoader:240 - Cannot read IP mode file for STMicroelectronics.X-CUBE-AZRTOS-G0.1.1.0
2025-08-19 09:38:11,875 [WARN] PackLoader:240 - Cannot read IP mode file for STMicroelectronics.X-CUBE-SAFEA1.1.2.2
2025-08-19 09:38:11,879 [WARN] PackLoader:240 - Cannot read IP mode file for STMicroelectronics.X-CUBE-NFC4.3.0.0
2025-08-19 09:38:11,885 [WARN] PackLoader:240 - Cannot read IP mode file for EmbeddedOffice.I-CUBE-FS-RTOS.1.0.1
2025-08-19 09:38:11,890 [WARN] PackLoader:240 - Cannot read IP mode file for STMicroelectronics.X-CUBE-WB05N.2.0.0
2025-08-19 09:38:11,894 [WARN] PackLoader:240 - Cannot read IP mode file for wolfSSL.I-CUBE-wolfTPM.3.8.0
2025-08-19 09:38:11,899 [WARN] PackLoader:240 - Cannot read IP mode file for STMicroelectronics.X-CUBE-TCPP.4.2.0
2025-08-19 09:38:11,903 [WARN] PackLoader:240 - Cannot read IP mode file for RealThread.X-CUBE-RT-Thread_Nano.4.1.1
2025-08-19 09:38:11,906 [WARN] PackLoader:240 - Cannot read IP mode file for STMicroelectronics.FP-ATR-SIGFOX1.3.2.0
2025-08-19 09:38:11,910 [WARN] PackLoader:240 - Cannot read IP mode file for ITTIA_DB.I-CUBE-ITTIADB.8.9.0
2025-08-19 09:38:11,915 [WARN] PackLoader:240 - Cannot read IP mode file for STMicroelectronics.X-CUBE-ST67W61.1.0.0
2025-08-19 09:38:11,919 [WARN] PackLoader:240 - Cannot read IP mode file for STMicroelectronics.X-CUBE-AI.10.2.0
2025-08-19 09:38:11,934 [WARN] PackLoader:240 - Cannot read IP mode file for SEGGER.I-CUBE-embOS.1.3.1
2025-08-19 09:38:11,964 [WARN] PackLoader:240 - Cannot read IP mode file for STMicroelectronics.X-CUBE-ALGOBUILD.1.4.0
2025-08-19 09:38:11,988 [WARN] PackLoader:240 - Cannot read IP mode file for STMicroelectronics.X-CUBE-MEMS1.11.3.0
2025-08-19 09:38:12,060 [WARN] PackLoader:240 - Cannot read IP mode file for STMicroelectronics.X-CUBE-PM33A1.1.0.0
2025-08-19 09:38:12,070 [WARN] PackLoader:240 - Cannot read IP mode file for STMicroelectronics.X-CUBE-AZRTOS-F4.1.1.0
2025-08-19 09:38:12,076 [WARN] PackLoader:240 - Cannot read IP mode file for Avnet-IotConnect.X-CUBE-IoTC-DA16k-PMOD.1.0.0
2025-08-19 09:38:12,083 [WARN] PackLoader:240 - Cannot read IP mode file for STMicroelectronics.X-CUBE-ISPU.2.1.0
2025-08-19 09:38:12,088 [WARN] PackLoader:240 - Cannot read IP mode file for STMicroelectronics.X-CUBE-NFC12.1.0.0
2025-08-19 09:38:12,100 [WARN] PackLoader:240 - Cannot read IP mode file for STMicroelectronics.X-CUBE-AZRTOS-L5.2.0.0
2025-08-19 09:38:12,108 [WARN] PackLoader:240 - Cannot read IP mode file for STMicroelectronics.X-CUBE-NFC6.3.1.0
2025-08-19 09:38:12,115 [WARN] PackLoader:240 - Cannot read IP mode file for STMicroelectronics.X-CUBE-FREERTOS.1.3.1
2025-08-19 09:38:12,120 [WARN] PackLoader:240 - Cannot read IP mode file for STMicroelectronics.FP-SNS-STAIOTCFT.1.0.0
2025-08-19 09:38:12,125 [WARN] PackLoader:240 - Cannot read IP mode file for STMicroelectronics.X-CUBE-DPower.1.3.0
2025-08-19 09:38:12,144 [WARN] ConditionMgr:438 - getConditionDescription Invalid condition id : LAN8742 Phy interface Condition cause : null
2025-08-19 09:38:12,144 [WARN] PackLoader:240 - Cannot read IP mode file for STMicroelectronics.X-CUBE-AZRTOS-L4.2.0.0
2025-08-19 09:38:12,145 [WARN] ConditionMgr:1044 - genDependencies : Invalid condition id : LAN8742 Phy interface Condition cause : null
2025-08-19 09:38:12,146 [WARN] ConditionMgr:1044 - genDependencies : Invalid condition id : LAN8742 Phy interface Condition cause : null
2025-08-19 09:38:12,146 [WARN] ConditionMgr:1044 - genDependencies : Invalid condition id : LAN8742 Phy interface Condition cause : null
2025-08-19 09:38:12,153 [WARN] PackLoader:240 - Cannot read IP mode file for STMicroelectronics.X-CUBE-SFXS2LP1.4.0.0
2025-08-19 09:38:12,163 [WARN] PackLoader:240 - Cannot read IP mode file for STMicroelectronics.X-CUBE-BLEMGR.4.1.0
2025-08-19 09:38:12,179 [WARN] ConditionMgr:438 - getConditionDescription Invalid condition id : UX DEVICE CLASS RTOS Condition cause : null
2025-08-19 09:38:12,179 [WARN] ConditionMgr:438 - getConditionDescription Invalid condition id : UX DEVICE CLASS RTOS Condition cause : null
2025-08-19 09:38:12,181 [WARN] PackLoader:240 - Cannot read IP mode file for STMicroelectronics.X-CUBE-AZRTOS-WB.2.0.0
2025-08-19 09:38:12,182 [WARN] ConditionMgr:1044 - genDependencies : Invalid condition id : UX DEVICE CLASS RTOS Condition cause : null
2025-08-19 09:38:12,182 [WARN] ConditionMgr:1044 - genDependencies : Invalid condition id : UX DEVICE CLASS RTOS Condition cause : null
2025-08-19 09:38:12,183 [WARN] ConditionMgr:1044 - genDependencies : Invalid condition id : UX DEVICE CLASS RTOS Condition cause : null
2025-08-19 09:38:12,183 [WARN] ConditionMgr:1044 - genDependencies : Invalid condition id : UX DEVICE CLASS RTOS Condition cause : null
2025-08-19 09:38:12,183 [WARN] ConditionMgr:1044 - genDependencies : Invalid condition id : UX DEVICE CLASS RTOS Condition cause : null
2025-08-19 09:38:12,212 [WARN] PackLoader:240 - Cannot read IP mode file for STMicroelectronics.X-CUBE-GNSS1.7.0.1
2025-08-19 09:38:12,219 [WARN] PackLoader:240 - Cannot read IP mode file for STMicroelectronics.X-CUBE-TOUCHGFX.4.25.0
2025-08-19 09:38:12,225 [WARN] PackLoader:240 - Cannot read IP mode file for STMicroelectronics.FP-SNS-STBOX1.2.0.0
2025-08-19 09:38:12,231 [WARN] ConditionMgr:438 - getConditionDescription Invalid condition id : Cortex-A Device cause : null
2025-08-19 09:38:12,257 [WARN] ConditionMgr:1044 - genDependencies : Invalid condition id : Cortex-A Device cause : null
2025-08-19 09:38:12,258 [WARN] ConditionMgr:1044 - genDependencies : Invalid condition id : Cortex-A Device cause : null
2025-08-19 09:38:12,258 [WARN] ConditionMgr:1044 - genDependencies : Invalid condition id : Cortex-A Device cause : null
2025-08-19 09:38:12,265 [WARN] PackLoader:240 - Cannot read IP mode file for STMicroelectronics.X-CUBE-SUBG2.5.0.0
2025-08-19 09:38:12,282 [WARN] PackLoader:240 - Cannot read IP mode file for STMicroelectronics.X-CUBE-AZRTOS-H7RS.1.1.0
2025-08-19 09:38:12,287 [WARN] PackLoader:240 - Cannot read IP mode file for Cesanta.I-CUBE-Mongoose.7.13.0
2025-08-19 09:38:12,295 [WARN] PackLoader:240 - Cannot read IP mode file for STMicroelectronics.X-CUBE-AZRTOS-G4.2.0.0
2025-08-19 09:38:12,300 [WARN] PackLoader:240 - Cannot read IP mode file for wolfSSL.I-CUBE-wolfSSH.1.4.20
2025-08-19 09:38:12,305 [WARN] PackLoader:240 - Cannot read IP mode file for STMicroelectronics.X-CUBE-NFC7.2.0.0
2025-08-19 09:38:12,314 [WARN] PackLoader:240 - Cannot read IP mode file for STMicroelectronics.X-CUBE-IPS.3.1.0
2025-08-19 09:38:12,319 [WARN] PackLoader:240 - Cannot read IP mode file for STMicroelectronics.X-CUBE-ALS.1.0.2
2025-08-19 09:38:12,323 [WARN] PackLoader:240 - Cannot read IP mode file for portGmbH.I-Cube-SoM-uGOAL.1.1.0
2025-08-19 09:38:12,330 [WARN] PackLoader:240 - Cannot read IP mode file for STMicroelectronics.X-CUBE-TOF1.3.4.3
2025-08-19 09:38:12,335 [INFO] ThirdParty:978 - Integrity check success = true
2025-08-19 09:38:12,335 [INFO] IntegrityCheckThread:100 - exiting critical section [integrity check]
2025-08-19 09:38:12,335 [INFO] IntegrityCheckThread:103 - End integrity checks thread
2025-08-19 09:38:22,033 [INFO] McuFinderGlobals:63 - Set McuFinder mode to 2 (CubeIDE integrated)
2025-08-19 09:38:22,061 [INFO] MainUpdater:2872 - connection check result : 10
2025-08-19 09:38:22,069 [INFO] MainUpdater:2872 - connection check result : 10
2025-08-19 09:38:22,237 [INFO] MicroXplorer:468 - Change Database Path : 
2025-08-19 09:38:22,237 [INFO] MicroXplorer:498 - Change Database Version : DB.6.0.150
2025-08-19 09:38:22,241 [WARN] ThirdParty:871 - waiting for thirdparty lock release [close project]
2025-08-19 09:38:22,241 [INFO] ThirdParty:873 - entering critical section [close project]
2025-08-19 09:38:22,242 [INFO] ThirdParty:883 - exiting critical section [close project]
2025-08-19 09:38:22,243 [INFO] PinOutPanel:1589 - setPackage(No Configuration,No Configuration)
2025-08-19 09:38:22,244 [INFO] UtilMem:75 - Begin LoadConfig() Used Memory: 170343560 Bytes (327155712)
2025-08-19 09:38:22,244 [INFO] MicroXplorer:468 - Change Database Path : 
2025-08-19 09:38:22,244 [INFO] MicroXplorer:498 - Change Database Version : DB.6.0.150
2025-08-19 09:38:22,244 [INFO] OpenFileManager:355 - Change cursor
2025-08-19 09:38:22,271 [INFO] Mcu:2029 - Initializing MCU STM32F767ZITx STM32F767ZITx STM32F767ZIT6
2025-08-19 09:38:24,585 [INFO] Context:786 - Trying to add GPIOservice into a context  which must be forbidden
2025-08-19 09:38:25,100 [INFO] ImportTextPane:234 - (OptionalMessage_ERROR) Pin9 (VP_RIF_VS_RIF1) cannot be retrieved for this MCU
2025-08-19 09:38:25,184 [INFO] RtosManager:558 - Registered RTOS mode: class=CMSIS, group=RTOS, mode=CMSIS_V1, owner=FREERTOS
2025-08-19 09:38:25,184 [INFO] RtosManager:558 - Registered RTOS mode: class=CMSIS, group=RTOS2, mode=CMSIS_V2, owner=FREERTOS
2025-08-19 09:38:25,185 [INFO] RtosManager:558 - Registered RTOS mode: class=RTOS, group=Core, mode=CMSIS_V1, owner=FREERTOS
2025-08-19 09:38:25,185 [INFO] RtosManager:558 - Registered RTOS mode: class=RTOS, group=Core, mode=CMSIS_V2, owner=FREERTOS
2025-08-19 09:38:25,185 [WARN] ModelIntegratedComponent:184 - Missing modes for component STMicroelectronics:FreeRTOS:0.0.1:STMicroelectronics:RTOS:FreeRTOS:Core:::10.2.0:
2025-08-19 09:38:25,198 [WARN] ModelIntegratedComponent:63 - No mode defined for component null
2025-08-19 09:38:25,199 [WARN] ModelIntegratedComponent:63 - No mode defined for component null
2025-08-19 09:38:25,199 [WARN] ModelIntegratedComponent:63 - No mode defined for component null
2025-08-19 09:38:25,199 [WARN] ModelIntegratedComponent:63 - No mode defined for component null
2025-08-19 09:38:25,199 [WARN] ModelIntegratedComponent:63 - No mode defined for component null
2025-08-19 09:38:25,199 [WARN] ModelIntegratedComponent:63 - No mode defined for component null
2025-08-19 09:38:25,199 [WARN] ModelIntegratedComponent:63 - No mode defined for component null
2025-08-19 09:38:25,199 [WARN] ModelIntegratedComponent:63 - No mode defined for component null
2025-08-19 09:38:25,199 [WARN] ModelIntegratedComponent:63 - No mode defined for component null
2025-08-19 09:38:25,199 [WARN] ModelIntegratedComponent:63 - No mode defined for component null
2025-08-19 09:38:25,199 [WARN] ModelIntegratedComponent:63 - No mode defined for component null
2025-08-19 09:38:25,199 [WARN] ModelIntegratedComponent:63 - No mode defined for component null
2025-08-19 09:38:25,199 [WARN] ModelIntegratedComponent:63 - No mode defined for component null
2025-08-19 09:38:25,199 [WARN] ModelIntegratedComponent:63 - No mode defined for component null
2025-08-19 09:38:25,199 [WARN] ModelIntegratedComponent:63 - No mode defined for component null
2025-08-19 09:38:25,199 [WARN] ModelIntegratedComponent:63 - No mode defined for component null
2025-08-19 09:38:25,199 [WARN] ModelIntegratedComponent:63 - No mode defined for component null
2025-08-19 09:38:25,199 [WARN] ModelIntegratedComponent:63 - No mode defined for component null
2025-08-19 09:38:25,199 [WARN] ModelIntegratedComponent:63 - No mode defined for component null
2025-08-19 09:38:25,199 [WARN] ModelIntegratedComponent:63 - No mode defined for component null
2025-08-19 09:38:25,199 [WARN] ModelIntegratedComponent:63 - No mode defined for component null
2025-08-19 09:38:25,199 [WARN] ModelIntegratedComponent:63 - No mode defined for component null
2025-08-19 09:38:25,199 [WARN] ModelIntegratedComponent:63 - No mode defined for component null
2025-08-19 09:38:25,199 [WARN] ModelIntegratedComponent:63 - No mode defined for component null
2025-08-19 09:38:25,199 [WARN] ModelIntegratedComponent:63 - No mode defined for component null
2025-08-19 09:38:25,199 [WARN] ModelIntegratedComponent:63 - No mode defined for component null
2025-08-19 09:38:25,199 [WARN] ModelIntegratedComponent:63 - No mode defined for component null
2025-08-19 09:38:25,199 [WARN] ModelIntegratedComponent:63 - No mode defined for component null
2025-08-19 09:38:25,199 [WARN] ModelIntegratedComponent:63 - No mode defined for component null
2025-08-19 09:38:25,199 [WARN] ModelIntegratedComponent:63 - No mode defined for component null
2025-08-19 09:38:25,199 [WARN] ModelIntegratedComponent:63 - No mode defined for component null
2025-08-19 09:38:25,199 [WARN] ModelIntegratedComponent:63 - No mode defined for component null
2025-08-19 09:38:25,199 [WARN] ModelIntegratedComponent:63 - No mode defined for component null
2025-08-19 09:38:25,200 [WARN] ModelIntegratedComponent:63 - No mode defined for component null
2025-08-19 09:38:25,200 [WARN] ModelIntegratedComponent:63 - No mode defined for component null
2025-08-19 09:38:25,200 [WARN] ModelPack:524 - Component already loaded: STMicroelectronics:HAL Drivers:0.0.0:STMicroelectronics:Device:STMicro_Driver:XSPI:HAL::0.0.1:HAL_XSPI
2025-08-19 09:38:25,259 [INFO] ThirdPartyModel:298 - Start build external matchings
2025-08-19 09:38:25,429 [INFO] ThirdPartyModel:316 - End build external matchings
2025-08-19 09:38:25,444 [INFO] ImportTextPane:234 - (OptionalMessage_ERROR) IP (DMA) : Parameter (Instance) has Id (ADC1) currently not set
2025-08-19 09:38:25,445 [INFO] ImportTextPane:234 - (OptionalMessage_ERROR) IP (DMA) : Parameter (Channel) has Id (ADC1) currently not set
2025-08-19 09:38:25,445 [INFO] ImportTextPane:234 - (OptionalMessage_ERROR) IP (DMA) : Parameter (Direction) has Id (ADC1) currently not set
2025-08-19 09:38:25,445 [INFO] ImportTextPane:234 - (OptionalMessage_ERROR) IP (DMA) : Parameter (PeriphInc) has Id (ADC1) currently not set
2025-08-19 09:38:25,445 [INFO] ImportTextPane:234 - (OptionalMessage_ERROR) IP (DMA) : Parameter (MemInc) has Id (ADC1) currently not set
2025-08-19 09:38:25,445 [INFO] ImportTextPane:234 - (OptionalMessage_ERROR) IP (DMA) : Parameter (PeriphDataAlignment) has Id (ADC1) currently not set
2025-08-19 09:38:25,445 [INFO] ImportTextPane:234 - (OptionalMessage_ERROR) IP (DMA) : Parameter (MemDataAlignment) has Id (ADC1) currently not set
2025-08-19 09:38:25,445 [INFO] ImportTextPane:234 - (OptionalMessage_ERROR) IP (DMA) : Parameter (Mode) has Id (ADC1) currently not set
2025-08-19 09:38:25,445 [INFO] ImportTextPane:234 - (OptionalMessage_ERROR) IP (DMA) : Parameter (Priority) has Id (ADC1) currently not set
2025-08-19 09:38:25,445 [INFO] ImportTextPane:234 - (OptionalMessage_ERROR) IP (DMA) : Parameter (FIFOMode) has Id (ADC1) currently not set
2025-08-19 09:38:26,102 [INFO] ApiDb:581 - Connected to CubeFinder SQLite database (C:\Users\nphis\.stmcufinder\plugins\mcufinder\mcu\cube-finder-db.db)
2025-08-19 09:38:26,162 [INFO] ApiDb:668 - CubeFinder database Data Model version=2.1
2025-08-19 09:38:26,162 [INFO] ApiDb:669 - CubeFinder database Configuration version=3.0.39
2025-08-19 09:38:26,162 [INFO] ApiDb:670 - CubeFinder database generation date=2025-07-24 (1753349077)
2025-08-19 09:38:26,162 [INFO] ApiDb:671 - CubeFinder database FW Pack versions=[FP-ATR-ASTRA1_V2.0.0, FP-SNS-FLIGHT1_V5.1.0, FP-SNS-MOTENV1_V5.0.0, FP-SNS-MOTENVWB1_V1.4.0, FP-SNS-SMARTAG2_V1.2.0, FP-SNS-STBOX1_V2.0.0, STM32Cube_FW_C0_V1.4.0, STM32Cube_FW_F4_V1.28.2, STM32Cube_FW_F7_V1.17.3, STM32Cube_FW_G0_V1.6.2, STM32Cube_FW_G4_V1.6.1, STM32Cube_FW_H5_V1.5.0, STM32Cube_FW_H7RS_V1.2.0, STM32Cube_FW_H7_V1.12.1, STM32Cube_FW_L0_V1.12.2, STM32Cube_FW_L4_V1.18.1, STM32Cube_FW_L5_V1.5.1, STM32Cube_FW_N6_V1.2.0, STM32Cube_FW_U0_V1.3.0, STM32Cube_FW_U3_V1.2.0, STM32Cube_FW_U5_V1.8.0, STM32Cube_FW_WB0_V1.3.0, STM32Cube_FW_WBA_V1.7.0, STM32Cube_FW_WB_V1.23.0, STM32Cube_FW_WL3_V1.2.0, STM32Cube_FW_WL_V1.3.1, X-CUBE-ALGOBUILD_V1.4.0, X-CUBE-ALS_V1.0.2, X-CUBE-AZRTOS-F4_V1.1.0, X-CUBE-AZRTOS-F7_V1.1.0, X-CUBE-AZRTOS-G0_V1.1.0, X-CUBE-AZRTOS-G4_V2.0.0, X-CUBE-AZRTOS-H7RS_V1.1.0, X-CUBE-AZRTOS-H7_V3.4.0, X-CUBE-AZRTOS-L4_V2.0.0, X-CUBE-AZRTOS-L5_V2.0.0, X-CUBE-AZRTOS-WB_V2.0.0, X-CUBE-AZRTOS-WL_V2.0.0, X-CUBE-BLE1_V7.1.0, X-CUBE-BLE2_V3.3.0, X-CUBE-BLEMGR_V4.1.0, X-CUBE-EEPRMA1_V5.2.0, X-CUBE-FREERTOS_V1.3.1, X-CUBE-GNSS1_V6.0.0, X-CUBE-MEMS1_V11.3.0, X-CUBE-NFC4_V3.0.0, X-CUBE-NFC7_V2.0.0, X-CUBE-SFXS2LP1_V4.0.0, X-CUBE-ST67W61_V1.0.0, X-CUBE-SUBG2_V5.0.0, X-CUBE-TOF1_V3.4.3]
2025-08-19 09:38:26,234 [INFO] DbBoardsSqlite:226 - include board P-NUCLEO-WB55-NUCLEO as a kit item of type 'Nucleo-64'
2025-08-19 09:38:26,234 [INFO] DbBoardsSqlite:226 - include board P-NUCLEO-WB55-USBDONGLE as a kit item of type 'Nucleo USB Dongle'
2025-08-19 09:38:26,235 [INFO] DbBoardsSqlite:226 - include board STEVAL-IDP005V1 as a kit item of type 'Evaluation Board'
2025-08-19 09:38:26,235 [INFO] DbBoardsSqlite:226 - include board STEVAL-IDP005V2 as a kit item of type 'Evaluation Board'
2025-08-19 09:38:26,567 [INFO] ApiDb:240 - Found 880 in-development CPN: [B-G473E-ZEST1S, B-WB1M-WPAN1, B-WBA5M-WPAN, B-WL5M-SUBG1, NUCLEO-C031C6, NUCLEO-C051C8, NUCLEO-C071RB, NUCLEO-C092RC, NUCLEO-H503RB, NUCLEO-H533RE, NUCLEO-H563ZI, NUCLEO-H7S3L8, NUCLEO-N657X0-Q, NUCLEO-U031R8, NUCLEO-U083RC, NUCLEO-U385RG-Q, NUCLEO-U545RE-Q, NUCLEO-U5A5ZJ-Q, NUCLEO-WB05KZ, NUCLEO-WB07CC, NUCLEO-WB09KE, NUCLEO-WBA52CG, NUCLEO-WBA55CG, NUCLEO-WL33CC1, NUCLEO-WL33CC2, STEVAL-PROTEUS1, STEVAL-SMARTAG2, STEVAL-STWINBX1, STM320518-EVAL, STM32C0116-DK, STM32C011D6Y3TR, STM32C011D6Y6TR, STM32C011F4P3, STM32C011F4P6, STM32C011F4U3, STM32C011F4U6TR, STM32C011F6P3, STM32C011F6P6, STM32C011F6U3, STM32C011F6U6TR, STM32C011J4M3, STM32C011J4M6, STM32C011J6M3, STM32C011J6M6, STM32C0316-DK, STM32C031C4T3, STM32C031C4T6, STM32C031C4U3, STM32C031C4U6, STM32C031C6T3, STM32C031C6T6, STM32C031C6U3, STM32C031C6U6, STM32C031F4P3, STM32C031F4P6, STM32C031F6P3, STM32C031F6P6, STM32C031G4U3, STM32C031G4U6, STM32C031G6U3, STM32C031G6U6, STM32C031K4T3, STM32C031K4T6, STM32C031K4U3, STM32C031K4U6, STM32C031K6T3, STM32C031K6T6, STM32C031K6U3, STM32C031K6U6, STM32C051C6T6, STM32C051C6U6, STM32C051C8T6, STM32C051C8U6, STM32C051D8Y6TR, STM32C051F6P6, STM32C051F8P6, STM32C051G6U6, STM32C051G8U6, STM32C051K6T6, STM32C051K6U6, STM32C051K8T6, STM32C071C8T6, STM32C071C8T6N, STM32C071C8U6, STM32C071C8U6N, STM32C071CBT6, STM32C071CBT6N, STM32C071CBU6, STM32C071CBU6N, STM32C071F8P6, STM32C071F8P6N, STM32C071FBP6, STM32C071FBP6N, STM32C071FBY6TR, STM32C071G8U6, STM32C071G8U6N, STM32C071GBU6, STM32C071GBU6N, STM32C071K8T6, STM32C071K8T6N, STM32C071K8U6, STM32C071K8U6N, STM32C071KBT6, STM32C071KBT6N, STM32C071KBU6, STM32C071KBU6N, STM32C071R8T6, STM32C071R8T6N, STM32C071RBI6N, STM32C071RBT6, STM32C071RBT6N, STM32C091CBT6, STM32C091CBU6, STM32C091CCT6, STM32C091CCU6, STM32C091ECY6TR, STM32C091FBP6, STM32C091FCP6, STM32C091GBU6, STM32C091GCU6, STM32C091KBT6, STM32C091KBU6, STM32C091KCT6, STM32C091KCU6, STM32C091RBT6, STM32C091RCI6, STM32C091RCT6, STM32C092CBT6, STM32C092CBU6, STM32C092CCT6, STM32C092CCU6, STM32C092ECY6TR, STM32C092FBP6, STM32C092FCP6, STM32C092GBU6, STM32C092GCU6, STM32C092KBT6, STM32C092KBU6, STM32C092KCT6, STM32C092KCU6, STM32C092RBT6, STM32C092RCI6, STM32C092RCT6, STM32G071K8TXN, STM32G071K8UXN, STM32G081GBU6N, STM32G081KBT6N, STM32G081KBUXN, STM32G0B1CCT6N, STM32G0B1KCT6, STM32G0B1NEY6TR, STM32G0B1RCT6N, STM32G0C1CCT6, STM32G0C1CCT6N, STM32G0C1CCU6N, STM32G0C1CET6N, STM32G0C1CEU6N, STM32G0C1KCT6, STM32G0C1NEY6TR, STM32G0C1RCI6N, STM32G0C1RCT6N, STM32G0C1REI6N, STM32G0C1RET6N, STM32G0C1VCI6, STM32G0C1VEI6, STM32G411C6T3, STM32G411C6T6, STM32G411C6U3, STM32G411C6U6, STM32G411C8T3, STM32G411C8T6, STM32G411C8U3, STM32G411C8U6, STM32G411CBT3, STM32G411CBT6, STM32G411CBU3, STM32G411CBU6, STM32G411K6T3, STM32G411K6T6, STM32G411K6U3, STM32G411K6U6, STM32G411K8T3, STM32G411K8T6, STM32G411K8U3, STM32G411K8U6, STM32G411KBT3, STM32G411KBT6, STM32G411KBU3, STM32G411KBU6, STM32G411M6T3, STM32G411M6T6, STM32G411M8T3, STM32G411M8T6, STM32G411MBT3, STM32G411MBT6, STM32G411R6T3, STM32G411R6T6, STM32G411R8T3, STM32G411R8T6, STM32G411RBT3, STM32G411RBT6, STM32G414CBT3, STM32G414CBT6, STM32G414CBU3, STM32G414CBU6, STM32G414CCT3, STM32G414CCT6, STM32G414CCU3, STM32G414CCU6, STM32G414MBT3, STM32G414MBT6, STM32G414MCT3, STM32G414MCT6, STM32G414RBT3, STM32G414RBT6, STM32G414RCT3, STM32G414RCT6, STM32G414VBT3, STM32G414VBT6, STM32G414VCT3, STM32G414VCT6, STM32G431CBT3Z, STM32G431RBT3Z, STM32G471CCT6, STM32G471CCU6, STM32G471CET3, STM32G471CET6, STM32G471CEU3, STM32G471CEU6, STM32G471MCT6, STM32G471MET3, STM32G471MET6, STM32G471MEY6TR, STM32G471QCT6, STM32G471QET3, STM32G471RCT6, STM32G471RET3, STM32G471RET6, STM32G471VCH6, STM32G471VCI6, STM32G471VCT6, STM32G471VEH3, STM32G471VEH6, STM32G471VEI3, STM32G471VEI6, STM32G471VET3, STM32G471VET6, STM32G473QET3Z, STM32G473RET3Z, STM32G474CCT6, STM32G491RET3Z, STM32H503CBT6, STM32H503CBU6, STM32H503EBY6TR, STM32H503KBU6, STM32H503RBT6, STM32H523CCT6, STM32H523CCU6, STM32H523CET6, STM32H523CEU6, STM32H523HEY6TR, STM32H523RCT6, STM32H523RET6, STM32H523VCI6, STM32H523VCT6, STM32H523VEI6, STM32H523VET6, STM32H523ZCJ6, STM32H523ZCT6, STM32H523ZEJ6, STM32H523ZET6, STM32H533CET6, STM32H533CEU6, STM32H533HEY6TR, STM32H533RET6, STM32H533VEI6, STM32H533VET6, STM32H533ZEJ6, STM32H533ZET6, STM32H562AGI6, STM32H562AII6, STM32H562IGK6, STM32H562IGT6, STM32H562IIK6, STM32H562IIT6, STM32H562RGT6, STM32H562RGV6, STM32H562RIT6, STM32H562RIV6, STM32H562VGT6, STM32H562VIT6, STM32H562ZGT6, STM32H562ZIT6, STM32H563AGI6, STM32H563AII3Q, STM32H563AII6, STM32H563IGK6, STM32H563IGT6, STM32H563IIK3Q, STM32H563IIK6, STM32H563IIT3Q, STM32H563IIT6, STM32H563MIY3QTR, STM32H563RGT6, STM32H563RGV6, STM32H563RIT6, STM32H563RIV6, STM32H563VGT6, STM32H563VIT3Q, STM32H563VIT6, STM32H563ZGT6, STM32H563ZIT3Q, STM32H563ZIT6, STM32H573AII3Q, STM32H573AII6, STM32H573I-DK, STM32H573IIK3Q, STM32H573IIK6, STM32H573IIT3Q, STM32H573IIT6, STM32H573MIY3QTR, STM32H573RIT6, STM32H573RIV6, STM32H573VIT3Q, STM32H573VIT6, STM32H573ZIT3Q, STM32H573ZIT6, STM32H7R3A8I6, STM32H7R3I8K6, STM32H7R3I8T6, STM32H7R3L8H6, STM32H7R3L8H6H, STM32H7R3R8V6, STM32H7R3V8H6, STM32H7R3V8T6, STM32H7R3V8Y6TR, STM32H7R3Z8J6, STM32H7R3Z8T6, STM32H7R7A8I6, STM32H7R7I8K6, STM32H7R7I8T6, STM32H7R7L8H6, STM32H7R7L8H6H, STM32H7R7Z8J6, STM32H7S3A8I6, STM32H7S3I8K6, STM32H7S3I8T6, STM32H7S3L8H6, STM32H7S3L8H6H, STM32H7S3R8V6, STM32H7S3V8H6, STM32H7S3V8T6, STM32H7S3V8Y6TR, STM32H7S3Z8J6, STM32H7S3Z8T6, STM32H7S78-DK, STM32H7S7A8I6, STM32H7S7I8K6, STM32H7S7I8T6, STM32H7S7L8H6, STM32H7S7L8H6H, STM32H7S7Z8J6, STM32L4R5QGI6STR, STM32MP131AAE3, STM32MP131AAF3, STM32MP131AAG3, STM32MP131CAE3, STM32MP131CAF3, STM32MP131CAG3, STM32MP131DAE7, STM32MP131DAF7, STM32MP131DAG7, STM32MP131FAE7, STM32MP131FAF7, STM32MP131FAG7, STM32MP133AAE3, STM32MP133AAF3, STM32MP133AAG3, STM32MP133CAE3, STM32MP133CAF3, STM32MP133CAG3, STM32MP133DAE7, STM32MP133DAF7, STM32MP133DAG7, STM32MP133FAE7, STM32MP133FAF7, STM32MP133FAG7, STM32MP135AAE3, STM32MP135AAF3, STM32MP135AAG3, STM32MP135CAE3, STM32MP135CAF3, STM32MP135CAG3, STM32MP135DAE7, STM32MP135DAF7, STM32MP135DAG7, STM32MP135F-DK, STM32MP135FAE7, STM32MP135FAF7, STM32MP135FAF7T, STM32MP135FAF7U, STM32MP135FAG7, STM32MP211AAL3, STM32MP211AAM3, STM32MP211AAN3, STM32MP211AAO3, STM32MP211CAL3, STM32MP211CAM3, STM32MP211CAN3, STM32MP211CAO3, STM32MP211DAL3, STM32MP211DAM3, STM32MP211DAN3, STM32MP211DAO3, STM32MP211FAL3, STM32MP211FAM3, STM32MP211FAN3, STM32MP211FAO3, STM32MP213AAL3, STM32MP213AAM3, STM32MP213AAN3, STM32MP213AAO3, STM32MP213CAL3, STM32MP213CAM3, STM32MP213CAN3, STM32MP213CAO3, STM32MP213DAL3, STM32MP213DAM3, STM32MP213DAN3, STM32MP213DAO3, STM32MP213FAL3, STM32MP213FAM3, STM32MP213FAN3, STM32MP213FAO3, STM32MP215AAL3, STM32MP215AAM3, STM32MP215AAN3, STM32MP215AAO3, STM32MP215CAL3, STM32MP215CAM3, STM32MP215CAN3, STM32MP215CAO3, STM32MP215DAL3, STM32MP215DAM3, STM32MP215DAN3, STM32MP215DAO3, STM32MP215F-DK, STM32MP215FAL3, STM32MP215FAM3, STM32MP215FAN3, STM32MP215FAO3, STM32MP231AAJ3, STM32MP231AAK3, STM32MP231AAL3, STM32MP231CAJ3, STM32MP231CAK3, STM32MP231CAL3, STM32MP231DAJ3, STM32MP231DAK3, STM32MP231DAL3, STM32MP231FAJ3, STM32MP231FAK3, STM32MP231FAL3, STM32MP233AAJ3, STM32MP233AAK3, STM32MP233AAL3, STM32MP233CAJ3, STM32MP233CAK3, STM32MP233CAL3, STM32MP233DAJ3, STM32MP233DAK3, STM32MP233DAL3, STM32MP233FAJ3, STM32MP233FAK3, STM32MP233FAL3, STM32MP235AAJ3, STM32MP235AAK3, STM32MP235AAL3, STM32MP235CAJ3, STM32MP235CAK3, STM32MP235CAL3, STM32MP235DAJ3, STM32MP235DAK3, STM32MP235DAL3, STM32MP235FAJ3, STM32MP235FAK3, STM32MP235FAL3, STM32MP251AAI3, STM32MP251AAK3, STM32MP251AAL3, STM32MP251CAI3, STM32MP251CAK3, STM32MP251CAL3, STM32MP251DAI3, STM32MP251DAK3, STM32MP251DAL3, STM32MP251FAI3, STM32MP251FAK3, STM32MP251FAL3, STM32MP253AAI3, STM32MP253AAK3, STM32MP253AAL3, STM32MP253CAI3, STM32MP253CAK3, STM32MP253CAL3, STM32MP253DAI3, STM32MP253DAK3, STM32MP253DAL3, STM32MP253FAI3, STM32MP253FAK3, STM32MP253FAL3, STM32MP255AAI3, STM32MP255AAK3, STM32MP255AAL3, STM32MP255CAI3, STM32MP255CAK3, STM32MP255CAL3, STM32MP255DAI3, STM32MP255DAK3, STM32MP255DAL3, STM32MP255FAI3, STM32MP255FAK3, STM32MP255FAL3, STM32MP257AAI3, STM32MP257AAK3, STM32MP257AAL3, STM32MP257CAI3, STM32MP257CAK3, STM32MP257CAL3, STM32MP257DAI3, STM32MP257DAK3, STM32MP257DAL3, STM32MP257F-DK, STM32MP257F-EV1, STM32MP257FAI3, STM32MP257FAK3, STM32MP257FAL3, STM32N645A0H3Q, STM32N645B0H3Q, STM32N645I0H3Q, STM32N645L0H3Q, STM32N645X0H3Q, STM32N645Z0H3Q, STM32N647A0H3Q, STM32N647B0H3Q, STM32N647I0H3Q, STM32N647L0H3Q, STM32N647X0H3Q, STM32N647Z0H3Q, STM32N655A0H3Q, STM32N655B0H3Q, STM32N655I0H3Q, STM32N655L0H3Q, STM32N655X0H3Q, STM32N655Z0H3Q, STM32N6570-DK, STM32N657A0H3Q, STM32N657B0H3Q, STM32N657I0H3Q, STM32N657L0H3Q, STM32N657X0H3Q, STM32N657Z0H3Q, STM32U031C6T6, STM32U031C6U6, STM32U031C8T6, STM32U031C8U6, STM32U031F4P6, STM32U031F6P6, STM32U031F8P6, STM32U031G6Y6TR, STM32U031G8Y6TR, STM32U031K4U6, STM32U031K6U6, STM32U031K8U6, STM32U031R6I6, STM32U031R6T6, STM32U031R8I6, STM32U031R8T6, STM32U073C8T6, STM32U073C8U6, STM32U073CBT6, STM32U073CBU6, STM32U073CCT6, STM32U073CCU6, STM32U073H8Y6TR, STM32U073HBY6TR, STM32U073HCY6TR, STM32U073K8U6, STM32U073KBU6, STM32U073KCU6, STM32U073M8I6, STM32U073M8T6, STM32U073MBI6, STM32U073MBT6, STM32U073MCI6, STM32U073MCT6, STM32U073R8I6, STM32U073R8T6, STM32U073RBI6, STM32U073RBT6, STM32U073RCI6, STM32U073RCT6, STM32U083C-DK, STM32U083CCT6, STM32U083CCU6, STM32U083HCY6TR, STM32U083KCU6, STM32U083MCI6, STM32U083MCT6, STM32U083RCI6, STM32U083RCT6, STM32U375CET6, STM32U375CET6Q, STM32U375CEU6, STM32U375CEU6Q, STM32U375CEY6QTR, STM32U375CGT6, STM32U375CGT6Q, STM32U375CGU6, STM32U375CGU6Q, STM32U375CGY6QTR, STM32U375KEU6, STM32U375KGU6, STM32U375REI6, STM32U375REI6Q, STM32U375RET6, STM32U375RET6Q, STM32U375REY6GTR, STM32U375REY6QTR, STM32U375RGI6, STM32U375RGI6Q, STM32U375RGT6, STM32U375RGT6Q, STM32U375RGY6GTR, STM32U375RGY6QTR, STM32U375VEI6, STM32U375VEI6Q, STM32U375VET6, STM32U375VET6Q, STM32U375VGI6, STM32U375VGI6Q, STM32U375VGT6, STM32U375VGT6Q, STM32U385CGT6, STM32U385CGT6Q, STM32U385CGU6, STM32U385CGU6Q, STM32U385CGY6QTR, STM32U385KGU6, STM32U385RGI6, STM32U385RGI6Q, STM32U385RGT6, STM32U385RGT6Q, STM32U385RGY6GTR, STM32U385RGY6QTR, STM32U385VGI6, STM32U385VGI6Q, STM32U385VGT6, STM32U385VGT6Q, STM32U535CBT6, STM32U535CBT6Q, STM32U535CBU6, STM32U535CBU6Q, STM32U535CCT6, STM32U535CCT6Q, STM32U535CCU6, STM32U535CCU6Q, STM32U535CET6, STM32U535CET6Q, STM32U535CEU6, STM32U535CEU6Q, STM32U535JEY6QTR, STM32U535NCY6QTR, STM32U535NEY6QTR, STM32U535RBI6, STM32U535RBI6Q, STM32U535RBT6, STM32U535RBT6Q, STM32U535RCI6, STM32U535RCI6Q, STM32U535RCT6, STM32U535RCT6Q, STM32U535REI6, STM32U535REI6Q, STM32U535RET6, STM32U535RET6Q, STM32U535VCI6, STM32U535VCI6Q, STM32U535VCT6, STM32U535VCT6Q, STM32U535VEI6, STM32U535VEI6Q, STM32U535VET6, STM32U535VET6Q, STM32U545CET6, STM32U545CET6Q, STM32U545CEU6, STM32U545CEU6Q, STM32U545JEY6QTR, STM32U545NEY6QTR, STM32U545REI6, STM32U545REI6Q, STM32U545RET6, STM32U545RET6Q, STM32U545VEI6, STM32U545VEI6Q, STM32U545VET6, STM32U545VET6Q, STM32U595AIH6, STM32U595AIH6Q, STM32U595AJH6, STM32U595AJH6Q, STM32U595QII6, STM32U595QII6Q, STM32U595QJI6, STM32U595QJI6Q, STM32U595RIT6, STM32U595RIT6Q, STM32U595RJT6, STM32U595RJT6Q, STM32U595VIT6, STM32U595VIT6Q, STM32U595VJT6, STM32U595VJT6Q, STM32U595ZIT6, STM32U595ZIT6Q, STM32U595ZIY6QTR, STM32U595ZJT6, STM32U595ZJT6Q, STM32U595ZJY6QTR, STM32U599BJY6QTR, STM32U599NIH6Q, STM32U599NJH6Q, STM32U599VIT6Q, STM32U599VJT6, STM32U599VJT6Q, STM32U599ZIT6Q, STM32U599ZIY6QTR, STM32U599ZJT6Q, STM32U599ZJY6QTR, STM32U5A5AJH6, STM32U5A5AJH6Q, STM32U5A5QII3Q , STM32U5A5QJI6, STM32U5A5QJI6Q, STM32U5A5RJT6, STM32U5A5RJT6Q, STM32U5A5VJT6, STM32U5A5VJT6Q, STM32U5A5ZJT6, STM32U5A5ZJT6Q, STM32U5A5ZJY6QTR, STM32U5A9BJY6QTR, STM32U5A9J-DK, STM32U5A9NJH6Q, STM32U5A9VJT6Q, STM32U5A9ZJT6Q, STM32U5A9ZJY6QTR, STM32U5F7VIT6, STM32U5F7VIT6Q, STM32U5F7VJT6, STM32U5F7VJT6Q, STM32U5F9BJY6QTR, STM32U5F9NJH6Q, STM32U5F9VIT6Q, STM32U5F9VJT6Q, STM32U5F9ZIJ6QTR, STM32U5F9ZIT6Q, STM32U5F9ZJJ6QTR, STM32U5F9ZJT6Q, STM32U5G7VJT6, STM32U5G7VJT6Q, STM32U5G9BJY6QTR, STM32U5G9J-DK1, STM32U5G9J-DK2, STM32U5G9NJH6Q, STM32U5G9VJT6Q, STM32U5G9ZJJ6QTR, STM32U5G9ZJT6Q, STM32WB05KZV6TR, STM32WB05KZV7TR, STM32WB05TZF6TR, STM32WB05TZF7TR, STM32WB06CCF6TR, STM32WB06CCF7TR, STM32WB06CCV6TR, STM32WB06CCV7TR, STM32WB06KCV6TR, STM32WB06KCV7TR, STM32WB07CCF6TR, STM32WB07CCF7TR, STM32WB07CCV6TR, STM32WB07CCV7TR, STM32WB07KCV6TR, STM32WB07KCV7TR, STM32WB09KEV6TR, STM32WB09KEV7TR, STM32WB09TEF6TR, STM32WB09TEF7TR, STM32WB1MMCH6, STM32WBA50KGU6, STM32WBA50KGU6TR, STM32WBA52CEU6, STM32WBA52CEU6TR, STM32WBA52CEU7, STM32WBA52CEU7TR, STM32WBA52CGU6, STM32WBA52CGU6TR, STM32WBA52CGU6U, STM32WBA52CGU7, STM32WBA52CGU7TR, STM32WBA52KEU6, STM32WBA52KEU6TR, STM32WBA52KGU6, STM32WBA52KGU6TR, STM32WBA54CEU6, STM32WBA54CEU6TR, STM32WBA54CEU7, STM32WBA54CEU7TR, STM32WBA54CGU6, STM32WBA54CGU6TR, STM32WBA54CGU7, STM32WBA54CGU7TR, STM32WBA54KEU6, STM32WBA54KEU6TR, STM32WBA54KEU7, STM32WBA54KEU7TR, STM32WBA54KGU6, STM32WBA54KGU6TR, STM32WBA54KGU7, STM32WBA54KGU7TR, STM32WBA55CEU6, STM32WBA55CEU6TR, STM32WBA55CEU7, STM32WBA55CEU7TR, STM32WBA55CGU6, STM32WBA55CGU6TR, STM32WBA55CGU6U, STM32WBA55CGU7, STM32WBA55CGU7TR, STM32WBA55G-DK1, STM32WBA55HEF6, STM32WBA55HEF7, STM32WBA55HGF6, STM32WBA55HGF7, STM32WBA55UEI6, STM32WBA55UEI6TR, STM32WBA55UEI7, STM32WBA55UEI7TR, STM32WBA55UGI6, STM32WBA55UGI6TR, STM32WBA55UGI7, STM32WBA55UGI7TR, STM32WBA5MMGH6TR, STM32WBA62MGF6, STM32WBA62MIF6, STM32WBA65MGF7, STM32WBA65MIF6, STM32WBA65MIF7, STM32WL30K8V6, STM32WL30KBV6, STM32WL31C8V6, STM32WL31CBV6, STM32WL31K8V6, STM32WL31KBV6, STM32WL33C8V6, STM32WL33C8V6X, STM32WL33CBV6, STM32WL33CBV6X, STM32WL33CCV6, STM32WL33CCV6A, STM32WL33CCV6X, STM32WL33K8V7, STM32WL33K8V7X, STM32WL33KBV7 , STM32WL33KBV7X, STM32WL33KCV7, STM32WL33KCV7X, STM32WL5MOCH6, STM32WL5MOCH6TR]
2025-08-19 09:38:26,653 [INFO] BoardInfo:889 - No configuration file found for board P-NUCLEO-WB55
2025-08-19 09:38:26,653 [INFO] DbBoards:161 - Kit is not supported: P-NUCLEO-WB55
2025-08-19 09:38:26,656 [INFO] BoardInfo:889 - No configuration file found for board STEVAL-BFA001V1B
2025-08-19 09:38:26,656 [INFO] DbBoards:161 - Kit is not supported: STEVAL-BFA001V1B
2025-08-19 09:38:26,658 [INFO] BoardInfo:889 - No configuration file found for board STEVAL-BFA001V2B
2025-08-19 09:38:26,658 [INFO] DbBoards:161 - Kit is not supported: STEVAL-BFA001V2B
2025-08-19 09:38:26,723 [INFO] DbBoards:168 - Found 212 boards, 209 are supported
2025-08-19 09:38:26,723 [INFO] DbBoards:169 - Found 212 boards, 43 of them is supported for  Bsp
2025-08-19 09:38:26,726 [INFO] ApiDb:668 - CubeFinder database Data Model version=2.1
2025-08-19 09:38:26,727 [INFO] ApiDb:669 - CubeFinder database Configuration version=3.0.39
2025-08-19 09:38:26,727 [INFO] ApiDb:670 - CubeFinder database generation date=2025-07-24 (1753349077)
2025-08-19 09:38:26,727 [INFO] ApiDb:671 - CubeFinder database FW Pack versions=[FP-ATR-ASTRA1_V2.0.0, FP-SNS-FLIGHT1_V5.1.0, FP-SNS-MOTENV1_V5.0.0, FP-SNS-MOTENVWB1_V1.4.0, FP-SNS-SMARTAG2_V1.2.0, FP-SNS-STBOX1_V2.0.0, STM32Cube_FW_C0_V1.4.0, STM32Cube_FW_F4_V1.28.2, STM32Cube_FW_F7_V1.17.3, STM32Cube_FW_G0_V1.6.2, STM32Cube_FW_G4_V1.6.1, STM32Cube_FW_H5_V1.5.0, STM32Cube_FW_H7RS_V1.2.0, STM32Cube_FW_H7_V1.12.1, STM32Cube_FW_L0_V1.12.2, STM32Cube_FW_L4_V1.18.1, STM32Cube_FW_L5_V1.5.1, STM32Cube_FW_N6_V1.2.0, STM32Cube_FW_U0_V1.3.0, STM32Cube_FW_U3_V1.2.0, STM32Cube_FW_U5_V1.8.0, STM32Cube_FW_WB0_V1.3.0, STM32Cube_FW_WBA_V1.7.0, STM32Cube_FW_WB_V1.23.0, STM32Cube_FW_WL3_V1.2.0, STM32Cube_FW_WL_V1.3.1, X-CUBE-ALGOBUILD_V1.4.0, X-CUBE-ALS_V1.0.2, X-CUBE-AZRTOS-F4_V1.1.0, X-CUBE-AZRTOS-F7_V1.1.0, X-CUBE-AZRTOS-G0_V1.1.0, X-CUBE-AZRTOS-G4_V2.0.0, X-CUBE-AZRTOS-H7RS_V1.1.0, X-CUBE-AZRTOS-H7_V3.4.0, X-CUBE-AZRTOS-L4_V2.0.0, X-CUBE-AZRTOS-L5_V2.0.0, X-CUBE-AZRTOS-WB_V2.0.0, X-CUBE-AZRTOS-WL_V2.0.0, X-CUBE-BLE1_V7.1.0, X-CUBE-BLE2_V3.3.0, X-CUBE-BLEMGR_V4.1.0, X-CUBE-EEPRMA1_V5.2.0, X-CUBE-FREERTOS_V1.3.1, X-CUBE-GNSS1_V6.0.0, X-CUBE-MEMS1_V11.3.0, X-CUBE-NFC4_V3.0.0, X-CUBE-NFC7_V2.0.0, X-CUBE-SFXS2LP1_V4.0.0, X-CUBE-ST67W61_V1.0.0, X-CUBE-SUBG2_V5.0.0, X-CUBE-TOF1_V3.4.3]
2025-08-19 09:38:28,203 [INFO] ApiDb:240 - Found 880 in-development CPN: [B-G473E-ZEST1S, B-WB1M-WPAN1, B-WBA5M-WPAN, B-WL5M-SUBG1, NUCLEO-C031C6, NUCLEO-C051C8, NUCLEO-C071RB, NUCLEO-C092RC, NUCLEO-H503RB, NUCLEO-H533RE, NUCLEO-H563ZI, NUCLEO-H7S3L8, NUCLEO-N657X0-Q, NUCLEO-U031R8, NUCLEO-U083RC, NUCLEO-U385RG-Q, NUCLEO-U545RE-Q, NUCLEO-U5A5ZJ-Q, NUCLEO-WB05KZ, NUCLEO-WB07CC, NUCLEO-WB09KE, NUCLEO-WBA52CG, NUCLEO-WBA55CG, NUCLEO-WL33CC1, NUCLEO-WL33CC2, STEVAL-PROTEUS1, STEVAL-SMARTAG2, STEVAL-STWINBX1, STM320518-EVAL, STM32C0116-DK, STM32C011D6Y3TR, STM32C011D6Y6TR, STM32C011F4P3, STM32C011F4P6, STM32C011F4U3, STM32C011F4U6TR, STM32C011F6P3, STM32C011F6P6, STM32C011F6U3, STM32C011F6U6TR, STM32C011J4M3, STM32C011J4M6, STM32C011J6M3, STM32C011J6M6, STM32C0316-DK, STM32C031C4T3, STM32C031C4T6, STM32C031C4U3, STM32C031C4U6, STM32C031C6T3, STM32C031C6T6, STM32C031C6U3, STM32C031C6U6, STM32C031F4P3, STM32C031F4P6, STM32C031F6P3, STM32C031F6P6, STM32C031G4U3, STM32C031G4U6, STM32C031G6U3, STM32C031G6U6, STM32C031K4T3, STM32C031K4T6, STM32C031K4U3, STM32C031K4U6, STM32C031K6T3, STM32C031K6T6, STM32C031K6U3, STM32C031K6U6, STM32C051C6T6, STM32C051C6U6, STM32C051C8T6, STM32C051C8U6, STM32C051D8Y6TR, STM32C051F6P6, STM32C051F8P6, STM32C051G6U6, STM32C051G8U6, STM32C051K6T6, STM32C051K6U6, STM32C051K8T6, STM32C071C8T6, STM32C071C8T6N, STM32C071C8U6, STM32C071C8U6N, STM32C071CBT6, STM32C071CBT6N, STM32C071CBU6, STM32C071CBU6N, STM32C071F8P6, STM32C071F8P6N, STM32C071FBP6, STM32C071FBP6N, STM32C071FBY6TR, STM32C071G8U6, STM32C071G8U6N, STM32C071GBU6, STM32C071GBU6N, STM32C071K8T6, STM32C071K8T6N, STM32C071K8U6, STM32C071K8U6N, STM32C071KBT6, STM32C071KBT6N, STM32C071KBU6, STM32C071KBU6N, STM32C071R8T6, STM32C071R8T6N, STM32C071RBI6N, STM32C071RBT6, STM32C071RBT6N, STM32C091CBT6, STM32C091CBU6, STM32C091CCT6, STM32C091CCU6, STM32C091ECY6TR, STM32C091FBP6, STM32C091FCP6, STM32C091GBU6, STM32C091GCU6, STM32C091KBT6, STM32C091KBU6, STM32C091KCT6, STM32C091KCU6, STM32C091RBT6, STM32C091RCI6, STM32C091RCT6, STM32C092CBT6, STM32C092CBU6, STM32C092CCT6, STM32C092CCU6, STM32C092ECY6TR, STM32C092FBP6, STM32C092FCP6, STM32C092GBU6, STM32C092GCU6, STM32C092KBT6, STM32C092KBU6, STM32C092KCT6, STM32C092KCU6, STM32C092RBT6, STM32C092RCI6, STM32C092RCT6, STM32G071K8TXN, STM32G071K8UXN, STM32G081GBU6N, STM32G081KBT6N, STM32G081KBUXN, STM32G0B1CCT6N, STM32G0B1KCT6, STM32G0B1NEY6TR, STM32G0B1RCT6N, STM32G0C1CCT6, STM32G0C1CCT6N, STM32G0C1CCU6N, STM32G0C1CET6N, STM32G0C1CEU6N, STM32G0C1KCT6, STM32G0C1NEY6TR, STM32G0C1RCI6N, STM32G0C1RCT6N, STM32G0C1REI6N, STM32G0C1RET6N, STM32G0C1VCI6, STM32G0C1VEI6, STM32G411C6T3, STM32G411C6T6, STM32G411C6U3, STM32G411C6U6, STM32G411C8T3, STM32G411C8T6, STM32G411C8U3, STM32G411C8U6, STM32G411CBT3, STM32G411CBT6, STM32G411CBU3, STM32G411CBU6, STM32G411K6T3, STM32G411K6T6, STM32G411K6U3, STM32G411K6U6, STM32G411K8T3, STM32G411K8T6, STM32G411K8U3, STM32G411K8U6, STM32G411KBT3, STM32G411KBT6, STM32G411KBU3, STM32G411KBU6, STM32G411M6T3, STM32G411M6T6, STM32G411M8T3, STM32G411M8T6, STM32G411MBT3, STM32G411MBT6, STM32G411R6T3, STM32G411R6T6, STM32G411R8T3, STM32G411R8T6, STM32G411RBT3, STM32G411RBT6, STM32G414CBT3, STM32G414CBT6, STM32G414CBU3, STM32G414CBU6, STM32G414CCT3, STM32G414CCT6, STM32G414CCU3, STM32G414CCU6, STM32G414MBT3, STM32G414MBT6, STM32G414MCT3, STM32G414MCT6, STM32G414RBT3, STM32G414RBT6, STM32G414RCT3, STM32G414RCT6, STM32G414VBT3, STM32G414VBT6, STM32G414VCT3, STM32G414VCT6, STM32G431CBT3Z, STM32G431RBT3Z, STM32G471CCT6, STM32G471CCU6, STM32G471CET3, STM32G471CET6, STM32G471CEU3, STM32G471CEU6, STM32G471MCT6, STM32G471MET3, STM32G471MET6, STM32G471MEY6TR, STM32G471QCT6, STM32G471QET3, STM32G471RCT6, STM32G471RET3, STM32G471RET6, STM32G471VCH6, STM32G471VCI6, STM32G471VCT6, STM32G471VEH3, STM32G471VEH6, STM32G471VEI3, STM32G471VEI6, STM32G471VET3, STM32G471VET6, STM32G473QET3Z, STM32G473RET3Z, STM32G474CCT6, STM32G491RET3Z, STM32H503CBT6, STM32H503CBU6, STM32H503EBY6TR, STM32H503KBU6, STM32H503RBT6, STM32H523CCT6, STM32H523CCU6, STM32H523CET6, STM32H523CEU6, STM32H523HEY6TR, STM32H523RCT6, STM32H523RET6, STM32H523VCI6, STM32H523VCT6, STM32H523VEI6, STM32H523VET6, STM32H523ZCJ6, STM32H523ZCT6, STM32H523ZEJ6, STM32H523ZET6, STM32H533CET6, STM32H533CEU6, STM32H533HEY6TR, STM32H533RET6, STM32H533VEI6, STM32H533VET6, STM32H533ZEJ6, STM32H533ZET6, STM32H562AGI6, STM32H562AII6, STM32H562IGK6, STM32H562IGT6, STM32H562IIK6, STM32H562IIT6, STM32H562RGT6, STM32H562RGV6, STM32H562RIT6, STM32H562RIV6, STM32H562VGT6, STM32H562VIT6, STM32H562ZGT6, STM32H562ZIT6, STM32H563AGI6, STM32H563AII3Q, STM32H563AII6, STM32H563IGK6, STM32H563IGT6, STM32H563IIK3Q, STM32H563IIK6, STM32H563IIT3Q, STM32H563IIT6, STM32H563MIY3QTR, STM32H563RGT6, STM32H563RGV6, STM32H563RIT6, STM32H563RIV6, STM32H563VGT6, STM32H563VIT3Q, STM32H563VIT6, STM32H563ZGT6, STM32H563ZIT3Q, STM32H563ZIT6, STM32H573AII3Q, STM32H573AII6, STM32H573I-DK, STM32H573IIK3Q, STM32H573IIK6, STM32H573IIT3Q, STM32H573IIT6, STM32H573MIY3QTR, STM32H573RIT6, STM32H573RIV6, STM32H573VIT3Q, STM32H573VIT6, STM32H573ZIT3Q, STM32H573ZIT6, STM32H7R3A8I6, STM32H7R3I8K6, STM32H7R3I8T6, STM32H7R3L8H6, STM32H7R3L8H6H, STM32H7R3R8V6, STM32H7R3V8H6, STM32H7R3V8T6, STM32H7R3V8Y6TR, STM32H7R3Z8J6, STM32H7R3Z8T6, STM32H7R7A8I6, STM32H7R7I8K6, STM32H7R7I8T6, STM32H7R7L8H6, STM32H7R7L8H6H, STM32H7R7Z8J6, STM32H7S3A8I6, STM32H7S3I8K6, STM32H7S3I8T6, STM32H7S3L8H6, STM32H7S3L8H6H, STM32H7S3R8V6, STM32H7S3V8H6, STM32H7S3V8T6, STM32H7S3V8Y6TR, STM32H7S3Z8J6, STM32H7S3Z8T6, STM32H7S78-DK, STM32H7S7A8I6, STM32H7S7I8K6, STM32H7S7I8T6, STM32H7S7L8H6, STM32H7S7L8H6H, STM32H7S7Z8J6, STM32L4R5QGI6STR, STM32MP131AAE3, STM32MP131AAF3, STM32MP131AAG3, STM32MP131CAE3, STM32MP131CAF3, STM32MP131CAG3, STM32MP131DAE7, STM32MP131DAF7, STM32MP131DAG7, STM32MP131FAE7, STM32MP131FAF7, STM32MP131FAG7, STM32MP133AAE3, STM32MP133AAF3, STM32MP133AAG3, STM32MP133CAE3, STM32MP133CAF3, STM32MP133CAG3, STM32MP133DAE7, STM32MP133DAF7, STM32MP133DAG7, STM32MP133FAE7, STM32MP133FAF7, STM32MP133FAG7, STM32MP135AAE3, STM32MP135AAF3, STM32MP135AAG3, STM32MP135CAE3, STM32MP135CAF3, STM32MP135CAG3, STM32MP135DAE7, STM32MP135DAF7, STM32MP135DAG7, STM32MP135F-DK, STM32MP135FAE7, STM32MP135FAF7, STM32MP135FAF7T, STM32MP135FAF7U, STM32MP135FAG7, STM32MP211AAL3, STM32MP211AAM3, STM32MP211AAN3, STM32MP211AAO3, STM32MP211CAL3, STM32MP211CAM3, STM32MP211CAN3, STM32MP211CAO3, STM32MP211DAL3, STM32MP211DAM3, STM32MP211DAN3, STM32MP211DAO3, STM32MP211FAL3, STM32MP211FAM3, STM32MP211FAN3, STM32MP211FAO3, STM32MP213AAL3, STM32MP213AAM3, STM32MP213AAN3, STM32MP213AAO3, STM32MP213CAL3, STM32MP213CAM3, STM32MP213CAN3, STM32MP213CAO3, STM32MP213DAL3, STM32MP213DAM3, STM32MP213DAN3, STM32MP213DAO3, STM32MP213FAL3, STM32MP213FAM3, STM32MP213FAN3, STM32MP213FAO3, STM32MP215AAL3, STM32MP215AAM3, STM32MP215AAN3, STM32MP215AAO3, STM32MP215CAL3, STM32MP215CAM3, STM32MP215CAN3, STM32MP215CAO3, STM32MP215DAL3, STM32MP215DAM3, STM32MP215DAN3, STM32MP215DAO3, STM32MP215F-DK, STM32MP215FAL3, STM32MP215FAM3, STM32MP215FAN3, STM32MP215FAO3, STM32MP231AAJ3, STM32MP231AAK3, STM32MP231AAL3, STM32MP231CAJ3, STM32MP231CAK3, STM32MP231CAL3, STM32MP231DAJ3, STM32MP231DAK3, STM32MP231DAL3, STM32MP231FAJ3, STM32MP231FAK3, STM32MP231FAL3, STM32MP233AAJ3, STM32MP233AAK3, STM32MP233AAL3, STM32MP233CAJ3, STM32MP233CAK3, STM32MP233CAL3, STM32MP233DAJ3, STM32MP233DAK3, STM32MP233DAL3, STM32MP233FAJ3, STM32MP233FAK3, STM32MP233FAL3, STM32MP235AAJ3, STM32MP235AAK3, STM32MP235AAL3, STM32MP235CAJ3, STM32MP235CAK3, STM32MP235CAL3, STM32MP235DAJ3, STM32MP235DAK3, STM32MP235DAL3, STM32MP235FAJ3, STM32MP235FAK3, STM32MP235FAL3, STM32MP251AAI3, STM32MP251AAK3, STM32MP251AAL3, STM32MP251CAI3, STM32MP251CAK3, STM32MP251CAL3, STM32MP251DAI3, STM32MP251DAK3, STM32MP251DAL3, STM32MP251FAI3, STM32MP251FAK3, STM32MP251FAL3, STM32MP253AAI3, STM32MP253AAK3, STM32MP253AAL3, STM32MP253CAI3, STM32MP253CAK3, STM32MP253CAL3, STM32MP253DAI3, STM32MP253DAK3, STM32MP253DAL3, STM32MP253FAI3, STM32MP253FAK3, STM32MP253FAL3, STM32MP255AAI3, STM32MP255AAK3, STM32MP255AAL3, STM32MP255CAI3, STM32MP255CAK3, STM32MP255CAL3, STM32MP255DAI3, STM32MP255DAK3, STM32MP255DAL3, STM32MP255FAI3, STM32MP255FAK3, STM32MP255FAL3, STM32MP257AAI3, STM32MP257AAK3, STM32MP257AAL3, STM32MP257CAI3, STM32MP257CAK3, STM32MP257CAL3, STM32MP257DAI3, STM32MP257DAK3, STM32MP257DAL3, STM32MP257F-DK, STM32MP257F-EV1, STM32MP257FAI3, STM32MP257FAK3, STM32MP257FAL3, STM32N645A0H3Q, STM32N645B0H3Q, STM32N645I0H3Q, STM32N645L0H3Q, STM32N645X0H3Q, STM32N645Z0H3Q, STM32N647A0H3Q, STM32N647B0H3Q, STM32N647I0H3Q, STM32N647L0H3Q, STM32N647X0H3Q, STM32N647Z0H3Q, STM32N655A0H3Q, STM32N655B0H3Q, STM32N655I0H3Q, STM32N655L0H3Q, STM32N655X0H3Q, STM32N655Z0H3Q, STM32N6570-DK, STM32N657A0H3Q, STM32N657B0H3Q, STM32N657I0H3Q, STM32N657L0H3Q, STM32N657X0H3Q, STM32N657Z0H3Q, STM32U031C6T6, STM32U031C6U6, STM32U031C8T6, STM32U031C8U6, STM32U031F4P6, STM32U031F6P6, STM32U031F8P6, STM32U031G6Y6TR, STM32U031G8Y6TR, STM32U031K4U6, STM32U031K6U6, STM32U031K8U6, STM32U031R6I6, STM32U031R6T6, STM32U031R8I6, STM32U031R8T6, STM32U073C8T6, STM32U073C8U6, STM32U073CBT6, STM32U073CBU6, STM32U073CCT6, STM32U073CCU6, STM32U073H8Y6TR, STM32U073HBY6TR, STM32U073HCY6TR, STM32U073K8U6, STM32U073KBU6, STM32U073KCU6, STM32U073M8I6, STM32U073M8T6, STM32U073MBI6, STM32U073MBT6, STM32U073MCI6, STM32U073MCT6, STM32U073R8I6, STM32U073R8T6, STM32U073RBI6, STM32U073RBT6, STM32U073RCI6, STM32U073RCT6, STM32U083C-DK, STM32U083CCT6, STM32U083CCU6, STM32U083HCY6TR, STM32U083KCU6, STM32U083MCI6, STM32U083MCT6, STM32U083RCI6, STM32U083RCT6, STM32U375CET6, STM32U375CET6Q, STM32U375CEU6, STM32U375CEU6Q, STM32U375CEY6QTR, STM32U375CGT6, STM32U375CGT6Q, STM32U375CGU6, STM32U375CGU6Q, STM32U375CGY6QTR, STM32U375KEU6, STM32U375KGU6, STM32U375REI6, STM32U375REI6Q, STM32U375RET6, STM32U375RET6Q, STM32U375REY6GTR, STM32U375REY6QTR, STM32U375RGI6, STM32U375RGI6Q, STM32U375RGT6, STM32U375RGT6Q, STM32U375RGY6GTR, STM32U375RGY6QTR, STM32U375VEI6, STM32U375VEI6Q, STM32U375VET6, STM32U375VET6Q, STM32U375VGI6, STM32U375VGI6Q, STM32U375VGT6, STM32U375VGT6Q, STM32U385CGT6, STM32U385CGT6Q, STM32U385CGU6, STM32U385CGU6Q, STM32U385CGY6QTR, STM32U385KGU6, STM32U385RGI6, STM32U385RGI6Q, STM32U385RGT6, STM32U385RGT6Q, STM32U385RGY6GTR, STM32U385RGY6QTR, STM32U385VGI6, STM32U385VGI6Q, STM32U385VGT6, STM32U385VGT6Q, STM32U535CBT6, STM32U535CBT6Q, STM32U535CBU6, STM32U535CBU6Q, STM32U535CCT6, STM32U535CCT6Q, STM32U535CCU6, STM32U535CCU6Q, STM32U535CET6, STM32U535CET6Q, STM32U535CEU6, STM32U535CEU6Q, STM32U535JEY6QTR, STM32U535NCY6QTR, STM32U535NEY6QTR, STM32U535RBI6, STM32U535RBI6Q, STM32U535RBT6, STM32U535RBT6Q, STM32U535RCI6, STM32U535RCI6Q, STM32U535RCT6, STM32U535RCT6Q, STM32U535REI6, STM32U535REI6Q, STM32U535RET6, STM32U535RET6Q, STM32U535VCI6, STM32U535VCI6Q, STM32U535VCT6, STM32U535VCT6Q, STM32U535VEI6, STM32U535VEI6Q, STM32U535VET6, STM32U535VET6Q, STM32U545CET6, STM32U545CET6Q, STM32U545CEU6, STM32U545CEU6Q, STM32U545JEY6QTR, STM32U545NEY6QTR, STM32U545REI6, STM32U545REI6Q, STM32U545RET6, STM32U545RET6Q, STM32U545VEI6, STM32U545VEI6Q, STM32U545VET6, STM32U545VET6Q, STM32U595AIH6, STM32U595AIH6Q, STM32U595AJH6, STM32U595AJH6Q, STM32U595QII6, STM32U595QII6Q, STM32U595QJI6, STM32U595QJI6Q, STM32U595RIT6, STM32U595RIT6Q, STM32U595RJT6, STM32U595RJT6Q, STM32U595VIT6, STM32U595VIT6Q, STM32U595VJT6, STM32U595VJT6Q, STM32U595ZIT6, STM32U595ZIT6Q, STM32U595ZIY6QTR, STM32U595ZJT6, STM32U595ZJT6Q, STM32U595ZJY6QTR, STM32U599BJY6QTR, STM32U599NIH6Q, STM32U599NJH6Q, STM32U599VIT6Q, STM32U599VJT6, STM32U599VJT6Q, STM32U599ZIT6Q, STM32U599ZIY6QTR, STM32U599ZJT6Q, STM32U599ZJY6QTR, STM32U5A5AJH6, STM32U5A5AJH6Q, STM32U5A5QII3Q , STM32U5A5QJI6, STM32U5A5QJI6Q, STM32U5A5RJT6, STM32U5A5RJT6Q, STM32U5A5VJT6, STM32U5A5VJT6Q, STM32U5A5ZJT6, STM32U5A5ZJT6Q, STM32U5A5ZJY6QTR, STM32U5A9BJY6QTR, STM32U5A9J-DK, STM32U5A9NJH6Q, STM32U5A9VJT6Q, STM32U5A9ZJT6Q, STM32U5A9ZJY6QTR, STM32U5F7VIT6, STM32U5F7VIT6Q, STM32U5F7VJT6, STM32U5F7VJT6Q, STM32U5F9BJY6QTR, STM32U5F9NJH6Q, STM32U5F9VIT6Q, STM32U5F9VJT6Q, STM32U5F9ZIJ6QTR, STM32U5F9ZIT6Q, STM32U5F9ZJJ6QTR, STM32U5F9ZJT6Q, STM32U5G7VJT6, STM32U5G7VJT6Q, STM32U5G9BJY6QTR, STM32U5G9J-DK1, STM32U5G9J-DK2, STM32U5G9NJH6Q, STM32U5G9VJT6Q, STM32U5G9ZJJ6QTR, STM32U5G9ZJT6Q, STM32WB05KZV6TR, STM32WB05KZV7TR, STM32WB05TZF6TR, STM32WB05TZF7TR, STM32WB06CCF6TR, STM32WB06CCF7TR, STM32WB06CCV6TR, STM32WB06CCV7TR, STM32WB06KCV6TR, STM32WB06KCV7TR, STM32WB07CCF6TR, STM32WB07CCF7TR, STM32WB07CCV6TR, STM32WB07CCV7TR, STM32WB07KCV6TR, STM32WB07KCV7TR, STM32WB09KEV6TR, STM32WB09KEV7TR, STM32WB09TEF6TR, STM32WB09TEF7TR, STM32WB1MMCH6, STM32WBA50KGU6, STM32WBA50KGU6TR, STM32WBA52CEU6, STM32WBA52CEU6TR, STM32WBA52CEU7, STM32WBA52CEU7TR, STM32WBA52CGU6, STM32WBA52CGU6TR, STM32WBA52CGU6U, STM32WBA52CGU7, STM32WBA52CGU7TR, STM32WBA52KEU6, STM32WBA52KEU6TR, STM32WBA52KGU6, STM32WBA52KGU6TR, STM32WBA54CEU6, STM32WBA54CEU6TR, STM32WBA54CEU7, STM32WBA54CEU7TR, STM32WBA54CGU6, STM32WBA54CGU6TR, STM32WBA54CGU7, STM32WBA54CGU7TR, STM32WBA54KEU6, STM32WBA54KEU6TR, STM32WBA54KEU7, STM32WBA54KEU7TR, STM32WBA54KGU6, STM32WBA54KGU6TR, STM32WBA54KGU7, STM32WBA54KGU7TR, STM32WBA55CEU6, STM32WBA55CEU6TR, STM32WBA55CEU7, STM32WBA55CEU7TR, STM32WBA55CGU6, STM32WBA55CGU6TR, STM32WBA55CGU6U, STM32WBA55CGU7, STM32WBA55CGU7TR, STM32WBA55G-DK1, STM32WBA55HEF6, STM32WBA55HEF7, STM32WBA55HGF6, STM32WBA55HGF7, STM32WBA55UEI6, STM32WBA55UEI6TR, STM32WBA55UEI7, STM32WBA55UEI7TR, STM32WBA55UGI6, STM32WBA55UGI6TR, STM32WBA55UGI7, STM32WBA55UGI7TR, STM32WBA5MMGH6TR, STM32WBA62MGF6, STM32WBA62MIF6, STM32WBA65MGF7, STM32WBA65MIF6, STM32WBA65MIF7, STM32WL30K8V6, STM32WL30KBV6, STM32WL31C8V6, STM32WL31CBV6, STM32WL31K8V6, STM32WL31KBV6, STM32WL33C8V6, STM32WL33C8V6X, STM32WL33CBV6, STM32WL33CBV6X, STM32WL33CCV6, STM32WL33CCV6A, STM32WL33CCV6X, STM32WL33K8V7, STM32WL33K8V7X, STM32WL33KBV7 , STM32WL33KBV7X, STM32WL33KCV7, STM32WL33KCV7X, STM32WL5MOCH6, STM32WL5MOCH6TR]
2025-08-19 09:38:28,207 [INFO] DbMcus:218 - Found 4801 MCUs, 4801 are supported
2025-08-19 09:38:28,213 [INFO] ApiDb:423 - Load user favorites file C:\Users\nphis/.stm32cubeide/favorites.mcus.txt: 1 item(s)
2025-08-19 09:38:28,214 [INFO] ApiDb:427 - User favorites MCUs=[STM32F767ZIT6]
2025-08-19 09:38:28,214 [INFO] DbMcus:224 - Set 1 / 1 favorites MCUs
2025-08-19 09:38:28,490 [INFO] ApiDb:423 - Load user favorites file C:\Users\nphis/.stm32cubeide/favorites.boards.txt: 0 item(s)
2025-08-19 09:38:28,490 [INFO] ApiDb:427 - User favorites Boards=[]
2025-08-19 09:38:28,490 [INFO] DbBoards:198 - Set 0 / 0 favorites Boards
2025-08-19 09:38:28,547 [INFO] UtilMem:75 - End LoadConfig() Used Memory: 313761736 Bytes (368050176)
2025-08-19 09:38:28,658 [WARN] ThirdParty:833 - waiting for thirdparty lock release [change project]
2025-08-19 09:38:28,658 [INFO] ThirdParty:835 - entering critical section [change project]
2025-08-19 09:38:28,658 [INFO] ThirdParty:1030 - CMSIS Pack Vendor :STMicroelectronics X-CUBE-PM33A1 1.0.0
2025-08-19 09:38:28,658 [INFO] ThirdParty:1030 - CMSIS Pack Vendor :STMicroelectronics USBPD 4.1
2025-08-19 09:38:28,658 [INFO] ThirdParty:1030 - CMSIS Pack Vendor :STMicroelectronics X-CUBE-NFC9 1.0.0
2025-08-19 09:38:28,658 [INFO] ThirdParty:1030 - CMSIS Pack Vendor :wolfSSL I-CUBE-wolfSSL 5.8.0
2025-08-19 09:38:28,658 [INFO] ThirdParty:1030 - CMSIS Pack Vendor :STMicroelectronics USB_HOST 2.0.0
2025-08-19 09:38:28,658 [INFO] ThirdParty:1030 - CMSIS Pack Vendor :STMicroelectronics FP-SNS-MOTENVWB1 1.4.0
2025-08-19 09:38:28,658 [INFO] ThirdParty:1030 - CMSIS Pack Vendor :STMicroelectronics X-CUBE-AZRTOS-F4 1.1.0
2025-08-19 09:38:28,658 [INFO] ThirdParty:1030 - CMSIS Pack Vendor :STMicroelectronics LIBJPEG 8.0.0
2025-08-19 09:38:28,658 [INFO] ThirdParty:1030 - CMSIS Pack Vendor :STMicroelectronics FP-ATR-ASTRA1 2.0.2
2025-08-19 09:38:28,658 [INFO] ThirdParty:1030 - CMSIS Pack Vendor :wolfSSL I-CUBE-wolfSSL 5.8.2
2025-08-19 09:38:28,658 [INFO] ThirdParty:1030 - CMSIS Pack Vendor :STMicroelectronics X-CUBE-BLE1 7.1.0
2025-08-19 09:38:28,658 [INFO] ThirdParty:1030 - CMSIS Pack Vendor :Avnet-IotConnect X-CUBE-IoTC-DA16k-PMOD 1.0.0
2025-08-19 09:38:28,658 [INFO] ThirdParty:1030 - CMSIS Pack Vendor :STMicroelectronics X-CUBE-SMBUS 2.1.0
2025-08-19 09:38:28,658 [INFO] ThirdParty:1030 - CMSIS Pack Vendor :wolfSSL I-CUBE-wolfMQTT 1.19.2
2025-08-19 09:38:28,658 [INFO] ThirdParty:1030 - CMSIS Pack Vendor :STMicroelectronics USB_DEVICE 3.0.0
2025-08-19 09:38:28,658 [INFO] ThirdParty:1030 - CMSIS Pack Vendor :STMicroelectronics X-CUBE-ISPU 2.1.0
2025-08-19 09:38:28,658 [INFO] ThirdParty:1030 - CMSIS Pack Vendor :STMicroelectronics X-CUBE-EEPRMA1 5.2.0
2025-08-19 09:38:28,659 [INFO] ThirdParty:1030 - CMSIS Pack Vendor :STMicroelectronics X-CUBE-BLEMGR 4.1.0
2025-08-19 09:38:28,659 [INFO] ThirdParty:1030 - CMSIS Pack Vendor :STMicroelectronics X-CUBE-AZRTOS-WB 2.0.0
2025-08-19 09:38:28,659 [INFO] ThirdParty:1030 - CMSIS Pack Vendor :STMicroelectronics X-CUBE-ST60 1.0.0
2025-08-19 09:38:28,659 [INFO] ThirdParty:1030 - CMSIS Pack Vendor :STMicroelectronics X-CUBE-GNSS1 7.0.1
2025-08-19 09:38:28,659 [INFO] ThirdParty:1030 - CMSIS Pack Vendor :STMicroelectronics X-CUBE-NFC12 1.0.0
2025-08-19 09:38:28,659 [INFO] ThirdParty:1030 - CMSIS Pack Vendor :STMicroelectronics X-CUBE-AZRTOS-F7 1.1.0
2025-08-19 09:38:28,659 [INFO] ThirdParty:1030 - CMSIS Pack Vendor :STMicroelectronics X-CUBE-AZRTOS-L5 2.0.0
2025-08-19 09:38:28,659 [INFO] ThirdParty:1030 - CMSIS Pack Vendor :STMicroelectronics X-CUBE-TOUCHGFX 4.25.0
2025-08-19 09:38:28,659 [INFO] ThirdParty:1030 - CMSIS Pack Vendor :STMicroelectronics USB_DEVICE 2.0.0
2025-08-19 09:38:28,659 [INFO] ThirdParty:1030 - CMSIS Pack Vendor :STMicroelectronics X-CUBE-NFC6 3.1.0
2025-08-19 09:38:28,659 [INFO] ThirdParty:1030 - CMSIS Pack Vendor :STMicroelectronics X-CUBE-AI 10.1.0
2025-08-19 09:38:28,659 [INFO] ThirdParty:1030 - CMSIS Pack Vendor :STMicroelectronics FP-SNS-STBOX1 2.0.0
2025-08-19 09:38:28,659 [INFO] ThirdParty:1030 - CMSIS Pack Vendor :quantropi X-CUBE-qispace-sdk-base 2.1.0
2025-08-19 09:38:28,659 [INFO] ThirdParty:1030 - CMSIS Pack Vendor :STMicroelectronics FreeRTOS 0.0.1
2025-08-19 09:38:28,659 [INFO] ThirdParty:1030 - CMSIS Pack Vendor :STMicroelectronics X-CUBE-AZRTOS-G0 1.1.0
2025-08-19 09:38:28,659 [INFO] ThirdParty:1030 - CMSIS Pack Vendor :STMicroelectronics X-CUBE-SAFEA1 1.2.2
2025-08-19 09:38:28,659 [INFO] ThirdParty:1030 - CMSIS Pack Vendor :STMicroelectronics X-CUBE-NFC4 3.0.0
2025-08-19 09:38:28,659 [INFO] ThirdParty:1030 - CMSIS Pack Vendor :STMicroelectronics X-CUBE-SUBG2 5.0.0
2025-08-19 09:38:28,659 [INFO] ThirdParty:1030 - CMSIS Pack Vendor :STMicroelectronics X-CUBE-AZRTOS-H7RS 1.1.0
2025-08-19 09:38:28,659 [INFO] ThirdParty:1030 - CMSIS Pack Vendor :STMicroelectronics STM32_WPAN 1.0.0
2025-08-19 09:38:28,659 [INFO] ThirdParty:1030 - CMSIS Pack Vendor :EmbeddedOffice I-CUBE-FS-RTOS 1.0.1
2025-08-19 09:38:28,659 [INFO] ThirdParty:1030 - CMSIS Pack Vendor :STMicroelectronics lwIP 2.0.3
2025-08-19 09:38:28,659 [INFO] ThirdParty:1030 - CMSIS Pack Vendor :Cesanta I-CUBE-Mongoose 7.13.0
2025-08-19 09:38:28,659 [INFO] ThirdParty:1030 - CMSIS Pack Vendor :STMicroelectronics USB_HOST 1.0.0
2025-08-19 09:38:28,659 [INFO] ThirdParty:1030 - CMSIS Pack Vendor :Infineon AIROC-Wi-Fi-Bluetooth-STM32 1.7.1
2025-08-19 09:38:28,659 [INFO] ThirdParty:1030 - CMSIS Pack Vendor :STMicroelectronics X-CUBE-AZRTOS-G4 2.0.0
2025-08-19 09:38:28,659 [INFO] ThirdParty:1030 - CMSIS Pack Vendor :STMicroelectronics X-CUBE-WB05N 2.0.0
2025-08-19 09:38:28,659 [INFO] ThirdParty:1030 - CMSIS Pack Vendor :STMicroelectronics PDM2PCM 3.1.0
2025-08-19 09:38:28,659 [INFO] ThirdParty:1030 - CMSIS Pack Vendor :STMicroelectronics PDM2PCM 3.3.0
2025-08-19 09:38:28,659 [INFO] ThirdParty:1030 - CMSIS Pack Vendor :wolfSSL I-CUBE-wolfTPM 3.8.0
2025-08-19 09:38:28,659 [INFO] ThirdParty:1030 - CMSIS Pack Vendor :STMicroelectronics X-CUBE-AZRTOS-H7 3.4.0
2025-08-19 09:38:28,659 [INFO] ThirdParty:1030 - CMSIS Pack Vendor :STMicroelectronics X-CUBE-DISPLAY 3.0.0
2025-08-19 09:38:28,659 [INFO] ThirdParty:1030 - CMSIS Pack Vendor :wolfSSL I-CUBE-wolfSSH 1.4.20
2025-08-19 09:38:28,659 [INFO] ThirdParty:1030 - CMSIS Pack Vendor :STMicroelectronics X-CUBE-NFC7 2.0.0
2025-08-19 09:38:28,659 [INFO] ThirdParty:1030 - CMSIS Pack Vendor :STMicroelectronics X-CUBE-TCPP 4.2.0
2025-08-19 09:38:28,659 [INFO] ThirdParty:1030 - CMSIS Pack Vendor :RealThread X-CUBE-RT-Thread_Nano 4.1.1
2025-08-19 09:38:28,659 [INFO] ThirdParty:1030 - CMSIS Pack Vendor :STMicroelectronics FP-ATR-SIGFOX1 3.2.0
2025-08-19 09:38:28,659 [INFO] ThirdParty:1030 - CMSIS Pack Vendor :STMicroelectronics X-CUBE-NFC10 1.0.0
2025-08-19 09:38:28,659 [INFO] ThirdParty:1030 - CMSIS Pack Vendor :STMicroelectronics X-CUBE-FREERTOS 1.3.1
2025-08-19 09:38:28,659 [INFO] ThirdParty:1030 - CMSIS Pack Vendor :STMicroelectronics HAL Drivers 0.0.0
2025-08-19 09:38:28,659 [INFO] ThirdParty:1030 - CMSIS Pack Vendor :STMicroelectronics MBEDTLS 2.16.2
2025-08-19 09:38:28,659 [INFO] ThirdParty:1030 - CMSIS Pack Vendor :STMicroelectronics X-CUBE-IPS 3.1.0
2025-08-19 09:38:28,659 [INFO] ThirdParty:1030 - CMSIS Pack Vendor :STMicroelectronics X-CUBE-ALS 1.0.2
2025-08-19 09:38:28,659 [INFO] ThirdParty:1030 - CMSIS Pack Vendor :emotas I-CUBE-CANOPEN 1.3.0
2025-08-19 09:38:28,659 [INFO] ThirdParty:1030 - CMSIS Pack Vendor :STMicroelectronics MBEDTLS 2.14.1
2025-08-19 09:38:28,659 [INFO] ThirdParty:1030 - CMSIS Pack Vendor :ITTIA_DB I-CUBE-ITTIADB 8.9.0
2025-08-19 09:38:28,659 [INFO] ThirdParty:1030 - CMSIS Pack Vendor :portGmbH I-Cube-SoM-uGOAL 1.1.0
2025-08-19 09:38:28,659 [INFO] ThirdParty:1030 - CMSIS Pack Vendor :STMicroelectronics X-CUBE-ST67W61 1.0.0
2025-08-19 09:38:28,659 [INFO] ThirdParty:1030 - CMSIS Pack Vendor :STMicroelectronics FP-SNS-STBOX1 2.1.0
2025-08-19 09:38:28,659 [INFO] ThirdParty:1030 - CMSIS Pack Vendor :STMicroelectronics X-CUBE-AI 10.2.0
2025-08-19 09:38:28,659 [INFO] ThirdParty:1030 - CMSIS Pack Vendor :STMicroelectronics FP-SNS-STAIOTCFT 1.0.0
2025-08-19 09:38:28,659 [INFO] ThirdParty:1030 - CMSIS Pack Vendor :STMicroelectronics ThreadX 1.0.0
2025-08-19 09:38:28,659 [INFO] ThirdParty:1030 - CMSIS Pack Vendor :STMicroelectronics FP-SNS-SMARTAG2 1.2.0
2025-08-19 09:38:28,659 [INFO] ThirdParty:1030 - CMSIS Pack Vendor :STMicroelectronics FP-SNS-FLIGHT1 5.1.0
2025-08-19 09:38:28,660 [INFO] ThirdParty:1030 - CMSIS Pack Vendor :STMicroelectronics X-CUBE-AZRTOS-WL 2.0.0
2025-08-19 09:38:28,660 [INFO] ThirdParty:1030 - CMSIS Pack Vendor :SEGGER I-CUBE-embOS 1.3.1
2025-08-19 09:38:28,660 [INFO] ThirdParty:1030 - CMSIS Pack Vendor :STMicroelectronics X-CUBE-ALGOBUILD 1.4.0
2025-08-19 09:38:28,660 [INFO] ThirdParty:1030 - CMSIS Pack Vendor :STMicroelectronics X-CUBE-DPower 1.3.0
2025-08-19 09:38:28,660 [INFO] ThirdParty:1030 - CMSIS Pack Vendor :STMicroelectronics X-CUBE-MEMS1 11.3.0
2025-08-19 09:38:28,660 [INFO] ThirdParty:1030 - CMSIS Pack Vendor :STMicroelectronics FP-SNS-MOTENV1 5.0.0
2025-08-19 09:38:28,660 [INFO] ThirdParty:1030 - CMSIS Pack Vendor :STMicroelectronics USB_DEVICE 1.0.0
2025-08-19 09:38:28,660 [INFO] ThirdParty:1030 - CMSIS Pack Vendor :STMicroelectronics X-CUBE-AZRTOS-L4 2.0.0
2025-08-19 09:38:28,660 [INFO] ThirdParty:1030 - CMSIS Pack Vendor :STMicroelectronics ThreadX 0.0.2
2025-08-19 09:38:28,660 [INFO] ThirdParty:1030 - CMSIS Pack Vendor :WES I-CUBE-Cesium 1.3.0
2025-08-19 09:38:28,660 [INFO] ThirdParty:1030 - CMSIS Pack Vendor :STMicroelectronics lwIP 2.1.2
2025-08-19 09:38:28,660 [INFO] ThirdParty:1030 - CMSIS Pack Vendor :STMicroelectronics X-CUBE-SFXS2LP1 4.0.0
2025-08-19 09:38:28,660 [INFO] ThirdParty:1030 - CMSIS Pack Vendor :STMicroelectronics X-CUBE-BLE2 3.3.0
2025-08-19 09:38:28,660 [INFO] ThirdParty:1030 - CMSIS Pack Vendor :STMicroelectronics X-CUBE-TOF1 3.4.3
2025-08-19 09:38:28,660 [INFO] ThirdParty:1030 - CMSIS Pack Vendor :STMicroelectronics PDM2PCM 3.2.0
2025-08-19 09:38:28,660 [INFO] ThirdParty:841 - exiting critical section [change project]
2025-08-19 09:38:29,144 [INFO] PinOutPanel:1589 - setPackage(No Configuration,No Configuration)
2025-08-19 09:38:29,146 [INFO] PinOutPanel:1589 - setPackage(STM32F767ZITx,LQFP144)
2025-08-19 09:38:29,646 [INFO] UtilMem:75 - Before build in PCC Used Memory: 264773640 Bytes (382730240)
2025-08-19 09:38:30,292 [INFO] UtilMem:75 - After build in PCC Used Memory: 341325848 Bytes (382730240)
2025-08-19 09:38:30,323 [INFO] IPUIPlugin:80 - create IPUIPlugin
2025-08-19 09:38:30,323 [INFO] IPUIPlugin:80 - create IPUIPlugin
2025-08-19 09:38:30,323 [INFO] IPUIPlugin:80 - create IPUIPlugin
2025-08-19 09:38:30,323 [INFO] IPUIPlugin:80 - create IPUIPlugin
2025-08-19 09:38:30,323 [INFO] IPUIPlugin:80 - create IPUIPlugin
2025-08-19 09:38:30,323 [INFO] IPUIPlugin:80 - create IPUIPlugin
2025-08-19 09:38:30,323 [INFO] IPUIPlugin:80 - create IPUIPlugin
2025-08-19 09:38:30,324 [INFO] IPUIPlugin:80 - create IPUIPlugin
2025-08-19 09:38:30,324 [INFO] IPUIPlugin:80 - create IPUIPlugin
2025-08-19 09:38:30,324 [INFO] IPUIPlugin:80 - create IPUIPlugin
2025-08-19 09:38:30,324 [INFO] IPUIPlugin:80 - create IPUIPlugin
2025-08-19 09:38:30,324 [INFO] IPUIPlugin:80 - create IPUIPlugin
2025-08-19 09:38:30,324 [INFO] IPUIPlugin:80 - create IPUIPlugin
2025-08-19 09:38:30,324 [INFO] IPUIPlugin:80 - create IPUIPlugin
2025-08-19 09:38:30,324 [INFO] IPUIPlugin:80 - create IPUIPlugin
2025-08-19 09:38:30,324 [INFO] IPUIPlugin:80 - create IPUIPlugin
2025-08-19 09:38:30,324 [INFO] IPUIPlugin:80 - create IPUIPlugin
2025-08-19 09:38:30,324 [INFO] IPUIPlugin:80 - create IPUIPlugin
2025-08-19 09:38:30,324 [INFO] IPUIPlugin:80 - create IPUIPlugin
2025-08-19 09:38:30,324 [INFO] IPUIPlugin:80 - create IPUIPlugin
2025-08-19 09:38:30,325 [INFO] IPUIPlugin:80 - create IPUIPlugin
2025-08-19 09:38:30,325 [INFO] IPUIPlugin:80 - create IPUIPlugin
2025-08-19 09:38:30,325 [INFO] IPUIPlugin:80 - create IPUIPlugin
2025-08-19 09:38:30,325 [INFO] IPUIPlugin:80 - create IPUIPlugin
2025-08-19 09:38:30,325 [INFO] IPUIPlugin:80 - create IPUIPlugin
2025-08-19 09:38:30,325 [INFO] IPUIPlugin:80 - create IPUIPlugin
2025-08-19 09:38:30,325 [INFO] IPUIPlugin:80 - create IPUIPlugin
2025-08-19 09:38:30,325 [INFO] IPUIPlugin:80 - create IPUIPlugin
2025-08-19 09:38:30,325 [INFO] IPUIPlugin:80 - create IPUIPlugin
2025-08-19 09:38:30,325 [INFO] IPUIPlugin:80 - create IPUIPlugin
2025-08-19 09:38:30,325 [INFO] IPUIPlugin:80 - create IPUIPlugin
2025-08-19 09:38:30,325 [INFO] IPUIPlugin:80 - create IPUIPlugin
2025-08-19 09:38:30,326 [INFO] IPUIPlugin:80 - create IPUIPlugin
2025-08-19 09:38:30,326 [INFO] IPUIPlugin:80 - create IPUIPlugin
2025-08-19 09:38:30,326 [INFO] IPUIPlugin:80 - create IPUIPlugin
2025-08-19 09:38:30,326 [INFO] IPUIPlugin:80 - create IPUIPlugin
2025-08-19 09:38:30,326 [INFO] IPUIPlugin:80 - create IPUIPlugin
2025-08-19 09:38:30,326 [INFO] IPUIPlugin:80 - create IPUIPlugin
2025-08-19 09:38:30,326 [INFO] IPUIPlugin:80 - create IPUIPlugin
2025-08-19 09:38:30,327 [INFO] IPUIPlugin:80 - create IPUIPlugin
2025-08-19 09:38:30,327 [INFO] IPUIPlugin:80 - create IPUIPlugin
2025-08-19 09:38:30,327 [INFO] IPUIPlugin:80 - create IPUIPlugin
2025-08-19 09:38:30,327 [INFO] IPUIPlugin:80 - create IPUIPlugin
2025-08-19 09:38:30,328 [INFO] IPUIPlugin:80 - create IPUIPlugin
2025-08-19 09:38:30,328 [INFO] IPUIPlugin:80 - create IPUIPlugin
2025-08-19 09:38:30,328 [INFO] IPUIPlugin:80 - create IPUIPlugin
2025-08-19 09:38:30,328 [INFO] IPUIPlugin:80 - create IPUIPlugin
2025-08-19 09:38:30,328 [INFO] IPUIPlugin:80 - create IPUIPlugin
2025-08-19 09:38:30,328 [INFO] IPUIPlugin:80 - create IPUIPlugin
2025-08-19 09:38:30,328 [INFO] IPUIPlugin:80 - create IPUIPlugin
2025-08-19 09:38:30,328 [INFO] IPUIPlugin:80 - create IPUIPlugin
2025-08-19 09:38:30,329 [INFO] IPUIPlugin:80 - create IPUIPlugin
2025-08-19 09:38:30,329 [INFO] IPUIPlugin:80 - create IPUIPlugin
2025-08-19 09:38:30,329 [INFO] IPUIPlugin:80 - create IPUIPlugin
2025-08-19 09:38:30,329 [INFO] IPUIPlugin:80 - create IPUIPlugin
2025-08-19 09:38:30,329 [INFO] IPUIPlugin:80 - create IPUIPlugin
2025-08-19 09:38:30,329 [INFO] IPUIPlugin:80 - create IPUIPlugin
2025-08-19 09:38:30,329 [INFO] IPUIPlugin:80 - create IPUIPlugin
2025-08-19 09:38:30,330 [INFO] IPUIPlugin:80 - create IPUIPlugin
2025-08-19 09:38:30,330 [INFO] IPUIPlugin:80 - create IPUIPlugin
2025-08-19 09:38:30,330 [INFO] IPUIPlugin:80 - create IPUIPlugin
2025-08-19 09:38:30,330 [INFO] IPUIPlugin:80 - create IPUIPlugin
2025-08-19 09:38:30,330 [INFO] IPUIPlugin:80 - create IPUIPlugin
2025-08-19 09:38:30,330 [INFO] IPUIPlugin:80 - create IPUIPlugin
2025-08-19 09:38:30,330 [INFO] IPUIPlugin:80 - create IPUIPlugin
2025-08-19 09:38:30,331 [INFO] IPUIPlugin:80 - create IPUIPlugin
2025-08-19 09:38:30,331 [INFO] IPUIPlugin:80 - create IPUIPlugin
2025-08-19 09:38:30,331 [INFO] IPUIPlugin:80 - create IPUIPlugin
2025-08-19 09:38:30,331 [INFO] IPUIPlugin:80 - create IPUIPlugin
2025-08-19 09:38:30,331 [INFO] IPUIPlugin:80 - create IPUIPlugin
2025-08-19 09:38:30,332 [INFO] IPUIPlugin:80 - create IPUIPlugin
2025-08-19 09:38:30,332 [INFO] IPUIPlugin:80 - create IPUIPlugin
2025-08-19 09:38:30,332 [INFO] IPUIPlugin:80 - create IPUIPlugin
2025-08-19 09:38:30,332 [INFO] IPUIPlugin:80 - create IPUIPlugin
2025-08-19 09:38:30,332 [INFO] IPUIPlugin:80 - create IPUIPlugin
2025-08-19 09:38:30,333 [INFO] IPUIPlugin:80 - create IPUIPlugin
2025-08-19 09:38:30,333 [INFO] IPUIPlugin:80 - create IPUIPlugin
2025-08-19 09:38:30,333 [INFO] IPUIPlugin:80 - create IPUIPlugin
2025-08-19 09:38:30,333 [INFO] IPUIPlugin:80 - create IPUIPlugin
2025-08-19 09:38:30,409 [INFO] ApiDbMcu:532 - Load IP Config File for PDM2PCM
2025-08-19 09:38:30,580 [INFO] CADModel:165 - CPN selected for project levelSTM32F767ZIT6
2025-08-19 09:38:30,580 [INFO] CADModel:114 - Register for checkConnection events
2025-08-19 09:38:30,631 [INFO] OpenFileManager:386 - Restore cursor
2025-08-19 09:43:00,497 [INFO] ParamManager:905 - [Generic UI] PropertyChangeEvent: TAB_STATUS_CHANGED , "dont care", "never mind"
2025-08-19 09:44:04,173 [INFO] ParamManager:905 - [Generic UI] PropertyChangeEvent: TAB_STATUS_CHANGED , "dont care", "never mind"
2025-08-19 09:45:09,139 [ERROR] LogOutputStream:75 - [STDERR_REDIRECT] 
