2025-09-18 00:36:06,634 [ERROR] LogOutputStream:75 - [STDERR_REDIRECT] 
2025-09-18 12:42:48,158 [INFO] Activator:176 - 


2025-09-18 12:42:48,159 [INFO] Activator:177 - !SESSION log4j initialized
2025-09-18 12:42:54,632 [INFO] LogOutputStream:77 - [STDOUT_REDIRECT] 
2025-09-18 12:43:01,157 [INFO] ApplicationProperties:184 - Using Application install path: E:\STM32CubeIDE_1.19.0\STM32CubeIDE\plugins\com.st.stm32cube.common.mx_6.15.0.202507011659
2025-09-18 12:43:01,171 [INFO] DbMcusXml:78 - Set database path to: E:\STM32CubeIDE_1.19.0\STM32CubeIDE\plugins\com.st.stm32cube.common.mx_6.15.0.202507011659\\db\/mcu/
2025-09-18 12:43:01,171 [INFO] ApiDb:274 - Set plugin database path to: E:\STM32CubeIDE_1.19.0\STM32CubeIDE\plugins\com.st.stm32cube.common.mx_6.15.0.202507011659\\db\/plugins/boardmanager/
2025-09-18 12:43:01,172 [WARN] ApiDb:259 - Overriding images path with different value:  => E:\STM32CubeIDE_1.19.0\STM32CubeIDE\plugins\com.st.stm32cube.common.mx_6.15.0.202507011659\\db\/plugins/mcufinder/images/
2025-09-18 12:43:01,183 [INFO] ApiDb:250 - Set database path to: C:\Users\nphis\.stmcufinder\plugins\mcufinder//mcu/
2025-09-18 12:43:01,184 [INFO] DbMcusAds:125 - Set database path to: C:\Users\nphis\.stmcufinder\plugins\mcufinder//mcu/
2025-09-18 12:43:01,186 [INFO] CrossReferenceDbSqlite:203 - Set database path to: C:\Users\nphis\.stmcufinder\plugins\mcufinder//mcu/cs/
2025-09-18 12:43:01,276 [INFO] RulesReader:64 - Compatibility file has been processed (317 Rules)
2025-09-18 12:43:01,332 [INFO] DbMcusXml:78 - Set database path to: E:\STM32CubeIDE_1.19.0\STM32CubeIDE\plugins\com.st.stm32cube.common.mx_6.15.0.202507011659\\db\/mcu/
2025-09-18 12:43:01,332 [INFO] ApiDb:274 - Set plugin database path to: E:\STM32CubeIDE_1.19.0\STM32CubeIDE\plugins\com.st.stm32cube.common.mx_6.15.0.202507011659\\db\/plugins/boardmanager/
2025-09-18 12:43:01,333 [INFO] ApiDb:261 - Set plugin images path to: E:\STM32CubeIDE_1.19.0\STM32CubeIDE\plugins\com.st.stm32cube.common.mx_6.15.0.202507011659\\db\/plugins/mcufinder/images/
2025-09-18 12:43:01,333 [WARN] DbFile:41 - Overriding database path with different value: C:\Users\nphis\.stmcufinder\plugins\mcufinder/ => C:\Users\nphis\.stmcufinder\plugins\mcufinder
2025-09-18 12:43:01,333 [INFO] ApiDb:250 - Set database path to: C:\Users\nphis\.stmcufinder\plugins\mcufinder//mcu/
2025-09-18 12:43:01,333 [WARN] DbFile:41 - Overriding database path with different value: C:\Users\nphis\.stmcufinder\plugins\mcufinder/ => C:\Users\nphis\.stmcufinder\plugins\mcufinder
2025-09-18 12:43:01,333 [INFO] DbMcusAds:125 - Set database path to: C:\Users\nphis\.stmcufinder\plugins\mcufinder//mcu/
2025-09-18 12:43:01,333 [WARN] DbFile:41 - Overriding database path with different value: C:\Users\nphis\.stmcufinder\plugins\mcufinder/ => C:\Users\nphis\.stmcufinder\plugins\mcufinder
2025-09-18 12:43:01,333 [WARN] DbFile:41 - Overriding database path with different value: C:\Users\nphis\.stmcufinder\plugins\mcufinder/ => C:\Users\nphis\.stmcufinder\plugins\mcufinder
2025-09-18 12:43:01,333 [INFO] CrossReferenceDbSqlite:203 - Set database path to: C:\Users\nphis\.stmcufinder\plugins\mcufinder//mcu/cs/
2025-09-18 12:43:01,392 [INFO] MainPanel:274 - HeapMemory: 268435456
2025-09-18 12:43:01,472 [INFO] DbMcusXml:78 - Set database path to: E:\STM32CubeIDE_1.19.0\STM32CubeIDE\plugins\com.st.stm32cube.common.mx_6.15.0.202507011659\\db\/mcu/
2025-09-18 12:43:01,472 [INFO] ApiDb:274 - Set plugin database path to: E:\STM32CubeIDE_1.19.0\STM32CubeIDE\plugins\com.st.stm32cube.common.mx_6.15.0.202507011659\\db\/plugins/boardmanager/
2025-09-18 12:43:01,472 [INFO] ApiDb:261 - Set plugin images path to: E:\STM32CubeIDE_1.19.0\STM32CubeIDE\plugins\com.st.stm32cube.common.mx_6.15.0.202507011659\\db\/plugins/mcufinder/images/
2025-09-18 12:43:01,472 [WARN] DbFile:41 - Overriding database path with different value: C:\Users\nphis\.stmcufinder\plugins\mcufinder/ => C:\Users\nphis\.stmcufinder\plugins\mcufinder
2025-09-18 12:43:01,472 [INFO] ApiDb:250 - Set database path to: C:\Users\nphis\.stmcufinder\plugins\mcufinder//mcu/
2025-09-18 12:43:01,472 [WARN] DbFile:41 - Overriding database path with different value: C:\Users\nphis\.stmcufinder\plugins\mcufinder/ => C:\Users\nphis\.stmcufinder\plugins\mcufinder
2025-09-18 12:43:01,472 [INFO] DbMcusAds:125 - Set database path to: C:\Users\nphis\.stmcufinder\plugins\mcufinder//mcu/
2025-09-18 12:43:01,472 [WARN] DbFile:41 - Overriding database path with different value: C:\Users\nphis\.stmcufinder\plugins\mcufinder/ => C:\Users\nphis\.stmcufinder\plugins\mcufinder
2025-09-18 12:43:01,472 [WARN] DbFile:41 - Overriding database path with different value: C:\Users\nphis\.stmcufinder\plugins\mcufinder/ => C:\Users\nphis\.stmcufinder\plugins\mcufinder
2025-09-18 12:43:01,472 [INFO] CrossReferenceDbSqlite:203 - Set database path to: C:\Users\nphis\.stmcufinder\plugins\mcufinder//mcu/cs/
2025-09-18 12:43:01,487 [INFO] ApplicationProperties:184 - Using Application install path: E:\STM32CubeIDE_1.19.0\STM32CubeIDE\plugins\com.st.stm32cube.common.mx_6.15.0.202507011659
2025-09-18 12:43:01,488 [INFO] PluginManage:196 - Search for loadable plugins [exclusion list=, ]
2025-09-18 12:43:01,489 [INFO] PluginManage:310 - Check plugin analytics
2025-09-18 12:43:06,580 [INFO] AnalyticsPlugin:253 - Accepted Software Licenses: STM32CubeMX.6.15.0
2025-09-18 12:43:06,580 [INFO] AnalyticsPlugin:255 - Accepted CMSIS Pack Licenses: 
2025-09-18 12:43:06,581 [INFO] AnalyticsPlugin:257 - Accepted Firmware Licenses: FW.F7.1.17.0,FW.F4.1.28.0
2025-09-18 12:43:06,581 [INFO] PluginManage:359 - Loaded plugin analytics (category:tool,tabindex:-1)
2025-09-18 12:43:06,582 [INFO] PluginManage:310 - Check plugin cadmodel
2025-09-18 12:43:06,599 [INFO] CADModel:105 - Init CAD model plugin
2025-09-18 12:43:06,599 [INFO] PluginManage:359 - Loaded plugin cadmodel (category:power,tabindex:5)
2025-09-18 12:43:06,599 [INFO] PluginManage:310 - Check plugin clock
2025-09-18 12:43:06,616 [INFO] PluginManage:359 - Loaded plugin clock (category:base,tabindex:2)
2025-09-18 12:43:06,616 [INFO] PluginManage:310 - Check plugin ddr
2025-09-18 12:43:06,618 [INFO] PluginManage:359 - Loaded plugin ddr (category:tool,tabindex:6)
2025-09-18 12:43:06,618 [INFO] PluginManage:310 - Check plugin filemanager
2025-09-18 12:43:06,720 [INFO] PluginManage:359 - Loaded plugin filemanager (category:base,tabindex:10)
2025-09-18 12:43:06,720 [INFO] PluginManage:310 - Check plugin ipmanager
2025-09-18 12:43:06,724 [INFO] PluginManage:359 - Loaded plugin ipmanager (category:base,tabindex:5)
2025-09-18 12:43:06,724 [INFO] PluginManage:310 - Check plugin lpbam
2025-09-18 12:43:06,741 [INFO] PluginManage:359 - Loaded plugin lpbam (category:base,tabindex:0)
2025-09-18 12:43:06,741 [INFO] PluginManage:310 - Check plugin memorymap
2025-09-18 12:43:06,761 [INFO] PluginManage:359 - Loaded plugin memorymap (category:base,tabindex:4)
2025-09-18 12:43:06,761 [INFO] PluginManage:310 - Check plugin pinoutandconfiguration
2025-09-18 12:43:06,777 [INFO] PluginManage:359 - Loaded plugin pinoutandconfiguration (category:base,tabindex:1)
2025-09-18 12:43:06,778 [INFO] PluginManage:310 - Check plugin pinoutconfig
2025-09-18 12:43:06,849 [WARN] SupportedApi:132 - Cannot load RTOS API schema: s4s-elt-must-match.1: The content of 'definitions' must match (annotation?, (simpleType | complexType)?, (unique | key | keyref)*)). A problem was found starting at: attribute.
2025-09-18 12:43:06,953 [INFO] PluginManage:359 - Loaded plugin pinoutconfig (category:base,tabindex:0)
2025-09-18 12:43:06,953 [INFO] PluginManage:310 - Check plugin power
2025-09-18 12:43:06,973 [INFO] PluginManage:359 - Loaded plugin power (category:power,tabindex:4)
2025-09-18 12:43:06,973 [INFO] PluginManage:310 - Check plugin projectmanager
2025-09-18 12:43:06,983 [INFO] PluginManage:359 - Loaded plugin projectmanager (category:projectmanager,tabindex:4)
2025-09-18 12:43:06,983 [INFO] PluginManage:310 - Check plugin rif
2025-09-18 12:43:07,003 [INFO] PluginManage:359 - Loaded plugin rif (category:base,tabindex:3)
2025-09-18 12:43:07,003 [INFO] PluginManage:310 - Check plugin thirdparty
2025-09-18 12:43:07,264 [INFO] PluginManage:359 - Loaded plugin thirdparty (category:base,tabindex:-1)
2025-09-18 12:43:07,264 [WARN] IntegrityCheckThread:84 - waiting for thirdparty lock release [integrity check]
2025-09-18 12:43:07,265 [INFO] PluginManage:310 - Check plugin tools
2025-09-18 12:43:07,265 [INFO] IntegrityCheckThread:86 - entering critical section [integrity check]
2025-09-18 12:43:07,265 [INFO] ThirdPartyUpdaterWithRetryManager:70 - Updater plugin not ready yet. [1/15]
2025-09-18 12:43:07,300 [INFO] PluginManage:359 - Loaded plugin tools (category:base,tabindex:7)
2025-09-18 12:43:07,300 [INFO] PluginManage:310 - Check plugin tutovideos
2025-09-18 12:43:07,474 [INFO] PluginManage:359 - Loaded plugin tutovideos (category:base,tabindex:-1)
2025-09-18 12:43:07,474 [INFO] PluginManage:310 - Check plugin updater
2025-09-18 12:43:07,490 [INFO] PluginManage:359 - Loaded plugin updater (category:base,tabindex:12)
2025-09-18 12:43:07,490 [INFO] PluginManage:310 - Check plugin userauth
2025-09-18 12:43:07,494 [INFO] UserAuth:118 - Init User Auth plugin
2025-09-18 12:43:07,495 [INFO] PluginManage:359 - Loaded plugin userauth (category:base,tabindex:14)
2025-09-18 12:43:07,495 [INFO] PluginManage:283 - PluginManage : Loaded plugins [18]
2025-09-18 12:43:07,662 [INFO] PinOutPanel:1589 - setPackage(No Configuration,No Configuration)
2025-09-18 12:43:07,724 [INFO] CADModel:165 - CPN selected for project level
2025-09-18 12:43:07,724 [INFO] CADModel:114 - Register for checkConnection events
2025-09-18 12:43:07,749 [INFO] IPUIPlugin:80 - create IPUIPlugin
2025-09-18 12:43:07,749 [INFO] PluginManager:220 - loadIPPluginJar : add adc
2025-09-18 12:43:07,792 [INFO] IPUIPlugin:80 - create IPUIPlugin
2025-09-18 12:43:07,792 [INFO] PluginManager:220 - loadIPPluginJar : add aes
2025-09-18 12:43:07,842 [INFO] IPUIPlugin:80 - create IPUIPlugin
2025-09-18 12:43:07,842 [INFO] PluginManager:220 - loadIPPluginJar : add can
2025-09-18 12:43:07,868 [INFO] IPUIPlugin:80 - create IPUIPlugin
2025-09-18 12:43:07,868 [INFO] PluginManager:220 - loadIPPluginJar : add comp
2025-09-18 12:43:07,904 [INFO] IPUIPlugin:80 - create IPUIPlugin
2025-09-18 12:43:07,905 [INFO] PluginManager:220 - loadIPPluginJar : add cryp
2025-09-18 12:43:07,917 [INFO] IPUIPlugin:80 - create IPUIPlugin
2025-09-18 12:43:07,918 [INFO] PluginManager:220 - loadIPPluginJar : add ddr_ctrl_phy
2025-09-18 12:43:07,953 [INFO] IPUIPlugin:80 - create IPUIPlugin
2025-09-18 12:43:07,953 [INFO] PluginManager:220 - loadIPPluginJar : add dfsdm
2025-09-18 12:43:07,967 [INFO] IPUIPlugin:80 - create IPUIPlugin
2025-09-18 12:43:07,968 [INFO] PluginManager:220 - loadIPPluginJar : add dma
2025-09-18 12:43:08,010 [INFO] IPUIPlugin:80 - create IPUIPlugin
2025-09-18 12:43:08,010 [INFO] PluginManager:220 - loadIPPluginJar : add dma3
2025-09-18 12:43:08,057 [INFO] IPUIPlugin:80 - create IPUIPlugin
2025-09-18 12:43:08,057 [INFO] PluginManager:220 - loadIPPluginJar : add extmemmanager
2025-09-18 12:43:08,082 [INFO] IPUIPlugin:80 - create IPUIPlugin
2025-09-18 12:43:08,082 [INFO] PluginManager:220 - loadIPPluginJar : add fatfs
2025-09-18 12:43:08,132 [INFO] IPUIPlugin:80 - create IPUIPlugin
2025-09-18 12:43:08,132 [INFO] PluginManager:220 - loadIPPluginJar : add fmc
2025-09-18 12:43:08,148 [INFO] IPUIPlugin:80 - create IPUIPlugin
2025-09-18 12:43:08,148 [INFO] PluginManager:220 - loadIPPluginJar : add freertos
2025-09-18 12:43:08,172 [INFO] IPUIPlugin:80 - create IPUIPlugin
2025-09-18 12:43:08,172 [INFO] PluginManager:220 - loadIPPluginJar : add genericplugin
2025-09-18 12:43:08,274 [INFO] IPUIPlugin:80 - create IPUIPlugin
2025-09-18 12:43:08,274 [INFO] PluginManager:220 - loadIPPluginJar : add gfxmmu
2025-09-18 12:43:08,414 [INFO] IPUIPlugin:80 - create IPUIPlugin
2025-09-18 12:43:08,414 [INFO] PluginManager:220 - loadIPPluginJar : add gic
2025-09-18 12:43:08,427 [INFO] IPUIPlugin:80 - create IPUIPlugin
2025-09-18 12:43:08,427 [INFO] PluginManager:220 - loadIPPluginJar : add gpio
2025-09-18 12:43:08,523 [INFO] IPUIPlugin:80 - create IPUIPlugin
2025-09-18 12:43:08,523 [INFO] PluginManager:220 - loadIPPluginJar : add gtzc
2025-09-18 12:43:08,559 [INFO] IPUIPlugin:80 - create IPUIPlugin
2025-09-18 12:43:08,559 [INFO] PluginManager:220 - loadIPPluginJar : add hash
2025-09-18 12:43:08,609 [INFO] IPUIPlugin:80 - create IPUIPlugin
2025-09-18 12:43:08,609 [INFO] PluginManager:220 - loadIPPluginJar : add i2c
2025-09-18 12:43:08,648 [INFO] IPUIPlugin:80 - create IPUIPlugin
2025-09-18 12:43:08,648 [INFO] PluginManager:220 - loadIPPluginJar : add i2s
2025-09-18 12:43:08,692 [INFO] IPUIPlugin:80 - create IPUIPlugin
2025-09-18 12:43:08,692 [INFO] PluginManager:220 - loadIPPluginJar : add i3c
2025-09-18 12:43:08,789 [INFO] IPUIPlugin:80 - create IPUIPlugin
2025-09-18 12:43:08,789 [INFO] PluginManager:220 - loadIPPluginJar : add ipddr
2025-09-18 12:43:08,884 [INFO] IPUIPlugin:80 - create IPUIPlugin
2025-09-18 12:43:08,884 [INFO] PluginManager:220 - loadIPPluginJar : add linkedlist
2025-09-18 12:43:08,922 [INFO] IPUIPlugin:80 - create IPUIPlugin
2025-09-18 12:43:08,922 [INFO] PluginManager:220 - loadIPPluginJar : add lorawan
2025-09-18 12:43:08,958 [INFO] IPUIPlugin:80 - create IPUIPlugin
2025-09-18 12:43:08,958 [INFO] PluginManager:220 - loadIPPluginJar : add ltdc
2025-09-18 12:43:08,972 [INFO] IPUIPlugin:80 - create IPUIPlugin
2025-09-18 12:43:08,973 [INFO] PluginManager:220 - loadIPPluginJar : add mdma
2025-09-18 12:43:08,985 [INFO] IPUIPlugin:80 - create IPUIPlugin
2025-09-18 12:43:08,986 [INFO] PluginManager:220 - loadIPPluginJar : add nvic
2025-09-18 12:43:09,026 [INFO] IPUIPlugin:80 - create IPUIPlugin
2025-09-18 12:43:09,026 [INFO] PluginManager:220 - loadIPPluginJar : add opamp
2025-09-18 12:43:09,086 [INFO] IPUIPlugin:80 - create IPUIPlugin
2025-09-18 12:43:09,086 [INFO] PluginManager:220 - loadIPPluginJar : add openamp
2025-09-18 12:43:09,132 [INFO] IPUIPlugin:80 - create IPUIPlugin
2025-09-18 12:43:09,132 [INFO] PluginManager:220 - loadIPPluginJar : add pdm2pcm
2025-09-18 12:43:09,147 [INFO] IPUIPlugin:80 - create IPUIPlugin
2025-09-18 12:43:09,149 [INFO] PluginManager:220 - loadIPPluginJar : add plateformsettings
2025-09-18 12:43:09,174 [INFO] IPUIPlugin:80 - create IPUIPlugin
2025-09-18 12:43:09,174 [INFO] PluginManager:220 - loadIPPluginJar : add quadspi
2025-09-18 12:43:09,201 [INFO] IPUIPlugin:80 - create IPUIPlugin
2025-09-18 12:43:09,201 [INFO] PluginManager:220 - loadIPPluginJar : add radio
2025-09-18 12:43:09,213 [INFO] IPUIPlugin:80 - create IPUIPlugin
2025-09-18 12:43:09,214 [INFO] PluginManager:220 - loadIPPluginJar : add resmgrutility
2025-09-18 12:43:09,258 [INFO] IPUIPlugin:80 - create IPUIPlugin
2025-09-18 12:43:09,258 [INFO] PluginManager:220 - loadIPPluginJar : add sai
2025-09-18 12:43:09,295 [INFO] IPUIPlugin:80 - create IPUIPlugin
2025-09-18 12:43:09,295 [INFO] PluginManager:220 - loadIPPluginJar : add spi
2025-09-18 12:43:09,364 [INFO] IPUIPlugin:80 - create IPUIPlugin
2025-09-18 12:43:09,364 [INFO] PluginManager:220 - loadIPPluginJar : add stm32_wpan
2025-09-18 12:43:09,390 [INFO] IPUIPlugin:80 - create IPUIPlugin
2025-09-18 12:43:09,392 [INFO] PluginManager:220 - loadIPPluginJar : add tim
2025-09-18 12:43:09,450 [INFO] IPUIPlugin:80 - create IPUIPlugin
2025-09-18 12:43:09,450 [INFO] PluginManager:220 - loadIPPluginJar : add touchsensing
2025-09-18 12:43:09,475 [INFO] IPUIPlugin:80 - create IPUIPlugin
2025-09-18 12:43:09,476 [INFO] PluginManager:220 - loadIPPluginJar : add tracer_emb
2025-09-18 12:43:09,503 [INFO] IPUIPlugin:80 - create IPUIPlugin
2025-09-18 12:43:09,503 [INFO] PluginManager:220 - loadIPPluginJar : add ts
2025-09-18 12:43:09,528 [INFO] IPUIPlugin:80 - create IPUIPlugin
2025-09-18 12:43:09,528 [INFO] PluginManager:220 - loadIPPluginJar : add tsc
2025-09-18 12:43:09,551 [INFO] IPUIPlugin:80 - create IPUIPlugin
2025-09-18 12:43:09,551 [INFO] PluginManager:220 - loadIPPluginJar : add ucpd
2025-09-18 12:43:09,593 [INFO] IPUIPlugin:80 - create IPUIPlugin
2025-09-18 12:43:09,593 [INFO] PluginManager:220 - loadIPPluginJar : add usart
2025-09-18 12:43:09,638 [INFO] IPUIPlugin:80 - create IPUIPlugin
2025-09-18 12:43:09,638 [INFO] PluginManager:220 - loadIPPluginJar : add usbx
2025-09-18 12:43:09,747 [FATAL] Updater:351 - Updater called before beeing initialized
2025-09-18 12:43:09,763 [INFO] RulesReader:64 - Compatibility file has been processed (317 Rules)
2025-09-18 12:43:09,770 [INFO] RulesReader:64 - Compatibility file has been processed (317 Rules)
2025-09-18 12:43:09,780 [INFO] CADModel:165 - CPN selected for project level
2025-09-18 12:43:09,780 [INFO] CADModel:114 - Register for checkConnection events
2025-09-18 12:43:09,780 [FATAL] Updater:351 - Updater called before beeing initialized
2025-09-18 12:43:09,780 [ERROR] CADModel:125 - Updater not yet initialized, retry later 
2025-09-18 12:43:09,887 [FATAL] Updater:351 - Updater called before beeing initialized
2025-09-18 12:43:09,889 [INFO] CADModel:165 - CPN selected for project level
2025-09-18 12:43:09,889 [INFO] CADModel:114 - Register for checkConnection events
2025-09-18 12:43:09,890 [FATAL] Updater:351 - Updater called before beeing initialized
2025-09-18 12:43:09,890 [ERROR] CADModel:125 - Updater not yet initialized, retry later 
2025-09-18 12:43:09,893 [FATAL] Updater:351 - Updater called before beeing initialized
2025-09-18 12:43:09,984 [FATAL] Updater:351 - Updater called before beeing initialized
2025-09-18 12:43:09,994 [INFO] DbMcusAds:53 - JSON generation date=Tue Jul 08 15:14:23 ICT 2025 (1751962463582)
2025-09-18 12:43:09,994 [FATAL] Updater:351 - Updater called before beeing initialized
2025-09-18 12:43:10,058 [WARN] DetailPanel:346 - Failed to get advertising image, set to default
2025-09-18 12:43:10,113 [FATAL] Updater:351 - Updater called before beeing initialized
2025-09-18 12:43:10,115 [FATAL] Updater:351 - Updater called before beeing initialized
2025-09-18 12:43:10,115 [FATAL] Updater:351 - Updater called before beeing initialized
2025-09-18 12:43:10,115 [WARN] DetailPanel:346 - Failed to get advertising image, set to default
2025-09-18 12:43:10,115 [FATAL] Updater:351 - Updater called before beeing initialized
2025-09-18 12:43:10,158 [ERROR] Updater:1198 - MainUpdater not yet initialized. External WinMGr cannot be set.
2025-09-18 12:43:10,167 [INFO] Updater:1134 - Updater Version found : 6.15.0
2025-09-18 12:43:10,178 [INFO] ApplicationProperties:184 - Using Application install path: E:\STM32CubeIDE_1.19.0\STM32CubeIDE\plugins\com.st.stm32cube.common.mx_6.15.0.202507011659
2025-09-18 12:43:10,266 [INFO] ThirdPartyUpdaterWithRetryManager:70 - Updater plugin not ready yet. [2/15]
2025-09-18 12:43:10,496 [INFO] MainUpdater:2872 - connection check result : 10
2025-09-18 12:43:10,497 [INFO] MainUpdater:289 - Updater Check For Update Now.
2025-09-18 12:43:10,497 [INFO] MicroXplorer:498 - Change Database Version : DB.6.0.150
2025-09-18 12:43:10,510 [INFO] McuFinderGlobals:63 - Set McuFinder mode to 2 (CubeIDE integrated)
2025-09-18 12:43:10,517 [INFO] UserAuth:487 - Internet connection configuration mode: 1
2025-09-18 12:43:10,551 [INFO] JxBrowserEngine:152 - Initiate JxBrowser Engine with user profile folder
2025-09-18 12:43:10,682 [INFO] CheckServerUpdateThread:120 - End of CheckServer Thread
2025-09-18 12:43:10,730 [INFO] MainUpdater:2872 - connection check result : 10
2025-09-18 12:43:10,751 [INFO] McuFinderGlobals:76 - Set McuFinderConnectedMode to true
2025-09-18 12:43:11,108 [INFO] ServerAccessManage:452 - Complete download http(s) 200
2025-09-18 12:43:11,109 [INFO] ServerAccessManage:509 - Download File mcusAds.json._tmp_
2025-09-18 12:43:11,217 [INFO] LoadUrlFilesThread:156 - End of LoadUrlFiles Thread
2025-09-18 12:43:11,579 [INFO] WebApp:169 - Instantiating new browser for Auth
2025-09-18 12:43:12,075 [INFO] WebApp:463 - Apply proxy settings
2025-09-18 12:43:12,075 [INFO] WebApp:548 - Chromium requires no authentication
2025-09-18 12:43:12,082 [INFO] WebApp:491 - Direct internet connection detected
2025-09-18 12:43:12,099 [INFO] WebApp:900 - Register for checkConnection events
2025-09-18 12:43:12,099 [INFO] WebApp:463 - Apply proxy settings
2025-09-18 12:43:12,099 [INFO] WebApp:548 - Chromium requires no authentication
2025-09-18 12:43:12,100 [INFO] WebApp:491 - Direct internet connection detected
2025-09-18 12:43:12,231 [INFO] WebApp:225 - Starting web application
2025-09-18 12:43:12,231 [INFO] WebApp:593 - Web application path used E:\STM32CubeIDE_1.19.0\STM32CubeIDE\plugins\com.st.stm32cube.common.mx_6.15.0.202507011659\db\plugins\mcufinder\reactClient1\index.html
2025-09-18 12:43:12,340 [INFO] UserAuth:487 - Internet connection configuration mode: 1
2025-09-18 12:43:12,456 [INFO] WebApp:191 - Connection restablished
2025-09-18 12:43:13,268 [WARN] MainUpdater:1193 - Updater busy. Cannot search thirdparties
2025-09-18 12:43:13,268 [INFO] ThirdPartyUpdaterWithRetryManager:96 - Updater plugin is busy. [1/15]
2025-09-18 12:43:13,825 [INFO] ServerAccessManage:452 - Complete download http(s) 200
2025-09-18 12:43:13,826 [INFO] ServerAccessManage:509 - Download File cube-finder-db.zip
2025-09-18 12:43:15,479 [INFO] FileExtend:248 - Unzip File : cube-finder-db.zip
2025-09-18 12:43:15,479 [INFO] FileExtend:263 - Standard Zip Deflate
2025-09-18 12:43:16,237 [INFO] LoadUrlFilesThread:156 - End of LoadUrlFiles Thread
2025-09-18 12:43:16,278 [ERROR] WebUtils:657 - Updater is busy
2025-09-18 12:43:16,650 [WARN] PackLoader:240 - Cannot read IP mode file for STMicroelectronics.FP-SNS-MOTENVWB1.1.4.0
2025-09-18 12:43:16,666 [WARN] PackLoader:240 - Cannot read IP mode file for STMicroelectronics.FP-ATR-ASTRA1.2.0.2
2025-09-18 12:43:16,685 [WARN] PackLoader:240 - Cannot read IP mode file for STMicroelectronics.X-CUBE-SMBUS.2.1.0
2025-09-18 12:43:16,703 [WARN] PackLoader:240 - Cannot read IP mode file for STMicroelectronics.X-CUBE-ST60.1.0.0
2025-09-18 12:43:16,740 [WARN] PackLoader:240 - Cannot read IP mode file for STMicroelectronics.X-CUBE-AZRTOS-F7.1.1.0
2025-09-18 12:43:16,771 [WARN] PackLoader:240 - Cannot read IP mode file for Infineon.AIROC-Wi-Fi-Bluetooth-STM32.1.7.1
2025-09-18 12:43:16,807 [WARN] PackLoader:240 - Cannot read IP mode file for STMicroelectronics.X-CUBE-AZRTOS-H7.3.4.0
2025-09-18 12:43:16,826 [WARN] PackLoader:240 - Cannot read IP mode file for STMicroelectronics.X-CUBE-DISPLAY.3.0.0
2025-09-18 12:43:16,845 [WARN] PackLoader:240 - Cannot read IP mode file for STMicroelectronics.X-CUBE-NFC10.1.0.0
2025-09-18 12:43:16,859 [WARN] PackLoader:240 - Cannot read IP mode file for emotas.I-CUBE-CANOPEN.1.3.0
2025-09-18 12:43:16,874 [WARN] PackLoader:240 - Cannot read IP mode file for STMicroelectronics.FP-SNS-STBOX1.2.1.0
2025-09-18 12:43:16,889 [WARN] PackLoader:240 - Cannot read IP mode file for STMicroelectronics.FP-SNS-SMARTAG2.1.2.0
2025-09-18 12:43:16,901 [WARN] PackLoader:240 - Cannot read IP mode file for STMicroelectronics.FP-SNS-FLIGHT1.5.1.0
2025-09-18 12:43:16,920 [INFO] LogOutputStream:77 - [STDOUT_REDIRECT] 1 : Invalid condition id : UX_CORESTACK_Condition cause : null
2025-09-18 12:43:16,920 [INFO] LogOutputStream:77 - [STDOUT_REDIRECT] 1 : Invalid condition id : UX_CORESTACK_Condition cause : null
2025-09-18 12:43:16,921 [INFO] LogOutputStream:77 - [STDOUT_REDIRECT] 1 : Invalid condition id : UX_CORESTACK_Condition cause : null
2025-09-18 12:43:16,922 [INFO] LogOutputStream:77 - [STDOUT_REDIRECT] 1 : Invalid condition id : UX_CORESTACK_Condition cause : null
2025-09-18 12:43:16,923 [INFO] LogOutputStream:77 - [STDOUT_REDIRECT] 1 : Invalid condition id : UX_CORESTACK_Condition cause : null
2025-09-18 12:43:16,929 [WARN] PackLoader:240 - Cannot read IP mode file for STMicroelectronics.X-CUBE-AZRTOS-WL.2.0.0
2025-09-18 12:43:16,942 [WARN] PackLoader:240 - Cannot read IP mode file for STMicroelectronics.FP-SNS-MOTENV1.5.0.0
2025-09-18 12:43:16,958 [WARN] PackLoader:240 - Cannot read IP mode file for WES.I-CUBE-Cesium.1.3.0
2025-09-18 12:43:16,971 [WARN] PackLoader:240 - Cannot read IP mode file for STMicroelectronics.X-CUBE-BLE2.3.3.0
2025-09-18 12:43:16,985 [WARN] PackLoader:240 - Cannot read IP mode file for STMicroelectronics.X-CUBE-NFC9.1.0.0
2025-09-18 12:43:16,999 [WARN] PackLoader:240 - Cannot read IP mode file for wolfSSL.I-CUBE-wolfSSL.5.8.0
2025-09-18 12:43:17,012 [WARN] PackLoader:240 - Cannot read IP mode file for wolfSSL.I-CUBE-wolfSSL.5.8.2
2025-09-18 12:43:17,025 [WARN] PackLoader:240 - Cannot read IP mode file for STMicroelectronics.X-CUBE-BLE1.7.1.0
2025-09-18 12:43:17,039 [WARN] PackLoader:240 - Cannot read IP mode file for wolfSSL.I-CUBE-wolfMQTT.1.19.2
2025-09-18 12:43:17,052 [WARN] PackLoader:240 - Cannot read IP mode file for STMicroelectronics.X-CUBE-EEPRMA1.5.2.0
2025-09-18 12:43:17,065 [WARN] PackLoader:240 - Cannot read IP mode file for STMicroelectronics.X-CUBE-AI.10.1.0
2025-09-18 12:43:17,086 [WARN] PackLoader:240 - Cannot read IP mode file for STMicroelectronics.X-CUBE-AZRTOS-G0.1.1.0
2025-09-18 12:43:17,101 [WARN] PackLoader:240 - Cannot read IP mode file for STMicroelectronics.X-CUBE-SAFEA1.1.2.2
2025-09-18 12:43:17,116 [WARN] PackLoader:240 - Cannot read IP mode file for STMicroelectronics.X-CUBE-NFC4.3.0.0
2025-09-18 12:43:17,132 [WARN] PackLoader:240 - Cannot read IP mode file for EmbeddedOffice.I-CUBE-FS-RTOS.1.0.1
2025-09-18 12:43:17,145 [WARN] PackLoader:240 - Cannot read IP mode file for STMicroelectronics.X-CUBE-WB05N.2.0.0
2025-09-18 12:43:17,157 [WARN] PackLoader:240 - Cannot read IP mode file for wolfSSL.I-CUBE-wolfTPM.3.8.0
2025-09-18 12:43:17,171 [WARN] PackLoader:240 - Cannot read IP mode file for STMicroelectronics.X-CUBE-TCPP.4.2.0
2025-09-18 12:43:17,183 [WARN] PackLoader:240 - Cannot read IP mode file for RealThread.X-CUBE-RT-Thread_Nano.4.1.1
2025-09-18 12:43:17,194 [WARN] PackLoader:240 - Cannot read IP mode file for STMicroelectronics.FP-ATR-SIGFOX1.3.2.0
2025-09-18 12:43:17,206 [WARN] PackLoader:240 - Cannot read IP mode file for ITTIA_DB.I-CUBE-ITTIADB.8.9.0
2025-09-18 12:43:17,218 [WARN] PackLoader:240 - Cannot read IP mode file for STMicroelectronics.X-CUBE-ST67W61.1.0.0
2025-09-18 12:43:17,229 [WARN] PackLoader:240 - Cannot read IP mode file for STMicroelectronics.X-CUBE-AI.10.2.0
2025-09-18 12:43:17,250 [WARN] PackLoader:240 - Cannot read IP mode file for SEGGER.I-CUBE-embOS.1.3.1
2025-09-18 12:43:17,283 [WARN] PackLoader:240 - Cannot read IP mode file for STMicroelectronics.X-CUBE-ALGOBUILD.1.4.0
2025-09-18 12:43:17,316 [WARN] PackLoader:240 - Cannot read IP mode file for STMicroelectronics.X-CUBE-MEMS1.11.3.0
2025-09-18 12:43:17,377 [WARN] PackLoader:240 - Cannot read IP mode file for STMicroelectronics.X-CUBE-PM33A1.1.0.0
2025-09-18 12:43:17,398 [WARN] PackLoader:240 - Cannot read IP mode file for STMicroelectronics.X-CUBE-AZRTOS-F4.1.1.0
2025-09-18 12:43:17,411 [WARN] PackLoader:240 - Cannot read IP mode file for Avnet-IotConnect.X-CUBE-IoTC-DA16k-PMOD.1.0.0
2025-09-18 12:43:17,421 [WARN] PackLoader:240 - Cannot read IP mode file for STMicroelectronics.X-CUBE-ISPU.2.1.0
2025-09-18 12:43:17,433 [WARN] PackLoader:240 - Cannot read IP mode file for STMicroelectronics.X-CUBE-NFC12.1.0.0
2025-09-18 12:43:17,455 [WARN] PackLoader:240 - Cannot read IP mode file for STMicroelectronics.X-CUBE-AZRTOS-L5.2.0.0
2025-09-18 12:43:17,471 [WARN] PackLoader:240 - Cannot read IP mode file for STMicroelectronics.X-CUBE-NFC6.3.1.0
2025-09-18 12:43:17,484 [WARN] PackLoader:240 - Cannot read IP mode file for STMicroelectronics.X-CUBE-FREERTOS.1.3.1
2025-09-18 12:43:17,497 [WARN] PackLoader:240 - Cannot read IP mode file for STMicroelectronics.FP-SNS-STAIOTCFT.1.0.0
2025-09-18 12:43:17,509 [WARN] PackLoader:240 - Cannot read IP mode file for STMicroelectronics.X-CUBE-DPower.1.3.0
2025-09-18 12:43:17,529 [WARN] ConditionMgr:438 - getConditionDescription Invalid condition id : LAN8742 Phy interface Condition cause : null
2025-09-18 12:43:17,530 [WARN] PackLoader:240 - Cannot read IP mode file for STMicroelectronics.X-CUBE-AZRTOS-L4.2.0.0
2025-09-18 12:43:17,530 [WARN] ConditionMgr:1044 - genDependencies : Invalid condition id : LAN8742 Phy interface Condition cause : null
2025-09-18 12:43:17,530 [WARN] ConditionMgr:1044 - genDependencies : Invalid condition id : LAN8742 Phy interface Condition cause : null
2025-09-18 12:43:17,531 [WARN] ConditionMgr:1044 - genDependencies : Invalid condition id : LAN8742 Phy interface Condition cause : null
2025-09-18 12:43:17,543 [WARN] PackLoader:240 - Cannot read IP mode file for STMicroelectronics.X-CUBE-SFXS2LP1.4.0.0
2025-09-18 12:43:17,557 [WARN] PackLoader:240 - Cannot read IP mode file for STMicroelectronics.X-CUBE-BLEMGR.4.1.0
2025-09-18 12:43:17,575 [WARN] ConditionMgr:438 - getConditionDescription Invalid condition id : UX DEVICE CLASS RTOS Condition cause : null
2025-09-18 12:43:17,575 [WARN] ConditionMgr:438 - getConditionDescription Invalid condition id : UX DEVICE CLASS RTOS Condition cause : null
2025-09-18 12:43:17,576 [WARN] PackLoader:240 - Cannot read IP mode file for STMicroelectronics.X-CUBE-AZRTOS-WB.2.0.0
2025-09-18 12:43:17,576 [WARN] ConditionMgr:1044 - genDependencies : Invalid condition id : UX DEVICE CLASS RTOS Condition cause : null
2025-09-18 12:43:17,576 [WARN] ConditionMgr:1044 - genDependencies : Invalid condition id : UX DEVICE CLASS RTOS Condition cause : null
2025-09-18 12:43:17,576 [WARN] ConditionMgr:1044 - genDependencies : Invalid condition id : UX DEVICE CLASS RTOS Condition cause : null
2025-09-18 12:43:17,576 [WARN] ConditionMgr:1044 - genDependencies : Invalid condition id : UX DEVICE CLASS RTOS Condition cause : null
2025-09-18 12:43:17,576 [WARN] ConditionMgr:1044 - genDependencies : Invalid condition id : UX DEVICE CLASS RTOS Condition cause : null
2025-09-18 12:43:17,589 [WARN] PackLoader:240 - Cannot read IP mode file for STMicroelectronics.X-CUBE-GNSS1.7.0.1
2025-09-18 12:43:17,601 [WARN] PackLoader:240 - Cannot read IP mode file for STMicroelectronics.X-CUBE-TOUCHGFX.4.25.0
2025-09-18 12:43:17,613 [WARN] PackLoader:240 - Cannot read IP mode file for STMicroelectronics.FP-SNS-STBOX1.2.0.0
2025-09-18 12:43:17,625 [WARN] ConditionMgr:438 - getConditionDescription Invalid condition id : Cortex-A Device cause : null
2025-09-18 12:43:17,645 [WARN] ConditionMgr:1044 - genDependencies : Invalid condition id : Cortex-A Device cause : null
2025-09-18 12:43:17,645 [WARN] ConditionMgr:1044 - genDependencies : Invalid condition id : Cortex-A Device cause : null
2025-09-18 12:43:17,645 [WARN] ConditionMgr:1044 - genDependencies : Invalid condition id : Cortex-A Device cause : null
2025-09-18 12:43:17,659 [WARN] PackLoader:240 - Cannot read IP mode file for STMicroelectronics.X-CUBE-SUBG2.5.0.0
2025-09-18 12:43:17,680 [WARN] PackLoader:240 - Cannot read IP mode file for STMicroelectronics.X-CUBE-AZRTOS-H7RS.1.1.0
2025-09-18 12:43:17,694 [WARN] PackLoader:240 - Cannot read IP mode file for Cesanta.I-CUBE-Mongoose.7.13.0
2025-09-18 12:43:17,712 [WARN] PackLoader:240 - Cannot read IP mode file for STMicroelectronics.X-CUBE-AZRTOS-G4.2.0.0
2025-09-18 12:43:17,726 [WARN] PackLoader:240 - Cannot read IP mode file for wolfSSL.I-CUBE-wolfSSH.1.4.20
2025-09-18 12:43:17,739 [WARN] PackLoader:240 - Cannot read IP mode file for STMicroelectronics.X-CUBE-NFC7.2.0.0
2025-09-18 12:43:17,755 [WARN] PackLoader:240 - Cannot read IP mode file for STMicroelectronics.X-CUBE-IPS.3.1.0
2025-09-18 12:43:17,769 [WARN] PackLoader:240 - Cannot read IP mode file for STMicroelectronics.X-CUBE-ALS.1.0.2
2025-09-18 12:43:17,784 [WARN] PackLoader:240 - Cannot read IP mode file for STMicroelectronics.X-CUBE-STSE01.1.0.0
2025-09-18 12:43:17,797 [WARN] PackLoader:240 - Cannot read IP mode file for portGmbH.I-Cube-SoM-uGOAL.1.1.0
2025-09-18 12:43:17,812 [WARN] PackLoader:240 - Cannot read IP mode file for STMicroelectronics.X-CUBE-TOF1.3.4.3
2025-09-18 12:43:17,815 [INFO] ThirdParty:978 - Integrity check success = true
2025-09-18 12:43:17,816 [INFO] IntegrityCheckThread:100 - exiting critical section [integrity check]
2025-09-18 12:43:17,816 [INFO] IntegrityCheckThread:103 - End integrity checks thread
2025-09-18 12:43:18,322 [INFO] DbMcusAds:53 - JSON generation date=Tue Jul 08 15:14:27 ICT 2025 (1751962467633)
2025-09-18 12:43:18,334 [ERROR] TargetSelectorAdapter:267 - Unable to refresh data
2025-09-18 12:43:18,892 [INFO] ApiDb:581 - Connected to CubeFinder SQLite database (C:\Users\nphis\.stmcufinder\plugins\mcufinder\mcu\cube-finder-db.db)
2025-09-18 12:43:18,935 [INFO] ApiDb:668 - CubeFinder database Data Model version=2.1
2025-09-18 12:43:18,935 [INFO] ApiDb:669 - CubeFinder database Configuration version=3.0.39
2025-09-18 12:43:18,936 [INFO] ApiDb:670 - CubeFinder database generation date=2025-08-25 (1756130511)
2025-09-18 12:43:18,936 [INFO] ApiDb:671 - CubeFinder database FW Pack versions=[FP-ATR-ASTRA1_V2.0.0, FP-SNS-FLIGHT1_V5.1.0, FP-SNS-MOTENV1_V5.0.0, FP-SNS-MOTENVWB1_V1.4.0, FP-SNS-SMARTAG2_V1.2.0, FP-SNS-STBOX1_V2.1.0, STM32Cube_FW_C0_V1.4.0, STM32Cube_FW_F4_V1.28.3, STM32Cube_FW_F7_V1.17.4, STM32Cube_FW_G0_V1.6.2, STM32Cube_FW_G4_V1.6.1, STM32Cube_FW_H5_V1.5.0, STM32Cube_FW_H7RS_V1.2.0, STM32Cube_FW_H7_V1.12.1, STM32Cube_FW_L0_V1.12.2, STM32Cube_FW_L4_V1.18.1, STM32Cube_FW_L5_V1.5.1, STM32Cube_FW_N6_V1.2.0, STM32Cube_FW_U0_V1.3.0, STM32Cube_FW_U3_V1.2.0, STM32Cube_FW_U5_V1.8.0, STM32Cube_FW_WB0_V1.3.0, STM32Cube_FW_WBA_V1.7.0, STM32Cube_FW_WB_V1.23.0, STM32Cube_FW_WL3_V1.2.0, STM32Cube_FW_WL_V1.3.1, X-CUBE-ALGOBUILD_V1.4.0, X-CUBE-ALS_V1.0.2, X-CUBE-AZRTOS-F4_V1.1.0, X-CUBE-AZRTOS-F7_V1.1.0, X-CUBE-AZRTOS-G0_V1.1.0, X-CUBE-AZRTOS-G4_V2.0.0, X-CUBE-AZRTOS-H7RS_V1.1.0, X-CUBE-AZRTOS-H7_V3.4.0, X-CUBE-AZRTOS-L4_V2.0.0, X-CUBE-AZRTOS-L5_V2.0.0, X-CUBE-AZRTOS-WB_V2.0.0, X-CUBE-AZRTOS-WL_V2.0.0, X-CUBE-BLE1_V7.1.0, X-CUBE-BLE2_V3.3.0, X-CUBE-BLEMGR_V4.1.0, X-CUBE-EEPRMA1_V5.2.0, X-CUBE-FREERTOS_V1.3.1, X-CUBE-GNSS1_V6.0.0, X-CUBE-MEMS1_V11.3.0, X-CUBE-NFC4_V3.0.0, X-CUBE-NFC7_V2.0.0, X-CUBE-SFXS2LP1_V4.0.0, X-CUBE-ST67W61_V1.0.0, X-CUBE-SUBG2_V5.0.0, X-CUBE-TOF1_V3.4.3]
2025-09-18 12:43:20,290 [INFO] ApiDb:240 - Found 880 in-development CPN: [B-G473E-ZEST1S, B-WB1M-WPAN1, B-WBA5M-WPAN, B-WL5M-SUBG1, NUCLEO-C031C6, NUCLEO-C051C8, NUCLEO-C071RB, NUCLEO-C092RC, NUCLEO-H503RB, NUCLEO-H533RE, NUCLEO-H563ZI, NUCLEO-H7S3L8, NUCLEO-N657X0-Q, NUCLEO-U031R8, NUCLEO-U083RC, NUCLEO-U385RG-Q, NUCLEO-U545RE-Q, NUCLEO-U5A5ZJ-Q, NUCLEO-WB05KZ, NUCLEO-WB07CC, NUCLEO-WB09KE, NUCLEO-WBA52CG, NUCLEO-WBA55CG, NUCLEO-WL33CC1, NUCLEO-WL33CC2, STEVAL-PROTEUS1, STEVAL-SMARTAG2, STEVAL-STWINBX1, STM320518-EVAL, STM32C0116-DK, STM32C011D6Y3TR, STM32C011D6Y6TR, STM32C011F4P3, STM32C011F4P6, STM32C011F4U3, STM32C011F4U6TR, STM32C011F6P3, STM32C011F6P6, STM32C011F6U3, STM32C011F6U6TR, STM32C011J4M3, STM32C011J4M6, STM32C011J6M3, STM32C011J6M6, STM32C0316-DK, STM32C031C4T3, STM32C031C4T6, STM32C031C4U3, STM32C031C4U6, STM32C031C6T3, STM32C031C6T6, STM32C031C6U3, STM32C031C6U6, STM32C031F4P3, STM32C031F4P6, STM32C031F6P3, STM32C031F6P6, STM32C031G4U3, STM32C031G4U6, STM32C031G6U3, STM32C031G6U6, STM32C031K4T3, STM32C031K4T6, STM32C031K4U3, STM32C031K4U6, STM32C031K6T3, STM32C031K6T6, STM32C031K6U3, STM32C031K6U6, STM32C051C6T6, STM32C051C6U6, STM32C051C8T6, STM32C051C8U6, STM32C051D8Y6TR, STM32C051F6P6, STM32C051F8P6, STM32C051G6U6, STM32C051G8U6, STM32C051K6T6, STM32C051K6U6, STM32C051K8T6, STM32C071C8T6, STM32C071C8T6N, STM32C071C8U6, STM32C071C8U6N, STM32C071CBT6, STM32C071CBT6N, STM32C071CBU6, STM32C071CBU6N, STM32C071F8P6, STM32C071F8P6N, STM32C071FBP6, STM32C071FBP6N, STM32C071FBY6TR, STM32C071G8U6, STM32C071G8U6N, STM32C071GBU6, STM32C071GBU6N, STM32C071K8T6, STM32C071K8T6N, STM32C071K8U6, STM32C071K8U6N, STM32C071KBT6, STM32C071KBT6N, STM32C071KBU6, STM32C071KBU6N, STM32C071R8T6, STM32C071R8T6N, STM32C071RBI6N, STM32C071RBT6, STM32C071RBT6N, STM32C091CBT6, STM32C091CBU6, STM32C091CCT6, STM32C091CCU6, STM32C091ECY6TR, STM32C091FBP6, STM32C091FCP6, STM32C091GBU6, STM32C091GCU6, STM32C091KBT6, STM32C091KBU6, STM32C091KCT6, STM32C091KCU6, STM32C091RBT6, STM32C091RCI6, STM32C091RCT6, STM32C092CBT6, STM32C092CBU6, STM32C092CCT6, STM32C092CCU6, STM32C092ECY6TR, STM32C092FBP6, STM32C092FCP6, STM32C092GBU6, STM32C092GCU6, STM32C092KBT6, STM32C092KBU6, STM32C092KCT6, STM32C092KCU6, STM32C092RBT6, STM32C092RCI6, STM32C092RCT6, STM32G071K8TXN, STM32G071K8UXN, STM32G081GBU6N, STM32G081KBT6N, STM32G081KBUXN, STM32G0B1CCT6N, STM32G0B1KCT6, STM32G0B1NEY6TR, STM32G0B1RCT6N, STM32G0C1CCT6, STM32G0C1CCT6N, STM32G0C1CCU6N, STM32G0C1CET6N, STM32G0C1CEU6N, STM32G0C1KCT6, STM32G0C1NEY6TR, STM32G0C1RCI6N, STM32G0C1RCT6N, STM32G0C1REI6N, STM32G0C1RET6N, STM32G0C1VCI6, STM32G0C1VEI6, STM32G411C6T3, STM32G411C6T6, STM32G411C6U3, STM32G411C6U6, STM32G411C8T3, STM32G411C8T6, STM32G411C8U3, STM32G411C8U6, STM32G411CBT3, STM32G411CBT6, STM32G411CBU3, STM32G411CBU6, STM32G411K6T3, STM32G411K6T6, STM32G411K6U3, STM32G411K6U6, STM32G411K8T3, STM32G411K8T6, STM32G411K8U3, STM32G411K8U6, STM32G411KBT3, STM32G411KBT6, STM32G411KBU3, STM32G411KBU6, STM32G411M6T3, STM32G411M6T6, STM32G411M8T3, STM32G411M8T6, STM32G411MBT3, STM32G411MBT6, STM32G411R6T3, STM32G411R6T6, STM32G411R8T3, STM32G411R8T6, STM32G411RBT3, STM32G411RBT6, STM32G414CBT3, STM32G414CBT6, STM32G414CBU3, STM32G414CBU6, STM32G414CCT3, STM32G414CCT6, STM32G414CCU3, STM32G414CCU6, STM32G414MBT3, STM32G414MBT6, STM32G414MCT3, STM32G414MCT6, STM32G414RBT3, STM32G414RBT6, STM32G414RCT3, STM32G414RCT6, STM32G414VBT3, STM32G414VBT6, STM32G414VCT3, STM32G414VCT6, STM32G431CBT3Z, STM32G431RBT3Z, STM32G471CCT6, STM32G471CCU6, STM32G471CET3, STM32G471CET6, STM32G471CEU3, STM32G471CEU6, STM32G471MCT6, STM32G471MET3, STM32G471MET6, STM32G471MEY6TR, STM32G471QCT6, STM32G471QET3, STM32G471RCT6, STM32G471RET3, STM32G471RET6, STM32G471VCH6, STM32G471VCI6, STM32G471VCT6, STM32G471VEH3, STM32G471VEH6, STM32G471VEI3, STM32G471VEI6, STM32G471VET3, STM32G471VET6, STM32G473QET3Z, STM32G473RET3Z, STM32G474CCT6, STM32G491RET3Z, STM32H503CBT6, STM32H503CBU6, STM32H503EBY6TR, STM32H503KBU6, STM32H503RBT6, STM32H523CCT6, STM32H523CCU6, STM32H523CET6, STM32H523CEU6, STM32H523HEY6TR, STM32H523RCT6, STM32H523RET6, STM32H523VCI6, STM32H523VCT6, STM32H523VEI6, STM32H523VET6, STM32H523ZCJ6, STM32H523ZCT6, STM32H523ZEJ6, STM32H523ZET6, STM32H533CET6, STM32H533CEU6, STM32H533HEY6TR, STM32H533RET6, STM32H533VEI6, STM32H533VET6, STM32H533ZEJ6, STM32H533ZET6, STM32H562AGI6, STM32H562AII6, STM32H562IGK6, STM32H562IGT6, STM32H562IIK6, STM32H562IIT6, STM32H562RGT6, STM32H562RGV6, STM32H562RIT6, STM32H562RIV6, STM32H562VGT6, STM32H562VIT6, STM32H562ZGT6, STM32H562ZIT6, STM32H563AGI6, STM32H563AII3Q, STM32H563AII6, STM32H563IGK6, STM32H563IGT6, STM32H563IIK3Q, STM32H563IIK6, STM32H563IIT3Q, STM32H563IIT6, STM32H563MIY3QTR, STM32H563RGT6, STM32H563RGV6, STM32H563RIT6, STM32H563RIV6, STM32H563VGT6, STM32H563VIT3Q, STM32H563VIT6, STM32H563ZGT6, STM32H563ZIT3Q, STM32H563ZIT6, STM32H573AII3Q, STM32H573AII6, STM32H573I-DK, STM32H573IIK3Q, STM32H573IIK6, STM32H573IIT3Q, STM32H573IIT6, STM32H573MIY3QTR, STM32H573RIT6, STM32H573RIV6, STM32H573VIT3Q, STM32H573VIT6, STM32H573ZIT3Q, STM32H573ZIT6, STM32H7R3A8I6, STM32H7R3I8K6, STM32H7R3I8T6, STM32H7R3L8H6, STM32H7R3L8H6H, STM32H7R3R8V6, STM32H7R3V8H6, STM32H7R3V8T6, STM32H7R3V8Y6TR, STM32H7R3Z8J6, STM32H7R3Z8T6, STM32H7R7A8I6, STM32H7R7I8K6, STM32H7R7I8T6, STM32H7R7L8H6, STM32H7R7L8H6H, STM32H7R7Z8J6, STM32H7S3A8I6, STM32H7S3I8K6, STM32H7S3I8T6, STM32H7S3L8H6, STM32H7S3L8H6H, STM32H7S3R8V6, STM32H7S3V8H6, STM32H7S3V8T6, STM32H7S3V8Y6TR, STM32H7S3Z8J6, STM32H7S3Z8T6, STM32H7S78-DK, STM32H7S7A8I6, STM32H7S7I8K6, STM32H7S7I8T6, STM32H7S7L8H6, STM32H7S7L8H6H, STM32H7S7Z8J6, STM32L4R5QGI6STR, STM32MP131AAE3, STM32MP131AAF3, STM32MP131AAG3, STM32MP131CAE3, STM32MP131CAF3, STM32MP131CAG3, STM32MP131DAE7, STM32MP131DAF7, STM32MP131DAG7, STM32MP131FAE7, STM32MP131FAF7, STM32MP131FAG7, STM32MP133AAE3, STM32MP133AAF3, STM32MP133AAG3, STM32MP133CAE3, STM32MP133CAF3, STM32MP133CAG3, STM32MP133DAE7, STM32MP133DAF7, STM32MP133DAG7, STM32MP133FAE7, STM32MP133FAF7, STM32MP133FAG7, STM32MP135AAE3, STM32MP135AAF3, STM32MP135AAG3, STM32MP135CAE3, STM32MP135CAF3, STM32MP135CAG3, STM32MP135DAE7, STM32MP135DAF7, STM32MP135DAG7, STM32MP135F-DK, STM32MP135FAE7, STM32MP135FAF7, STM32MP135FAF7T, STM32MP135FAF7U, STM32MP135FAG7, STM32MP211AAL3, STM32MP211AAM3, STM32MP211AAN3, STM32MP211AAO3, STM32MP211CAL3, STM32MP211CAM3, STM32MP211CAN3, STM32MP211CAO3, STM32MP211DAL3, STM32MP211DAM3, STM32MP211DAN3, STM32MP211DAO3, STM32MP211FAL3, STM32MP211FAM3, STM32MP211FAN3, STM32MP211FAO3, STM32MP213AAL3, STM32MP213AAM3, STM32MP213AAN3, STM32MP213AAO3, STM32MP213CAL3, STM32MP213CAM3, STM32MP213CAN3, STM32MP213CAO3, STM32MP213DAL3, STM32MP213DAM3, STM32MP213DAN3, STM32MP213DAO3, STM32MP213FAL3, STM32MP213FAM3, STM32MP213FAN3, STM32MP213FAO3, STM32MP215AAL3, STM32MP215AAM3, STM32MP215AAN3, STM32MP215AAO3, STM32MP215CAL3, STM32MP215CAM3, STM32MP215CAN3, STM32MP215CAO3, STM32MP215DAL3, STM32MP215DAM3, STM32MP215DAN3, STM32MP215DAO3, STM32MP215F-DK, STM32MP215FAL3, STM32MP215FAM3, STM32MP215FAN3, STM32MP215FAO3, STM32MP231AAJ3, STM32MP231AAK3, STM32MP231AAL3, STM32MP231CAJ3, STM32MP231CAK3, STM32MP231CAL3, STM32MP231DAJ3, STM32MP231DAK3, STM32MP231DAL3, STM32MP231FAJ3, STM32MP231FAK3, STM32MP231FAL3, STM32MP233AAJ3, STM32MP233AAK3, STM32MP233AAL3, STM32MP233CAJ3, STM32MP233CAK3, STM32MP233CAL3, STM32MP233DAJ3, STM32MP233DAK3, STM32MP233DAL3, STM32MP233FAJ3, STM32MP233FAK3, STM32MP233FAL3, STM32MP235AAJ3, STM32MP235AAK3, STM32MP235AAL3, STM32MP235CAJ3, STM32MP235CAK3, STM32MP235CAL3, STM32MP235DAJ3, STM32MP235DAK3, STM32MP235DAL3, STM32MP235FAJ3, STM32MP235FAK3, STM32MP235FAL3, STM32MP251AAI3, STM32MP251AAK3, STM32MP251AAL3, STM32MP251CAI3, STM32MP251CAK3, STM32MP251CAL3, STM32MP251DAI3, STM32MP251DAK3, STM32MP251DAL3, STM32MP251FAI3, STM32MP251FAK3, STM32MP251FAL3, STM32MP253AAI3, STM32MP253AAK3, STM32MP253AAL3, STM32MP253CAI3, STM32MP253CAK3, STM32MP253CAL3, STM32MP253DAI3, STM32MP253DAK3, STM32MP253DAL3, STM32MP253FAI3, STM32MP253FAK3, STM32MP253FAL3, STM32MP255AAI3, STM32MP255AAK3, STM32MP255AAL3, STM32MP255CAI3, STM32MP255CAK3, STM32MP255CAL3, STM32MP255DAI3, STM32MP255DAK3, STM32MP255DAL3, STM32MP255FAI3, STM32MP255FAK3, STM32MP255FAL3, STM32MP257AAI3, STM32MP257AAK3, STM32MP257AAL3, STM32MP257CAI3, STM32MP257CAK3, STM32MP257CAL3, STM32MP257DAI3, STM32MP257DAK3, STM32MP257DAL3, STM32MP257F-DK, STM32MP257F-EV1, STM32MP257FAI3, STM32MP257FAK3, STM32MP257FAL3, STM32N645A0H3Q, STM32N645B0H3Q, STM32N645I0H3Q, STM32N645L0H3Q, STM32N645X0H3Q, STM32N645Z0H3Q, STM32N647A0H3Q, STM32N647B0H3Q, STM32N647I0H3Q, STM32N647L0H3Q, STM32N647X0H3Q, STM32N647Z0H3Q, STM32N655A0H3Q, STM32N655B0H3Q, STM32N655I0H3Q, STM32N655L0H3Q, STM32N655X0H3Q, STM32N655Z0H3Q, STM32N6570-DK, STM32N657A0H3Q, STM32N657B0H3Q, STM32N657I0H3Q, STM32N657L0H3Q, STM32N657X0H3Q, STM32N657Z0H3Q, STM32U031C6T6, STM32U031C6U6, STM32U031C8T6, STM32U031C8U6, STM32U031F4P6, STM32U031F6P6, STM32U031F8P6, STM32U031G6Y6TR, STM32U031G8Y6TR, STM32U031K4U6, STM32U031K6U6, STM32U031K8U6, STM32U031R6I6, STM32U031R6T6, STM32U031R8I6, STM32U031R8T6, STM32U073C8T6, STM32U073C8U6, STM32U073CBT6, STM32U073CBU6, STM32U073CCT6, STM32U073CCU6, STM32U073H8Y6TR, STM32U073HBY6TR, STM32U073HCY6TR, STM32U073K8U6, STM32U073KBU6, STM32U073KCU6, STM32U073M8I6, STM32U073M8T6, STM32U073MBI6, STM32U073MBT6, STM32U073MCI6, STM32U073MCT6, STM32U073R8I6, STM32U073R8T6, STM32U073RBI6, STM32U073RBT6, STM32U073RCI6, STM32U073RCT6, STM32U083C-DK, STM32U083CCT6, STM32U083CCU6, STM32U083HCY6TR, STM32U083KCU6, STM32U083MCI6, STM32U083MCT6, STM32U083RCI6, STM32U083RCT6, STM32U375CET6, STM32U375CET6Q, STM32U375CEU6, STM32U375CEU6Q, STM32U375CEY6QTR, STM32U375CGT6, STM32U375CGT6Q, STM32U375CGU6, STM32U375CGU6Q, STM32U375CGY6QTR, STM32U375KEU6, STM32U375KGU6, STM32U375REI6, STM32U375REI6Q, STM32U375RET6, STM32U375RET6Q, STM32U375REY6GTR, STM32U375REY6QTR, STM32U375RGI6, STM32U375RGI6Q, STM32U375RGT6, STM32U375RGT6Q, STM32U375RGY6GTR, STM32U375RGY6QTR, STM32U375VEI6, STM32U375VEI6Q, STM32U375VET6, STM32U375VET6Q, STM32U375VGI6, STM32U375VGI6Q, STM32U375VGT6, STM32U375VGT6Q, STM32U385CGT6, STM32U385CGT6Q, STM32U385CGU6, STM32U385CGU6Q, STM32U385CGY6QTR, STM32U385KGU6, STM32U385RGI6, STM32U385RGI6Q, STM32U385RGT6, STM32U385RGT6Q, STM32U385RGY6GTR, STM32U385RGY6QTR, STM32U385VGI6, STM32U385VGI6Q, STM32U385VGT6, STM32U385VGT6Q, STM32U535CBT6, STM32U535CBT6Q, STM32U535CBU6, STM32U535CBU6Q, STM32U535CCT6, STM32U535CCT6Q, STM32U535CCU6, STM32U535CCU6Q, STM32U535CET6, STM32U535CET6Q, STM32U535CEU6, STM32U535CEU6Q, STM32U535JEY6QTR, STM32U535NCY6QTR, STM32U535NEY6QTR, STM32U535RBI6, STM32U535RBI6Q, STM32U535RBT6, STM32U535RBT6Q, STM32U535RCI6, STM32U535RCI6Q, STM32U535RCT6, STM32U535RCT6Q, STM32U535REI6, STM32U535REI6Q, STM32U535RET6, STM32U535RET6Q, STM32U535VCI6, STM32U535VCI6Q, STM32U535VCT6, STM32U535VCT6Q, STM32U535VEI6, STM32U535VEI6Q, STM32U535VET6, STM32U535VET6Q, STM32U545CET6, STM32U545CET6Q, STM32U545CEU6, STM32U545CEU6Q, STM32U545JEY6QTR, STM32U545NEY6QTR, STM32U545REI6, STM32U545REI6Q, STM32U545RET6, STM32U545RET6Q, STM32U545VEI6, STM32U545VEI6Q, STM32U545VET6, STM32U545VET6Q, STM32U595AIH6, STM32U595AIH6Q, STM32U595AJH6, STM32U595AJH6Q, STM32U595QII6, STM32U595QII6Q, STM32U595QJI6, STM32U595QJI6Q, STM32U595RIT6, STM32U595RIT6Q, STM32U595RJT6, STM32U595RJT6Q, STM32U595VIT6, STM32U595VIT6Q, STM32U595VJT6, STM32U595VJT6Q, STM32U595ZIT6, STM32U595ZIT6Q, STM32U595ZIY6QTR, STM32U595ZJT6, STM32U595ZJT6Q, STM32U595ZJY6QTR, STM32U599BJY6QTR, STM32U599NIH6Q, STM32U599NJH6Q, STM32U599VIT6Q, STM32U599VJT6, STM32U599VJT6Q, STM32U599ZIT6Q, STM32U599ZIY6QTR, STM32U599ZJT6Q, STM32U599ZJY6QTR, STM32U5A5AJH6, STM32U5A5AJH6Q, STM32U5A5QII3Q , STM32U5A5QJI6, STM32U5A5QJI6Q, STM32U5A5RJT6, STM32U5A5RJT6Q, STM32U5A5VJT6, STM32U5A5VJT6Q, STM32U5A5ZJT6, STM32U5A5ZJT6Q, STM32U5A5ZJY6QTR, STM32U5A9BJY6QTR, STM32U5A9J-DK, STM32U5A9NJH6Q, STM32U5A9VJT6Q, STM32U5A9ZJT6Q, STM32U5A9ZJY6QTR, STM32U5F7VIT6, STM32U5F7VIT6Q, STM32U5F7VJT6, STM32U5F7VJT6Q, STM32U5F9BJY6QTR, STM32U5F9NJH6Q, STM32U5F9VIT6Q, STM32U5F9VJT6Q, STM32U5F9ZIJ6QTR, STM32U5F9ZIT6Q, STM32U5F9ZJJ6QTR, STM32U5F9ZJT6Q, STM32U5G7VJT6, STM32U5G7VJT6Q, STM32U5G9BJY6QTR, STM32U5G9J-DK1, STM32U5G9J-DK2, STM32U5G9NJH6Q, STM32U5G9VJT6Q, STM32U5G9ZJJ6QTR, STM32U5G9ZJT6Q, STM32WB05KZV6TR, STM32WB05KZV7TR, STM32WB05TZF6TR, STM32WB05TZF7TR, STM32WB06CCF6TR, STM32WB06CCF7TR, STM32WB06CCV6TR, STM32WB06CCV7TR, STM32WB06KCV6TR, STM32WB06KCV7TR, STM32WB07CCF6TR, STM32WB07CCF7TR, STM32WB07CCV6TR, STM32WB07CCV7TR, STM32WB07KCV6TR, STM32WB07KCV7TR, STM32WB09KEV6TR, STM32WB09KEV7TR, STM32WB09TEF6TR, STM32WB09TEF7TR, STM32WB1MMCH6, STM32WBA50KGU6, STM32WBA50KGU6TR, STM32WBA52CEU6, STM32WBA52CEU6TR, STM32WBA52CEU7, STM32WBA52CEU7TR, STM32WBA52CGU6, STM32WBA52CGU6TR, STM32WBA52CGU6U, STM32WBA52CGU7, STM32WBA52CGU7TR, STM32WBA52KEU6, STM32WBA52KEU6TR, STM32WBA52KGU6, STM32WBA52KGU6TR, STM32WBA54CEU6, STM32WBA54CEU6TR, STM32WBA54CEU7, STM32WBA54CEU7TR, STM32WBA54CGU6, STM32WBA54CGU6TR, STM32WBA54CGU7, STM32WBA54CGU7TR, STM32WBA54KEU6, STM32WBA54KEU6TR, STM32WBA54KEU7, STM32WBA54KEU7TR, STM32WBA54KGU6, STM32WBA54KGU6TR, STM32WBA54KGU7, STM32WBA54KGU7TR, STM32WBA55CEU6, STM32WBA55CEU6TR, STM32WBA55CEU7, STM32WBA55CEU7TR, STM32WBA55CGU6, STM32WBA55CGU6TR, STM32WBA55CGU6U, STM32WBA55CGU7, STM32WBA55CGU7TR, STM32WBA55G-DK1, STM32WBA55HEF6, STM32WBA55HEF7, STM32WBA55HGF6, STM32WBA55HGF7, STM32WBA55UEI6, STM32WBA55UEI6TR, STM32WBA55UEI7, STM32WBA55UEI7TR, STM32WBA55UGI6, STM32WBA55UGI6TR, STM32WBA55UGI7, STM32WBA55UGI7TR, STM32WBA5MMGH6TR, STM32WBA62MGF6, STM32WBA62MIF6, STM32WBA65MGF7, STM32WBA65MIF6, STM32WBA65MIF7, STM32WL30K8V6, STM32WL30KBV6, STM32WL31C8V6, STM32WL31CBV6, STM32WL31K8V6, STM32WL31KBV6, STM32WL33C8V6, STM32WL33C8V6X, STM32WL33CBV6, STM32WL33CBV6X, STM32WL33CCV6, STM32WL33CCV6A, STM32WL33CCV6X, STM32WL33K8V7, STM32WL33K8V7X, STM32WL33KBV7 , STM32WL33KBV7X, STM32WL33KCV7, STM32WL33KCV7X, STM32WL5MOCH6, STM32WL5MOCH6TR]
2025-09-18 12:43:20,296 [INFO] DbMcus:218 - Found 4801 MCUs, 4801 are supported
2025-09-18 12:43:20,302 [INFO] ApiDb:423 - Load user favorites file C:\Users\nphis/.stm32cubeide/favorites.mcus.txt: 1 item(s)
2025-09-18 12:43:20,303 [INFO] ApiDb:427 - User favorites MCUs=[STM32F767ZIT6]
2025-09-18 12:43:20,303 [INFO] DbMcus:224 - Set 1 / 1 favorites MCUs
2025-09-18 12:43:20,567 [INFO] ApiDb:668 - CubeFinder database Data Model version=2.1
2025-09-18 12:43:20,568 [INFO] ApiDb:669 - CubeFinder database Configuration version=3.0.39
2025-09-18 12:43:20,568 [INFO] ApiDb:670 - CubeFinder database generation date=2025-08-25 (1756130511)
2025-09-18 12:43:20,568 [INFO] ApiDb:671 - CubeFinder database FW Pack versions=[FP-ATR-ASTRA1_V2.0.0, FP-SNS-FLIGHT1_V5.1.0, FP-SNS-MOTENV1_V5.0.0, FP-SNS-MOTENVWB1_V1.4.0, FP-SNS-SMARTAG2_V1.2.0, FP-SNS-STBOX1_V2.1.0, STM32Cube_FW_C0_V1.4.0, STM32Cube_FW_F4_V1.28.3, STM32Cube_FW_F7_V1.17.4, STM32Cube_FW_G0_V1.6.2, STM32Cube_FW_G4_V1.6.1, STM32Cube_FW_H5_V1.5.0, STM32Cube_FW_H7RS_V1.2.0, STM32Cube_FW_H7_V1.12.1, STM32Cube_FW_L0_V1.12.2, STM32Cube_FW_L4_V1.18.1, STM32Cube_FW_L5_V1.5.1, STM32Cube_FW_N6_V1.2.0, STM32Cube_FW_U0_V1.3.0, STM32Cube_FW_U3_V1.2.0, STM32Cube_FW_U5_V1.8.0, STM32Cube_FW_WB0_V1.3.0, STM32Cube_FW_WBA_V1.7.0, STM32Cube_FW_WB_V1.23.0, STM32Cube_FW_WL3_V1.2.0, STM32Cube_FW_WL_V1.3.1, X-CUBE-ALGOBUILD_V1.4.0, X-CUBE-ALS_V1.0.2, X-CUBE-AZRTOS-F4_V1.1.0, X-CUBE-AZRTOS-F7_V1.1.0, X-CUBE-AZRTOS-G0_V1.1.0, X-CUBE-AZRTOS-G4_V2.0.0, X-CUBE-AZRTOS-H7RS_V1.1.0, X-CUBE-AZRTOS-H7_V3.4.0, X-CUBE-AZRTOS-L4_V2.0.0, X-CUBE-AZRTOS-L5_V2.0.0, X-CUBE-AZRTOS-WB_V2.0.0, X-CUBE-AZRTOS-WL_V2.0.0, X-CUBE-BLE1_V7.1.0, X-CUBE-BLE2_V3.3.0, X-CUBE-BLEMGR_V4.1.0, X-CUBE-EEPRMA1_V5.2.0, X-CUBE-FREERTOS_V1.3.1, X-CUBE-GNSS1_V6.0.0, X-CUBE-MEMS1_V11.3.0, X-CUBE-NFC4_V3.0.0, X-CUBE-NFC7_V2.0.0, X-CUBE-SFXS2LP1_V4.0.0, X-CUBE-ST67W61_V1.0.0, X-CUBE-SUBG2_V5.0.0, X-CUBE-TOF1_V3.4.3]
2025-09-18 12:43:20,599 [INFO] DbBoardsSqlite:226 - include board P-NUCLEO-WB55-NUCLEO as a kit item of type 'Nucleo-64'
2025-09-18 12:43:20,599 [INFO] DbBoardsSqlite:226 - include board P-NUCLEO-WB55-USBDONGLE as a kit item of type 'Nucleo USB Dongle'
2025-09-18 12:43:20,599 [INFO] DbBoardsSqlite:226 - include board STEVAL-IDP005V1 as a kit item of type 'Evaluation Board'
2025-09-18 12:43:20,599 [INFO] DbBoardsSqlite:226 - include board STEVAL-IDP005V2 as a kit item of type 'Evaluation Board'
2025-09-18 12:43:20,639 [INFO] ApiDb:240 - Found 880 in-development CPN: [B-G473E-ZEST1S, B-WB1M-WPAN1, B-WBA5M-WPAN, B-WL5M-SUBG1, NUCLEO-C031C6, NUCLEO-C051C8, NUCLEO-C071RB, NUCLEO-C092RC, NUCLEO-H503RB, NUCLEO-H533RE, NUCLEO-H563ZI, NUCLEO-H7S3L8, NUCLEO-N657X0-Q, NUCLEO-U031R8, NUCLEO-U083RC, NUCLEO-U385RG-Q, NUCLEO-U545RE-Q, NUCLEO-U5A5ZJ-Q, NUCLEO-WB05KZ, NUCLEO-WB07CC, NUCLEO-WB09KE, NUCLEO-WBA52CG, NUCLEO-WBA55CG, NUCLEO-WL33CC1, NUCLEO-WL33CC2, STEVAL-PROTEUS1, STEVAL-SMARTAG2, STEVAL-STWINBX1, STM320518-EVAL, STM32C0116-DK, STM32C011D6Y3TR, STM32C011D6Y6TR, STM32C011F4P3, STM32C011F4P6, STM32C011F4U3, STM32C011F4U6TR, STM32C011F6P3, STM32C011F6P6, STM32C011F6U3, STM32C011F6U6TR, STM32C011J4M3, STM32C011J4M6, STM32C011J6M3, STM32C011J6M6, STM32C0316-DK, STM32C031C4T3, STM32C031C4T6, STM32C031C4U3, STM32C031C4U6, STM32C031C6T3, STM32C031C6T6, STM32C031C6U3, STM32C031C6U6, STM32C031F4P3, STM32C031F4P6, STM32C031F6P3, STM32C031F6P6, STM32C031G4U3, STM32C031G4U6, STM32C031G6U3, STM32C031G6U6, STM32C031K4T3, STM32C031K4T6, STM32C031K4U3, STM32C031K4U6, STM32C031K6T3, STM32C031K6T6, STM32C031K6U3, STM32C031K6U6, STM32C051C6T6, STM32C051C6U6, STM32C051C8T6, STM32C051C8U6, STM32C051D8Y6TR, STM32C051F6P6, STM32C051F8P6, STM32C051G6U6, STM32C051G8U6, STM32C051K6T6, STM32C051K6U6, STM32C051K8T6, STM32C071C8T6, STM32C071C8T6N, STM32C071C8U6, STM32C071C8U6N, STM32C071CBT6, STM32C071CBT6N, STM32C071CBU6, STM32C071CBU6N, STM32C071F8P6, STM32C071F8P6N, STM32C071FBP6, STM32C071FBP6N, STM32C071FBY6TR, STM32C071G8U6, STM32C071G8U6N, STM32C071GBU6, STM32C071GBU6N, STM32C071K8T6, STM32C071K8T6N, STM32C071K8U6, STM32C071K8U6N, STM32C071KBT6, STM32C071KBT6N, STM32C071KBU6, STM32C071KBU6N, STM32C071R8T6, STM32C071R8T6N, STM32C071RBI6N, STM32C071RBT6, STM32C071RBT6N, STM32C091CBT6, STM32C091CBU6, STM32C091CCT6, STM32C091CCU6, STM32C091ECY6TR, STM32C091FBP6, STM32C091FCP6, STM32C091GBU6, STM32C091GCU6, STM32C091KBT6, STM32C091KBU6, STM32C091KCT6, STM32C091KCU6, STM32C091RBT6, STM32C091RCI6, STM32C091RCT6, STM32C092CBT6, STM32C092CBU6, STM32C092CCT6, STM32C092CCU6, STM32C092ECY6TR, STM32C092FBP6, STM32C092FCP6, STM32C092GBU6, STM32C092GCU6, STM32C092KBT6, STM32C092KBU6, STM32C092KCT6, STM32C092KCU6, STM32C092RBT6, STM32C092RCI6, STM32C092RCT6, STM32G071K8TXN, STM32G071K8UXN, STM32G081GBU6N, STM32G081KBT6N, STM32G081KBUXN, STM32G0B1CCT6N, STM32G0B1KCT6, STM32G0B1NEY6TR, STM32G0B1RCT6N, STM32G0C1CCT6, STM32G0C1CCT6N, STM32G0C1CCU6N, STM32G0C1CET6N, STM32G0C1CEU6N, STM32G0C1KCT6, STM32G0C1NEY6TR, STM32G0C1RCI6N, STM32G0C1RCT6N, STM32G0C1REI6N, STM32G0C1RET6N, STM32G0C1VCI6, STM32G0C1VEI6, STM32G411C6T3, STM32G411C6T6, STM32G411C6U3, STM32G411C6U6, STM32G411C8T3, STM32G411C8T6, STM32G411C8U3, STM32G411C8U6, STM32G411CBT3, STM32G411CBT6, STM32G411CBU3, STM32G411CBU6, STM32G411K6T3, STM32G411K6T6, STM32G411K6U3, STM32G411K6U6, STM32G411K8T3, STM32G411K8T6, STM32G411K8U3, STM32G411K8U6, STM32G411KBT3, STM32G411KBT6, STM32G411KBU3, STM32G411KBU6, STM32G411M6T3, STM32G411M6T6, STM32G411M8T3, STM32G411M8T6, STM32G411MBT3, STM32G411MBT6, STM32G411R6T3, STM32G411R6T6, STM32G411R8T3, STM32G411R8T6, STM32G411RBT3, STM32G411RBT6, STM32G414CBT3, STM32G414CBT6, STM32G414CBU3, STM32G414CBU6, STM32G414CCT3, STM32G414CCT6, STM32G414CCU3, STM32G414CCU6, STM32G414MBT3, STM32G414MBT6, STM32G414MCT3, STM32G414MCT6, STM32G414RBT3, STM32G414RBT6, STM32G414RCT3, STM32G414RCT6, STM32G414VBT3, STM32G414VBT6, STM32G414VCT3, STM32G414VCT6, STM32G431CBT3Z, STM32G431RBT3Z, STM32G471CCT6, STM32G471CCU6, STM32G471CET3, STM32G471CET6, STM32G471CEU3, STM32G471CEU6, STM32G471MCT6, STM32G471MET3, STM32G471MET6, STM32G471MEY6TR, STM32G471QCT6, STM32G471QET3, STM32G471RCT6, STM32G471RET3, STM32G471RET6, STM32G471VCH6, STM32G471VCI6, STM32G471VCT6, STM32G471VEH3, STM32G471VEH6, STM32G471VEI3, STM32G471VEI6, STM32G471VET3, STM32G471VET6, STM32G473QET3Z, STM32G473RET3Z, STM32G474CCT6, STM32G491RET3Z, STM32H503CBT6, STM32H503CBU6, STM32H503EBY6TR, STM32H503KBU6, STM32H503RBT6, STM32H523CCT6, STM32H523CCU6, STM32H523CET6, STM32H523CEU6, STM32H523HEY6TR, STM32H523RCT6, STM32H523RET6, STM32H523VCI6, STM32H523VCT6, STM32H523VEI6, STM32H523VET6, STM32H523ZCJ6, STM32H523ZCT6, STM32H523ZEJ6, STM32H523ZET6, STM32H533CET6, STM32H533CEU6, STM32H533HEY6TR, STM32H533RET6, STM32H533VEI6, STM32H533VET6, STM32H533ZEJ6, STM32H533ZET6, STM32H562AGI6, STM32H562AII6, STM32H562IGK6, STM32H562IGT6, STM32H562IIK6, STM32H562IIT6, STM32H562RGT6, STM32H562RGV6, STM32H562RIT6, STM32H562RIV6, STM32H562VGT6, STM32H562VIT6, STM32H562ZGT6, STM32H562ZIT6, STM32H563AGI6, STM32H563AII3Q, STM32H563AII6, STM32H563IGK6, STM32H563IGT6, STM32H563IIK3Q, STM32H563IIK6, STM32H563IIT3Q, STM32H563IIT6, STM32H563MIY3QTR, STM32H563RGT6, STM32H563RGV6, STM32H563RIT6, STM32H563RIV6, STM32H563VGT6, STM32H563VIT3Q, STM32H563VIT6, STM32H563ZGT6, STM32H563ZIT3Q, STM32H563ZIT6, STM32H573AII3Q, STM32H573AII6, STM32H573I-DK, STM32H573IIK3Q, STM32H573IIK6, STM32H573IIT3Q, STM32H573IIT6, STM32H573MIY3QTR, STM32H573RIT6, STM32H573RIV6, STM32H573VIT3Q, STM32H573VIT6, STM32H573ZIT3Q, STM32H573ZIT6, STM32H7R3A8I6, STM32H7R3I8K6, STM32H7R3I8T6, STM32H7R3L8H6, STM32H7R3L8H6H, STM32H7R3R8V6, STM32H7R3V8H6, STM32H7R3V8T6, STM32H7R3V8Y6TR, STM32H7R3Z8J6, STM32H7R3Z8T6, STM32H7R7A8I6, STM32H7R7I8K6, STM32H7R7I8T6, STM32H7R7L8H6, STM32H7R7L8H6H, STM32H7R7Z8J6, STM32H7S3A8I6, STM32H7S3I8K6, STM32H7S3I8T6, STM32H7S3L8H6, STM32H7S3L8H6H, STM32H7S3R8V6, STM32H7S3V8H6, STM32H7S3V8T6, STM32H7S3V8Y6TR, STM32H7S3Z8J6, STM32H7S3Z8T6, STM32H7S78-DK, STM32H7S7A8I6, STM32H7S7I8K6, STM32H7S7I8T6, STM32H7S7L8H6, STM32H7S7L8H6H, STM32H7S7Z8J6, STM32L4R5QGI6STR, STM32MP131AAE3, STM32MP131AAF3, STM32MP131AAG3, STM32MP131CAE3, STM32MP131CAF3, STM32MP131CAG3, STM32MP131DAE7, STM32MP131DAF7, STM32MP131DAG7, STM32MP131FAE7, STM32MP131FAF7, STM32MP131FAG7, STM32MP133AAE3, STM32MP133AAF3, STM32MP133AAG3, STM32MP133CAE3, STM32MP133CAF3, STM32MP133CAG3, STM32MP133DAE7, STM32MP133DAF7, STM32MP133DAG7, STM32MP133FAE7, STM32MP133FAF7, STM32MP133FAG7, STM32MP135AAE3, STM32MP135AAF3, STM32MP135AAG3, STM32MP135CAE3, STM32MP135CAF3, STM32MP135CAG3, STM32MP135DAE7, STM32MP135DAF7, STM32MP135DAG7, STM32MP135F-DK, STM32MP135FAE7, STM32MP135FAF7, STM32MP135FAF7T, STM32MP135FAF7U, STM32MP135FAG7, STM32MP211AAL3, STM32MP211AAM3, STM32MP211AAN3, STM32MP211AAO3, STM32MP211CAL3, STM32MP211CAM3, STM32MP211CAN3, STM32MP211CAO3, STM32MP211DAL3, STM32MP211DAM3, STM32MP211DAN3, STM32MP211DAO3, STM32MP211FAL3, STM32MP211FAM3, STM32MP211FAN3, STM32MP211FAO3, STM32MP213AAL3, STM32MP213AAM3, STM32MP213AAN3, STM32MP213AAO3, STM32MP213CAL3, STM32MP213CAM3, STM32MP213CAN3, STM32MP213CAO3, STM32MP213DAL3, STM32MP213DAM3, STM32MP213DAN3, STM32MP213DAO3, STM32MP213FAL3, STM32MP213FAM3, STM32MP213FAN3, STM32MP213FAO3, STM32MP215AAL3, STM32MP215AAM3, STM32MP215AAN3, STM32MP215AAO3, STM32MP215CAL3, STM32MP215CAM3, STM32MP215CAN3, STM32MP215CAO3, STM32MP215DAL3, STM32MP215DAM3, STM32MP215DAN3, STM32MP215DAO3, STM32MP215F-DK, STM32MP215FAL3, STM32MP215FAM3, STM32MP215FAN3, STM32MP215FAO3, STM32MP231AAJ3, STM32MP231AAK3, STM32MP231AAL3, STM32MP231CAJ3, STM32MP231CAK3, STM32MP231CAL3, STM32MP231DAJ3, STM32MP231DAK3, STM32MP231DAL3, STM32MP231FAJ3, STM32MP231FAK3, STM32MP231FAL3, STM32MP233AAJ3, STM32MP233AAK3, STM32MP233AAL3, STM32MP233CAJ3, STM32MP233CAK3, STM32MP233CAL3, STM32MP233DAJ3, STM32MP233DAK3, STM32MP233DAL3, STM32MP233FAJ3, STM32MP233FAK3, STM32MP233FAL3, STM32MP235AAJ3, STM32MP235AAK3, STM32MP235AAL3, STM32MP235CAJ3, STM32MP235CAK3, STM32MP235CAL3, STM32MP235DAJ3, STM32MP235DAK3, STM32MP235DAL3, STM32MP235FAJ3, STM32MP235FAK3, STM32MP235FAL3, STM32MP251AAI3, STM32MP251AAK3, STM32MP251AAL3, STM32MP251CAI3, STM32MP251CAK3, STM32MP251CAL3, STM32MP251DAI3, STM32MP251DAK3, STM32MP251DAL3, STM32MP251FAI3, STM32MP251FAK3, STM32MP251FAL3, STM32MP253AAI3, STM32MP253AAK3, STM32MP253AAL3, STM32MP253CAI3, STM32MP253CAK3, STM32MP253CAL3, STM32MP253DAI3, STM32MP253DAK3, STM32MP253DAL3, STM32MP253FAI3, STM32MP253FAK3, STM32MP253FAL3, STM32MP255AAI3, STM32MP255AAK3, STM32MP255AAL3, STM32MP255CAI3, STM32MP255CAK3, STM32MP255CAL3, STM32MP255DAI3, STM32MP255DAK3, STM32MP255DAL3, STM32MP255FAI3, STM32MP255FAK3, STM32MP255FAL3, STM32MP257AAI3, STM32MP257AAK3, STM32MP257AAL3, STM32MP257CAI3, STM32MP257CAK3, STM32MP257CAL3, STM32MP257DAI3, STM32MP257DAK3, STM32MP257DAL3, STM32MP257F-DK, STM32MP257F-EV1, STM32MP257FAI3, STM32MP257FAK3, STM32MP257FAL3, STM32N645A0H3Q, STM32N645B0H3Q, STM32N645I0H3Q, STM32N645L0H3Q, STM32N645X0H3Q, STM32N645Z0H3Q, STM32N647A0H3Q, STM32N647B0H3Q, STM32N647I0H3Q, STM32N647L0H3Q, STM32N647X0H3Q, STM32N647Z0H3Q, STM32N655A0H3Q, STM32N655B0H3Q, STM32N655I0H3Q, STM32N655L0H3Q, STM32N655X0H3Q, STM32N655Z0H3Q, STM32N6570-DK, STM32N657A0H3Q, STM32N657B0H3Q, STM32N657I0H3Q, STM32N657L0H3Q, STM32N657X0H3Q, STM32N657Z0H3Q, STM32U031C6T6, STM32U031C6U6, STM32U031C8T6, STM32U031C8U6, STM32U031F4P6, STM32U031F6P6, STM32U031F8P6, STM32U031G6Y6TR, STM32U031G8Y6TR, STM32U031K4U6, STM32U031K6U6, STM32U031K8U6, STM32U031R6I6, STM32U031R6T6, STM32U031R8I6, STM32U031R8T6, STM32U073C8T6, STM32U073C8U6, STM32U073CBT6, STM32U073CBU6, STM32U073CCT6, STM32U073CCU6, STM32U073H8Y6TR, STM32U073HBY6TR, STM32U073HCY6TR, STM32U073K8U6, STM32U073KBU6, STM32U073KCU6, STM32U073M8I6, STM32U073M8T6, STM32U073MBI6, STM32U073MBT6, STM32U073MCI6, STM32U073MCT6, STM32U073R8I6, STM32U073R8T6, STM32U073RBI6, STM32U073RBT6, STM32U073RCI6, STM32U073RCT6, STM32U083C-DK, STM32U083CCT6, STM32U083CCU6, STM32U083HCY6TR, STM32U083KCU6, STM32U083MCI6, STM32U083MCT6, STM32U083RCI6, STM32U083RCT6, STM32U375CET6, STM32U375CET6Q, STM32U375CEU6, STM32U375CEU6Q, STM32U375CEY6QTR, STM32U375CGT6, STM32U375CGT6Q, STM32U375CGU6, STM32U375CGU6Q, STM32U375CGY6QTR, STM32U375KEU6, STM32U375KGU6, STM32U375REI6, STM32U375REI6Q, STM32U375RET6, STM32U375RET6Q, STM32U375REY6GTR, STM32U375REY6QTR, STM32U375RGI6, STM32U375RGI6Q, STM32U375RGT6, STM32U375RGT6Q, STM32U375RGY6GTR, STM32U375RGY6QTR, STM32U375VEI6, STM32U375VEI6Q, STM32U375VET6, STM32U375VET6Q, STM32U375VGI6, STM32U375VGI6Q, STM32U375VGT6, STM32U375VGT6Q, STM32U385CGT6, STM32U385CGT6Q, STM32U385CGU6, STM32U385CGU6Q, STM32U385CGY6QTR, STM32U385KGU6, STM32U385RGI6, STM32U385RGI6Q, STM32U385RGT6, STM32U385RGT6Q, STM32U385RGY6GTR, STM32U385RGY6QTR, STM32U385VGI6, STM32U385VGI6Q, STM32U385VGT6, STM32U385VGT6Q, STM32U535CBT6, STM32U535CBT6Q, STM32U535CBU6, STM32U535CBU6Q, STM32U535CCT6, STM32U535CCT6Q, STM32U535CCU6, STM32U535CCU6Q, STM32U535CET6, STM32U535CET6Q, STM32U535CEU6, STM32U535CEU6Q, STM32U535JEY6QTR, STM32U535NCY6QTR, STM32U535NEY6QTR, STM32U535RBI6, STM32U535RBI6Q, STM32U535RBT6, STM32U535RBT6Q, STM32U535RCI6, STM32U535RCI6Q, STM32U535RCT6, STM32U535RCT6Q, STM32U535REI6, STM32U535REI6Q, STM32U535RET6, STM32U535RET6Q, STM32U535VCI6, STM32U535VCI6Q, STM32U535VCT6, STM32U535VCT6Q, STM32U535VEI6, STM32U535VEI6Q, STM32U535VET6, STM32U535VET6Q, STM32U545CET6, STM32U545CET6Q, STM32U545CEU6, STM32U545CEU6Q, STM32U545JEY6QTR, STM32U545NEY6QTR, STM32U545REI6, STM32U545REI6Q, STM32U545RET6, STM32U545RET6Q, STM32U545VEI6, STM32U545VEI6Q, STM32U545VET6, STM32U545VET6Q, STM32U595AIH6, STM32U595AIH6Q, STM32U595AJH6, STM32U595AJH6Q, STM32U595QII6, STM32U595QII6Q, STM32U595QJI6, STM32U595QJI6Q, STM32U595RIT6, STM32U595RIT6Q, STM32U595RJT6, STM32U595RJT6Q, STM32U595VIT6, STM32U595VIT6Q, STM32U595VJT6, STM32U595VJT6Q, STM32U595ZIT6, STM32U595ZIT6Q, STM32U595ZIY6QTR, STM32U595ZJT6, STM32U595ZJT6Q, STM32U595ZJY6QTR, STM32U599BJY6QTR, STM32U599NIH6Q, STM32U599NJH6Q, STM32U599VIT6Q, STM32U599VJT6, STM32U599VJT6Q, STM32U599ZIT6Q, STM32U599ZIY6QTR, STM32U599ZJT6Q, STM32U599ZJY6QTR, STM32U5A5AJH6, STM32U5A5AJH6Q, STM32U5A5QII3Q , STM32U5A5QJI6, STM32U5A5QJI6Q, STM32U5A5RJT6, STM32U5A5RJT6Q, STM32U5A5VJT6, STM32U5A5VJT6Q, STM32U5A5ZJT6, STM32U5A5ZJT6Q, STM32U5A5ZJY6QTR, STM32U5A9BJY6QTR, STM32U5A9J-DK, STM32U5A9NJH6Q, STM32U5A9VJT6Q, STM32U5A9ZJT6Q, STM32U5A9ZJY6QTR, STM32U5F7VIT6, STM32U5F7VIT6Q, STM32U5F7VJT6, STM32U5F7VJT6Q, STM32U5F9BJY6QTR, STM32U5F9NJH6Q, STM32U5F9VIT6Q, STM32U5F9VJT6Q, STM32U5F9ZIJ6QTR, STM32U5F9ZIT6Q, STM32U5F9ZJJ6QTR, STM32U5F9ZJT6Q, STM32U5G7VJT6, STM32U5G7VJT6Q, STM32U5G9BJY6QTR, STM32U5G9J-DK1, STM32U5G9J-DK2, STM32U5G9NJH6Q, STM32U5G9VJT6Q, STM32U5G9ZJJ6QTR, STM32U5G9ZJT6Q, STM32WB05KZV6TR, STM32WB05KZV7TR, STM32WB05TZF6TR, STM32WB05TZF7TR, STM32WB06CCF6TR, STM32WB06CCF7TR, STM32WB06CCV6TR, STM32WB06CCV7TR, STM32WB06KCV6TR, STM32WB06KCV7TR, STM32WB07CCF6TR, STM32WB07CCF7TR, STM32WB07CCV6TR, STM32WB07CCV7TR, STM32WB07KCV6TR, STM32WB07KCV7TR, STM32WB09KEV6TR, STM32WB09KEV7TR, STM32WB09TEF6TR, STM32WB09TEF7TR, STM32WB1MMCH6, STM32WBA50KGU6, STM32WBA50KGU6TR, STM32WBA52CEU6, STM32WBA52CEU6TR, STM32WBA52CEU7, STM32WBA52CEU7TR, STM32WBA52CGU6, STM32WBA52CGU6TR, STM32WBA52CGU6U, STM32WBA52CGU7, STM32WBA52CGU7TR, STM32WBA52KEU6, STM32WBA52KEU6TR, STM32WBA52KGU6, STM32WBA52KGU6TR, STM32WBA54CEU6, STM32WBA54CEU6TR, STM32WBA54CEU7, STM32WBA54CEU7TR, STM32WBA54CGU6, STM32WBA54CGU6TR, STM32WBA54CGU7, STM32WBA54CGU7TR, STM32WBA54KEU6, STM32WBA54KEU6TR, STM32WBA54KEU7, STM32WBA54KEU7TR, STM32WBA54KGU6, STM32WBA54KGU6TR, STM32WBA54KGU7, STM32WBA54KGU7TR, STM32WBA55CEU6, STM32WBA55CEU6TR, STM32WBA55CEU7, STM32WBA55CEU7TR, STM32WBA55CGU6, STM32WBA55CGU6TR, STM32WBA55CGU6U, STM32WBA55CGU7, STM32WBA55CGU7TR, STM32WBA55G-DK1, STM32WBA55HEF6, STM32WBA55HEF7, STM32WBA55HGF6, STM32WBA55HGF7, STM32WBA55UEI6, STM32WBA55UEI6TR, STM32WBA55UEI7, STM32WBA55UEI7TR, STM32WBA55UGI6, STM32WBA55UGI6TR, STM32WBA55UGI7, STM32WBA55UGI7TR, STM32WBA5MMGH6TR, STM32WBA62MGF6, STM32WBA62MIF6, STM32WBA65MGF7, STM32WBA65MIF6, STM32WBA65MIF7, STM32WL30K8V6, STM32WL30KBV6, STM32WL31C8V6, STM32WL31CBV6, STM32WL31K8V6, STM32WL31KBV6, STM32WL33C8V6, STM32WL33C8V6X, STM32WL33CBV6, STM32WL33CBV6X, STM32WL33CCV6, STM32WL33CCV6A, STM32WL33CCV6X, STM32WL33K8V7, STM32WL33K8V7X, STM32WL33KBV7 , STM32WL33KBV7X, STM32WL33KCV7, STM32WL33KCV7X, STM32WL5MOCH6, STM32WL5MOCH6TR]
2025-09-18 12:43:20,733 [INFO] BoardInfo:889 - No configuration file found for board P-NUCLEO-WB55
2025-09-18 12:43:20,734 [INFO] DbBoards:161 - Kit is not supported: P-NUCLEO-WB55
2025-09-18 12:43:20,737 [INFO] BoardInfo:889 - No configuration file found for board STEVAL-BFA001V1B
2025-09-18 12:43:20,738 [INFO] DbBoards:161 - Kit is not supported: STEVAL-BFA001V1B
2025-09-18 12:43:20,738 [INFO] BoardInfo:889 - No configuration file found for board STEVAL-BFA001V2B
2025-09-18 12:43:20,739 [INFO] DbBoards:161 - Kit is not supported: STEVAL-BFA001V2B
2025-09-18 12:43:20,808 [INFO] DbBoards:168 - Found 212 boards, 209 are supported
2025-09-18 12:43:20,808 [INFO] DbBoards:169 - Found 212 boards, 43 of them is supported for  Bsp
2025-09-18 12:43:20,817 [INFO] ApiDb:423 - Load user favorites file C:\Users\nphis/.stm32cubeide/favorites.boards.txt: 1 item(s)
2025-09-18 12:43:20,817 [INFO] ApiDb:427 - User favorites Boards=[NUCLEO-F767ZI]
2025-09-18 12:43:20,817 [INFO] DbBoards:198 - Set 1 / 1 favorites Boards
2025-09-18 12:43:20,818 [INFO] McuFinderGlobals:76 - Set McuFinderConnectedMode to true
2025-09-18 12:43:20,823 [INFO] MultiScanPanel:200 - Auto-refresh data requested => check proxy status ongoing
2025-09-18 12:43:20,824 [INFO] FinderPluginLoader:96 - Searching for filters in installed packs
2025-09-18 12:43:21,718 [INFO] LoadUrlFilesThread:185 - End of LoadServerUrlFiles without Thread
2025-09-18 12:43:21,789 [INFO] DetailPanel:341 - Set advertising image to C:/Users/nphis/STM32Cube/Repository/\en.2400x1350px.jpeg
2025-09-18 12:43:28,194 [INFO] MultiScanPanel:200 - Auto-refresh data requested => check proxy status ongoing
2025-09-18 12:43:28,292 [INFO] LoadUrlFilesThread:185 - End of LoadServerUrlFiles without Thread
2025-09-18 12:43:28,292 [INFO] DetailPanel:341 - Set advertising image to C:/Users/nphis/STM32Cube/Repository/\en.2400x1350px.jpeg
2025-09-18 12:43:28,301 [INFO] DbBoards:642 - Loading board mini-images...
2025-09-18 12:43:29,517 [ERROR] DbBoards:659 - Image file not found for board STM32MP215F-DK: C:\Users\nphis\.stmcufinder\plugins\mcufinder//mcu//boards_images/STM32MP215F-DK.jpg
2025-09-18 12:43:29,594 [INFO] DbBoards:665 - Loaded 211 board mini-images
2025-09-18 12:43:52,304 [INFO] MainUpdater:2872 - connection check result : 10
2025-09-18 12:43:52,304 [INFO] MainUpdater:2872 - connection check result : 10
2025-09-18 12:43:52,329 [INFO] MicroXplorer:468 - Change Database Path : 
2025-09-18 12:43:52,329 [INFO] MicroXplorer:498 - Change Database Version : DB.6.0.150
2025-09-18 12:43:52,335 [WARN] ThirdParty:871 - waiting for thirdparty lock release [close project]
2025-09-18 12:43:52,335 [INFO] ThirdParty:873 - entering critical section [close project]
2025-09-18 12:43:52,335 [INFO] ThirdParty:883 - exiting critical section [close project]
2025-09-18 12:43:52,337 [INFO] PinOutPanel:1589 - setPackage(No Configuration,No Configuration)
2025-09-18 12:43:52,338 [INFO] UtilMem:75 - Begin LoadConfig() Used Memory: 832647976 Bytes (1010827264)
2025-09-18 12:43:52,341 [INFO] OpenFileManager:355 - Change cursor
2025-09-18 12:43:52,367 [INFO] ProjectFactory:514 - No CPN specified for board NUCLEO-F767ZI => set CPN to STM32F767ZIT6
2025-09-18 12:43:52,368 [INFO] Mcu:2029 - Initializing MCU STM32F767ZITx STM32F767ZITx STM32F767ZIT6
2025-09-18 12:43:54,543 [INFO] Context:786 - Trying to add GPIOservice into a context  which must be forbidden
2025-09-18 12:43:54,935 [INFO] Rule:233 - rule 117617 - U5Cobra4M][GTZC] default value MPCBB3 and MPCBB5 - Not Secured memory - MPCBB1 is applicable
2025-09-18 12:43:54,935 [INFO] Rule:233 - rule 117617 - U5Cobra4M][GTZC] default value MPCBB3 and MPCBB5 - Not Secured memory - MPCBB1 is applicable
2025-09-18 12:43:54,935 [INFO] Rule:233 - rule 117617 - U5Cobra4M][GTZC] default value MPCBB3 and MPCBB5 - Not Secured memory - MPCBB2 is applicable
2025-09-18 12:43:54,935 [INFO] Rule:233 - rule 117617 - U5Cobra4M][GTZC] default value MPCBB3 and MPCBB5 - Not Secured memory - MPCBB2 is applicable
2025-09-18 12:43:54,935 [INFO] Rule:233 - rule 117617 - U5Cobra4M][GTZC] default value MPCBB3 and MPCBB5 - Not Secured memory - MPCBB3 is applicable
2025-09-18 12:43:54,935 [INFO] Rule:233 - rule 117617 - U5Cobra4M][GTZC] default value MPCBB3 and MPCBB5 - Not Secured memory - MPCBB3 is applicable
2025-09-18 12:43:54,936 [INFO] Rule:233 - rule 117617 - U5Cobra4M][GTZC] default value MPCBB3 and MPCBB5 - Not Secured memory - MPCBB4 is applicable
2025-09-18 12:43:54,936 [INFO] Rule:233 - rule 117617 - U5Cobra4M][GTZC] default value MPCBB3 and MPCBB5 - Not Secured memory - MPCBB4 is applicable
2025-09-18 12:43:54,936 [INFO] Rule:233 - rule 117617 - U5Cobra4M][GTZC] default value MPCBB3 and MPCBB5 - Secured memory - MPCBB1 is applicable
2025-09-18 12:43:54,936 [INFO] Rule:233 - rule 117617 - U5Cobra4M][GTZC] default value MPCBB3 and MPCBB5 - Secured memory - MPCBB2 is applicable
2025-09-18 12:43:54,936 [INFO] Rule:233 - rule 117617 - U5Cobra4M][GTZC] default value MPCBB3 and MPCBB5 - Secured memory - MPCBB3 is applicable
2025-09-18 12:43:54,936 [INFO] Rule:233 - rule 117617 - U5Cobra4M][GTZC] default value MPCBB3 and MPCBB5 - Secured memory - MPCBB4 is applicable
2025-09-18 12:43:54,936 [INFO] Rule:233 - rule 117617 - U5Cobra4M][GTZC] default value MPCBB3 and MPCBB5 - Privileged memory - MPCBB1 is applicable
2025-09-18 12:43:54,936 [INFO] Rule:233 - rule 117617 - U5Cobra4M][GTZC] default value MPCBB3 and MPCBB5 - Privileged memory - MPCBB2 is applicable
2025-09-18 12:43:54,936 [INFO] Rule:233 - rule 117617 - U5Cobra4M][GTZC] default value MPCBB3 and MPCBB5 - Privileged memory - MPCBB3 is applicable
2025-09-18 12:43:54,936 [INFO] Rule:233 - rule 117617 - U5Cobra4M][GTZC] default value MPCBB3 and MPCBB5 - Privileged memory - MPCBB4 is applicable
2025-09-18 12:43:54,936 [INFO] Rule:233 - rule 117617 - U5Cobra4M][GTZC] default value MPCBB3 and MPCBB5 - Not Privileged memory - MPCBB1 is applicable
2025-09-18 12:43:54,936 [INFO] Rule:233 - rule 117617 - U5Cobra4M][GTZC] default value MPCBB3 and MPCBB5 - Not Privileged memory - MPCBB2 is applicable
2025-09-18 12:43:54,936 [INFO] Rule:233 - rule 117617 - U5Cobra4M][GTZC] default value MPCBB3 and MPCBB5 - Not Privileged memory - MPCBB3 is applicable
2025-09-18 12:43:54,936 [INFO] Rule:233 - rule 117617 - U5Cobra4M][GTZC] default value MPCBB3 and MPCBB5 - Not Privileged memory - MPCBB4 is applicable
2025-09-18 12:43:54,937 [INFO] Rule:233 - rule 117617 - U5Cobra4M][GTZC] default value MPCBB3 and MPCBB5 - Privileged memory - MPCBB1 is applicable
2025-09-18 12:43:54,937 [INFO] Rule:233 - rule 117617 - U5Cobra4M][GTZC] default value MPCBB3 and MPCBB5 - Privileged memory - MPCBB2 is applicable
2025-09-18 12:43:54,937 [INFO] Rule:233 - rule 117617 - U5Cobra4M][GTZC] default value MPCBB3 and MPCBB5 - Privileged memory - MPCBB3 is applicable
2025-09-18 12:43:54,937 [INFO] Rule:233 - rule 117617 - U5Cobra4M][GTZC] default value MPCBB3 and MPCBB5 - Privileged memory - MPCBB4 is applicable
2025-09-18 12:43:54,937 [INFO] Rule:233 - rule 117617 - U5Cobra4M][GTZC] default value MPCBB3 and MPCBB5 - Privileged memory - MPCBB1 is applicable
2025-09-18 12:43:54,937 [INFO] Rule:233 - rule 117617 - U5Cobra4M][GTZC] default value MPCBB3 and MPCBB5 - Privileged memory - MPCBB2 is applicable
2025-09-18 12:43:54,937 [INFO] Rule:233 - rule 117617 - U5Cobra4M][GTZC] default value MPCBB3 and MPCBB5 - Privileged memory - MPCBB3 is applicable
2025-09-18 12:43:54,937 [INFO] Rule:233 - rule 117617 - U5Cobra4M][GTZC] default value MPCBB3 and MPCBB5 - Privileged memory - MPCBB4 is applicable
2025-09-18 12:43:54,937 [INFO] Rule:233 - rule 117617 - U5Cobra4M][GTZC] default value MPCBB3 and MPCBB5 - Not Privileged memory - MPCBB1 is applicable
2025-09-18 12:43:54,937 [INFO] Rule:233 - rule 117617 - U5Cobra4M][GTZC] default value MPCBB3 and MPCBB5 - Not Privileged memory - MPCBB2 is applicable
2025-09-18 12:43:54,937 [INFO] Rule:233 - rule 117617 - U5Cobra4M][GTZC] default value MPCBB3 and MPCBB5 - Not Privileged memory - MPCBB3 is applicable
2025-09-18 12:43:54,937 [INFO] Rule:233 - rule 117617 - U5Cobra4M][GTZC] default value MPCBB3 and MPCBB5 - Not Privileged memory - MPCBB4 is applicable
2025-09-18 12:43:54,937 [INFO] Rule:233 - rule 117617 - U5Cobra4M][GTZC] default value MPCBB3 and MPCBB5 - Privileged memory - MPCBB1 is applicable
2025-09-18 12:43:54,937 [INFO] Rule:233 - rule 117617 - U5Cobra4M][GTZC] default value MPCBB3 and MPCBB5 - Privileged memory - MPCBB2 is applicable
2025-09-18 12:43:54,937 [INFO] Rule:233 - rule 117617 - U5Cobra4M][GTZC] default value MPCBB3 and MPCBB5 - Privileged memory - MPCBB3 is applicable
2025-09-18 12:43:54,937 [INFO] Rule:233 - rule 117617 - U5Cobra4M][GTZC] default value MPCBB3 and MPCBB5 - Privileged memory - MPCBB4 is applicable
2025-09-18 12:43:54,937 [INFO] Rule:233 - rule Rename SubGHz_Phy SUBGHZ_APPLICATION SUBGHZ_PINGPONG to SUBGHZ_ADV_APPLICATION is applicable
2025-09-18 12:43:54,937 [INFO] Rule:233 - rule Rename Enabled to IBEACON is applicable
2025-09-18 12:43:54,937 [INFO] Rule:233 - rule GTZC_S instance for project manager is applicable
2025-09-18 12:43:54,937 [INFO] Rule:233 - rule GTZC_S instance for context M33S is applicable
2025-09-18 12:43:54,937 [INFO] Rule:233 - rule GTZC_S instance value for IP GTZC is applicable
2025-09-18 12:43:54,937 [INFO] Rule:233 - rule GTZC_S instance for mcu.IP is applicable
2025-09-18 12:43:54,937 [INFO] Rule:233 - rule GTZC_S instance for VP is applicable
2025-09-18 12:43:54,937 [INFO] Rule:233 - rule GTZC_S instance for signal is applicable
2025-09-18 12:43:54,937 [INFO] Rule:233 - rule GTZC_S instance for mcu.Pin is applicable
2025-09-18 12:43:54,937 [INFO] Rule:233 - rule GTZC_S instance for VP is applicable
2025-09-18 12:43:54,937 [INFO] Rule:233 - rule GTZC_S instance for signal is applicable
2025-09-18 12:43:54,937 [INFO] Rule:233 - rule GTZC_S instance for mcu is applicable
2025-09-18 12:43:54,937 [INFO] Rule:233 - rule GTZC_S instance for mcu.Pin is applicable
2025-09-18 12:43:54,937 [INFO] Rule:233 - rule GTZC_S instance value for IP GTZC is applicable
2025-09-18 12:43:54,937 [INFO] Rule:233 - rule GTZC_S instance for project manager is applicable
2025-09-18 12:43:54,937 [INFO] Rule:233 - rule GTZC_S instance for context M33S is applicable
2025-09-18 12:43:54,937 [INFO] Rule:233 - rule GTZC_S instance for VP is applicable
2025-09-18 12:43:54,937 [INFO] Rule:233 - rule GTZC_S instance for signal is applicable
2025-09-18 12:43:54,937 [INFO] Rule:233 - rule WakeUp0 Mode is applicable
2025-09-18 12:43:54,937 [INFO] Rule:233 - rule WakeUp0 SIGNAL is applicable
2025-09-18 12:43:54,937 [INFO] Rule:233 - rule WakeUp1 Mode is applicable
2025-09-18 12:43:54,937 [INFO] Rule:233 - rule WakeUp1 SIGNAL is applicable
2025-09-18 12:43:54,937 [INFO] Rule:233 - rule WakeUp2 Mode is applicable
2025-09-18 12:43:54,937 [INFO] Rule:233 - rule WakeUp2 SIGNAL is applicable
2025-09-18 12:43:54,937 [INFO] Rule:233 - rule WakeUp4 Mode is applicable
2025-09-18 12:43:54,938 [INFO] Rule:233 - rule WakeUp4 SIGNAL is applicable
2025-09-18 12:43:54,938 [INFO] Rule:233 - rule WakeUp5 Mode is applicable
2025-09-18 12:43:54,938 [INFO] Rule:233 - rule WakeUp5 SIGNAL is applicable
2025-09-18 12:43:54,938 [INFO] Rule:233 - rule Change Default Value for LSE Drive Capability for WB family is applicable
2025-09-18 12:43:54,938 [INFO] Rule:233 - rule Change Default Value for ADC Clock Prescaler G0 family is applicable
2025-09-18 12:43:54,938 [INFO] Rule:233 - rule Change USART1CLockSelection refparam name for MP1 is applicable
2025-09-18 12:43:54,938 [INFO] Rule:233 - rule Change USART2CLockSelection refparam name for MP1 is applicable
2025-09-18 12:43:54,938 [INFO] Rule:233 - rule Change USART3CLockSelection refparam name for MP1 is applicable
2025-09-18 12:43:54,938 [INFO] Rule:233 - rule Change UART4CLockSelection refparam name for MP1 is applicable
2025-09-18 12:43:54,938 [INFO] Rule:233 - rule Change UART5CLockSelection refparam name for MP1 is applicable
2025-09-18 12:43:54,938 [INFO] Rule:233 - rule Change LPUART1CLockSelection refparam name for MP1 is applicable
2025-09-18 12:43:54,938 [INFO] Rule:233 - rule Change LPTIM1CLockSelection refparam name for MP1 is applicable
2025-09-18 12:43:54,938 [INFO] Rule:233 - rule Change LPTIM2CLockSelection refparam name for MP1 is applicable
2025-09-18 12:43:54,938 [INFO] Rule:233 - rule Change RCC_MCO1Source refparam name for MP1 is applicable
2025-09-18 12:43:54,938 [INFO] Rule:233 - rule Change LSCOSource1 refparam name for MP1 is applicable
2025-09-18 12:43:54,938 [INFO] Rule:233 - rule Change SMPSCLockSelection refparam name for MP1 is applicable
2025-09-18 12:43:54,938 [INFO] Rule:233 - rule Change LPTIM3CLockSelection refparam name for MP1 is applicable
2025-09-18 12:43:54,938 [INFO] Rule:233 - rule Change MPCBB* Default Template Mode to Parameters is applicable
2025-09-18 12:43:54,938 [INFO] Rule:233 - rule Change MPCWM* or MPCBB* Secure Mode to Parameters is applicable
2025-09-18 12:43:54,938 [INFO] Rule:233 - rule Change MPCWM* or MPCBB* No Secure Mode to Parameters is applicable
2025-09-18 12:43:54,938 [INFO] Rule:233 - rule Change TZSC IP Secure Mode to Parameters is applicable
2025-09-18 12:43:54,938 [INFO] Rule:233 - rule Change TZSC IP No Secure Mode to Parameters is applicable
2025-09-18 12:43:54,938 [INFO] Rule:233 - rule Change TZSC IP Privilege Mode to Parameters is applicable
2025-09-18 12:43:54,938 [INFO] Rule:233 - rule Change TZSC IP No Privilege Mode to Parameters is applicable
2025-09-18 12:43:54,938 [INFO] Rule:233 - rule Change TZIC IT Secure Mode to Parameters is applicable
2025-09-18 12:43:54,938 [INFO] Rule:233 - rule Change TZIC IT No Secure Mode to Parameters is applicable
2025-09-18 12:43:54,938 [INFO] Rule:233 - rule Add MPCBB1_NonSecureArea_Start_Address value with referenced to MPCBB1_NonSecureArea_Start value is applicable
2025-09-18 12:43:54,938 [INFO] Rule:233 - rule Add MPCBB2_NonSecureArea_Start_Address value with referenced to MPCBB2_NonSecureArea_Start value is applicable
2025-09-18 12:43:54,938 [INFO] Rule:233 - rule Add MPCWM1_NonSecureArea*_Start_Address value with referenced to MPCWM1_NonSecureArea*_Start value is applicable
2025-09-18 12:43:54,938 [INFO] Rule:233 - rule Add MPCWM2_NonSecureArea*_Start_Address value with referenced to MPCWM2_NonSecureArea*_Start value is applicable
2025-09-18 12:43:54,938 [INFO] Rule:233 - rule Add MPCWM3_NonSecureArea_Start_Address value with referenced to MPCWM3_NonSecureArea_Start value is applicable
2025-09-18 12:43:54,938 [INFO] Rule:233 - rule Change Default Value for PLL1UserDefinedConfig is applicable
2025-09-18 12:43:54,938 [INFO] Rule:233 - rule OPAMP is applicable
2025-09-18 12:43:54,939 [INFO] Rule:233 - rule LPUART IPParameter rename Prescaler parameter to ClockPrescaler for STM32H7 is applicable
2025-09-18 12:43:54,939 [INFO] Rule:233 - rule LPUART IPParameter rename Prescaler parameter to ClockPrescaler for STM32H7 is applicable
2025-09-18 12:43:54,939 [INFO] Rule:233 - rule LPUART IPParameter rename Prescaler parameter to ClockPrescaler for STM32WB is applicable
2025-09-18 12:43:54,939 [INFO] Rule:233 - rule LPUART IPParameter rename Prescaler parameter to ClockPrescaler for STM32WB is applicable
2025-09-18 12:43:54,939 [INFO] Rule:233 - rule LPUART IPParameter rename Prescaler parameter to ClockPrescaler for STM32G4 is applicable
2025-09-18 12:43:54,939 [INFO] Rule:233 - rule LPUART IPParameter rename Prescaler parameter to ClockPrescaler for STM32G4 is applicable
2025-09-18 12:43:54,939 [INFO] Rule:233 - rule LPUART IPParameter rename Prescaler parameter to ClockPrescaler for STM32L5 is applicable
2025-09-18 12:43:54,939 [INFO] Rule:233 - rule LPUART IPParameter rename Prescaler parameter to ClockPrescaler for STM32L5 is applicable
2025-09-18 12:43:54,939 [INFO] Rule:233 - rule LPUART IPParameter rename Prescaler parameter to ClockPrescaler for STM32G4 is applicable
2025-09-18 12:43:54,939 [INFO] Rule:233 - rule LPUART IPParameter rename Prescaler parameter to ClockPrescaler for STM32G4 is applicable
2025-09-18 12:43:54,939 [INFO] Rule:233 - rule USB device lib V2.5.3 for L0 rename USBD_SUPPORT_USER_STRING parameter to USBD_SUPPORT_USER_STRING_DESC4 is applicable
2025-09-18 12:43:54,939 [INFO] Rule:233 - rule I2SCLockSelection clock entry align is applicable
2025-09-18 12:43:54,939 [INFO] Rule:233 - rule Assign TIMx context if used as SYS timebase is applicable
2025-09-18 12:43:54,939 [INFO] Rule:233 - rule Change GPIO_Pu Default Value for I2C is applicable
2025-09-18 12:43:54,939 [INFO] Rule:233 - rule Change GPIO_Pu Default Value for SMBus is applicable
2025-09-18 12:43:54,939 [INFO] Rule:233 - rule change FDCAN default value is applicable
2025-09-18 12:43:54,939 [INFO] Rule:233 - rule Rename STM32WPAN CFG_BLE_IRK to CFG_BLE_IR is applicable
2025-09-18 12:43:54,939 [INFO] Rule:233 - rule Rename STM32WPAN CFG_BLE_ERK to CFG_BLE_ER is applicable
2025-09-18 12:43:54,939 [INFO] Rule:233 - rule Rename STM32WPAN CFG_BLE_IRK_HEX to CFG_BLE_IR_HEX is applicable
2025-09-18 12:43:54,939 [INFO] Rule:233 - rule Rename STM32WPAN CFG_BLE_ERK_HEX to CFG_BLE_ER_HEX is applicable
2025-09-18 12:43:54,939 [INFO] Rule:233 - rule Adapt Old IOC before rework replace old CORTEX_M33/CORTEX_M55 attributes by the new one. is applicable
2025-09-18 12:43:54,939 [INFO] Rule:233 - rule Rename parametre of RCC RCC_APBDBG_DIV2 to RCC_TIMPRES_DIV2 is applicable
2025-09-18 12:43:54,939 [INFO] Rule:233 - rule Rename DIE493 pin PA10 [PA12] -> PA10 is applicable
2025-09-18 12:43:54,939 [INFO] Rule:233 - rule Rename DIE493 pin PA9 [PA11] -> PA9 is applicable
2025-09-18 12:43:54,939 [INFO] Rule:233 - rule Rename DIE492 PartNumber CPN STM32WBA5MJGHx -> STM32WBA5MMGHx is applicable
2025-09-18 12:43:54,939 [INFO] Rule:233 - rule Rename DIE492 PartNumber  Name STM32WBA5MJGHx -> STM32WBA5MMGHx is applicable
2025-09-18 12:43:54,939 [INFO] Rule:233 - rule Rename DIE492 PartNumber UserName STM32WBA5MJGHx -> STM32WBA5MMGHx is applicable
2025-09-18 12:43:54,939 [INFO] Rule:233 - rule Rename DIE492 PartNumber DeviceId STM32WBA5MJGHx -> STM32WBA5MMGHx is applicable
2025-09-18 12:43:54,939 [INFO] Rule:233 - rule Adapt Old IOC CSI. is applicable
2025-09-18 12:43:54,939 [INFO] Rule:233 - rule Adapt Old IOC DCMIPP. is applicable
2025-09-18 12:43:54,939 [INFO] Rule:233 - rule Adapt Old IOC DCMIPP Mode Parallel. is applicable
2025-09-18 12:43:54,939 [INFO] Rule:233 - rule Adapt Old IOC LTDC. is applicable
2025-09-18 12:43:54,939 [INFO] Rule:233 - rule Rename STM32MP2 RIF Peripheral LTDC RIF.RISUP.LTDC_L0L1.Privilege -> RIF.RISUP.LTDC_L1L2.Privilege is applicable
2025-09-18 12:43:54,939 [INFO] Rule:233 - rule Rename STM32MP2 RIF Peripheral LTDC RIF.RISUP.LTDC_L0L1.Privilege -> RIF.RISUP.LTDC_L1L2.Privilege is applicable
2025-09-18 12:43:54,939 [INFO] Rule:233 - rule Rename STM32MP2 RIF Peripheral LTDC RIF.RISUP.LTDC_L0L1.Lock -> RIF.RISUP.LTDC_L1L2.Lock is applicable
2025-09-18 12:43:54,939 [INFO] Rule:233 - rule Rename STM32MP2 RIF Peripheral LTDC RIF.RISUP.LTDC_L2.Lock -> RIF.RISUP.LTDC_L3.Lock is applicable
2025-09-18 12:43:54,939 [INFO] Rule:233 - rule Adapt the old IOC example for updating the SYS when it is misconfigured. is applicable
2025-09-18 12:43:54,939 [INFO] Rule:233 - rule Rename STM32C09 Mcu.Package LQFP64 -> LQFP48 is applicable
2025-09-18 12:43:54,939 [INFO] Rule:233 - rule Adapt the old IOC example for updating the SYS when it is misconfigured. is applicable
2025-09-18 12:43:54,939 [INFO] Rule:233 - rule Adapt the old IOC example for updating the SYS when it is misconfigured. is applicable
2025-09-18 12:43:54,943 [INFO] DbConfProperties:307 - Apply Compatibility (7/134 Rules)
2025-09-18 12:43:54,970 [INFO] ImportTextPane:234 - (OptionalMessage_ERROR) Pin30 (VP_RIF_VS_RIF1) cannot be retrieved for this MCU
2025-09-18 12:43:55,044 [INFO] RtosManager:558 - Registered RTOS mode: class=CMSIS, group=RTOS, mode=CMSIS_V1, owner=FREERTOS
2025-09-18 12:43:55,044 [INFO] RtosManager:558 - Registered RTOS mode: class=CMSIS, group=RTOS2, mode=CMSIS_V2, owner=FREERTOS
2025-09-18 12:43:55,044 [INFO] RtosManager:558 - Registered RTOS mode: class=RTOS, group=Core, mode=CMSIS_V1, owner=FREERTOS
2025-09-18 12:43:55,044 [INFO] RtosManager:558 - Registered RTOS mode: class=RTOS, group=Core, mode=CMSIS_V2, owner=FREERTOS
2025-09-18 12:43:55,044 [WARN] ModelIntegratedComponent:184 - Missing modes for component STMicroelectronics:FreeRTOS:0.0.1:STMicroelectronics:RTOS:FreeRTOS:Core:::10.2.0:
2025-09-18 12:43:55,057 [WARN] ModelIntegratedComponent:63 - No mode defined for component null
2025-09-18 12:43:55,057 [WARN] ModelIntegratedComponent:63 - No mode defined for component null
2025-09-18 12:43:55,057 [WARN] ModelIntegratedComponent:63 - No mode defined for component null
2025-09-18 12:43:55,057 [WARN] ModelIntegratedComponent:63 - No mode defined for component null
2025-09-18 12:43:55,057 [WARN] ModelIntegratedComponent:63 - No mode defined for component null
2025-09-18 12:43:55,057 [WARN] ModelIntegratedComponent:63 - No mode defined for component null
2025-09-18 12:43:55,057 [WARN] ModelIntegratedComponent:63 - No mode defined for component null
2025-09-18 12:43:55,057 [WARN] ModelIntegratedComponent:63 - No mode defined for component null
2025-09-18 12:43:55,057 [WARN] ModelIntegratedComponent:63 - No mode defined for component null
2025-09-18 12:43:55,057 [WARN] ModelIntegratedComponent:63 - No mode defined for component null
2025-09-18 12:43:55,057 [WARN] ModelIntegratedComponent:63 - No mode defined for component null
2025-09-18 12:43:55,057 [WARN] ModelIntegratedComponent:63 - No mode defined for component null
2025-09-18 12:43:55,057 [WARN] ModelIntegratedComponent:63 - No mode defined for component null
2025-09-18 12:43:55,057 [WARN] ModelIntegratedComponent:63 - No mode defined for component null
2025-09-18 12:43:55,057 [WARN] ModelIntegratedComponent:63 - No mode defined for component null
2025-09-18 12:43:55,057 [WARN] ModelIntegratedComponent:63 - No mode defined for component null
2025-09-18 12:43:55,057 [WARN] ModelIntegratedComponent:63 - No mode defined for component null
2025-09-18 12:43:55,057 [WARN] ModelIntegratedComponent:63 - No mode defined for component null
2025-09-18 12:43:55,057 [WARN] ModelIntegratedComponent:63 - No mode defined for component null
2025-09-18 12:43:55,057 [WARN] ModelIntegratedComponent:63 - No mode defined for component null
2025-09-18 12:43:55,057 [WARN] ModelIntegratedComponent:63 - No mode defined for component null
2025-09-18 12:43:55,057 [WARN] ModelIntegratedComponent:63 - No mode defined for component null
2025-09-18 12:43:55,057 [WARN] ModelIntegratedComponent:63 - No mode defined for component null
2025-09-18 12:43:55,057 [WARN] ModelIntegratedComponent:63 - No mode defined for component null
2025-09-18 12:43:55,057 [WARN] ModelIntegratedComponent:63 - No mode defined for component null
2025-09-18 12:43:55,057 [WARN] ModelIntegratedComponent:63 - No mode defined for component null
2025-09-18 12:43:55,057 [WARN] ModelIntegratedComponent:63 - No mode defined for component null
2025-09-18 12:43:55,057 [WARN] ModelIntegratedComponent:63 - No mode defined for component null
2025-09-18 12:43:55,057 [WARN] ModelIntegratedComponent:63 - No mode defined for component null
2025-09-18 12:43:55,057 [WARN] ModelIntegratedComponent:63 - No mode defined for component null
2025-09-18 12:43:55,057 [WARN] ModelIntegratedComponent:63 - No mode defined for component null
2025-09-18 12:43:55,057 [WARN] ModelIntegratedComponent:63 - No mode defined for component null
2025-09-18 12:43:55,057 [WARN] ModelIntegratedComponent:63 - No mode defined for component null
2025-09-18 12:43:55,057 [WARN] ModelIntegratedComponent:63 - No mode defined for component null
2025-09-18 12:43:55,057 [WARN] ModelIntegratedComponent:63 - No mode defined for component null
2025-09-18 12:43:55,058 [WARN] ModelPack:524 - Component already loaded: STMicroelectronics:HAL Drivers:0.0.0:STMicroelectronics:Device:STMicro_Driver:XSPI:HAL::0.0.1:HAL_XSPI
2025-09-18 12:43:55,117 [INFO] ThirdPartyModel:298 - Start build external matchings
2025-09-18 12:43:55,419 [INFO] ThirdPartyModel:316 - End build external matchings
2025-09-18 12:43:55,430 [WARN] IP:2250 - Warning not found: check if there is a RefParameter without a condition.
2025-09-18 12:43:55,430 [WARN] IP:2250 - RxBufferAddress not found: check if there is a RefParameter without a condition.
2025-09-18 12:43:55,431 [WARN] IP:2250 - DESC_SIZE_UNIT not found: check if there is a RefParameter without a condition.
2025-09-18 12:43:55,431 [INFO] ImportTextPane:234 - (OptionalMessage_ERROR) IP (ETH) : Invalid parameter (PHY_Name)
2025-09-18 12:43:55,431 [INFO] ImportTextPane:234 - (OptionalMessage_ERROR) IP (ETH) : Invalid parameter (PHY_Value)
2025-09-18 12:43:55,431 [INFO] ImportTextPane:234 - (OptionalMessage_ERROR) IP (ETH) : Invalid parameter (PhyAddress)
2025-09-18 12:43:55,432 [INFO] ImportTextPane:234 - (OptionalMessage_ERROR) IP (RCC) : Invalid parameter (48MHZClocksFreq_Value)
2025-09-18 12:43:55,432 [INFO] ImportTextPane:234 - (OptionalMessage_ERROR) IP (RCC) : Invalid parameter (ADC12outputFreq_Value)
2025-09-18 12:43:55,432 [INFO] ImportTextPane:234 - (OptionalMessage_ERROR) IP (RCC) : Invalid parameter (ADC34outputFreq_Value)
2025-09-18 12:43:55,432 [INFO] ImportTextPane:234 - (OptionalMessage_ERROR) IP (RCC) : Invalid parameter (FamilyName)
2025-09-18 12:43:55,432 [INFO] ImportTextPane:234 - (OptionalMessage_ERROR) IP (RCC) : Invalid parameter (I2SClocksFreq_Value)
2025-09-18 12:43:55,432 [INFO] ImportTextPane:234 - (OptionalMessage_ERROR) IP (RCC) : Invalid parameter (LCDTFToutputFreq_Value)
2025-09-18 12:43:55,432 [INFO] ImportTextPane:234 - (OptionalMessage_ERROR) IP (RCC) : Invalid parameter (MCOFreq_Value)
2025-09-18 12:43:55,433 [INFO] ImportTextPane:234 - (OptionalMessage_ERROR) IP (RCC) : Invalid parameter (PLLMCOFreq_Value)
2025-09-18 12:43:55,433 [INFO] ImportTextPane:234 - (OptionalMessage_ERROR) IP (RCC) : Invalid parameter (PLLMUL)
2025-09-18 12:43:55,433 [INFO] ImportTextPane:234 - (OptionalMessage_ERROR) IP (RCC) : Invalid parameter (PRESCALERUSB)
2025-09-18 12:43:55,433 [INFO] ImportTextPane:234 - (OptionalMessage_ERROR) IP (RCC) : Invalid parameter (RTCHSEDivFreq_Value)
2025-09-18 12:43:55,433 [INFO] ImportTextPane:234 - (OptionalMessage_ERROR) IP (RCC) : Parameter (SDMMC2Freq_Value) has invalid value (96000000)
2025-09-18 12:43:55,433 [INFO] ImportTextPane:234 - (OptionalMessage_ERROR) IP (RCC) : Parameter (SDMMCFreq_Value) has invalid value (96000000)
2025-09-18 12:43:55,433 [INFO] ImportTextPane:234 - (OptionalMessage_ERROR) IP (RCC) : Invalid parameter (SYSCLKSourceVirtual)
2025-09-18 12:43:55,433 [INFO] ImportTextPane:234 - (OptionalMessage_ERROR) IP (RCC) : Invalid parameter (TIM15Freq_Value)
2025-09-18 12:43:55,433 [INFO] ImportTextPane:234 - (OptionalMessage_ERROR) IP (RCC) : Invalid parameter (TIM16Freq_Value)
2025-09-18 12:43:55,433 [INFO] ImportTextPane:234 - (OptionalMessage_ERROR) IP (RCC) : Invalid parameter (TIM17Freq_Value)
2025-09-18 12:43:55,433 [INFO] ImportTextPane:234 - (OptionalMessage_ERROR) IP (RCC) : Invalid parameter (TIM1Freq_Value)
2025-09-18 12:43:55,433 [INFO] ImportTextPane:234 - (OptionalMessage_ERROR) IP (RCC) : Invalid parameter (TIM20Freq_Value)
2025-09-18 12:43:55,433 [INFO] ImportTextPane:234 - (OptionalMessage_ERROR) IP (RCC) : Invalid parameter (TIM2Freq_Value)
2025-09-18 12:43:55,433 [INFO] ImportTextPane:234 - (OptionalMessage_ERROR) IP (RCC) : Invalid parameter (TIM3Freq_Value)
2025-09-18 12:43:55,434 [INFO] ImportTextPane:234 - (OptionalMessage_ERROR) IP (RCC) : Invalid parameter (TIM8Freq_Value)
2025-09-18 12:43:55,434 [INFO] ImportTextPane:234 - (OptionalMessage_ERROR) IP (RCC) : Invalid parameter (VCOOutput2Freq_Value)
2025-09-18 12:43:55,434 [INFO] ImportTextPane:234 - (OptionalMessage_ERROR) IP (RCC) : Invalid parameter (VcooutputI2S)
2025-09-18 12:43:55,770 [INFO] UtilMem:75 - End LoadConfig() Used Memory: 754945048 Bytes (1073741824)
2025-09-18 12:43:55,869 [WARN] ThirdParty:833 - waiting for thirdparty lock release [change project]
2025-09-18 12:43:55,869 [INFO] ThirdParty:835 - entering critical section [change project]
2025-09-18 12:43:55,869 [INFO] ThirdParty:1030 - CMSIS Pack Vendor :STMicroelectronics X-CUBE-PM33A1 1.0.0
2025-09-18 12:43:55,869 [INFO] ThirdParty:1030 - CMSIS Pack Vendor :STMicroelectronics USBPD 4.1
2025-09-18 12:43:55,869 [INFO] ThirdParty:1030 - CMSIS Pack Vendor :STMicroelectronics X-CUBE-NFC9 1.0.0
2025-09-18 12:43:55,869 [INFO] ThirdParty:1030 - CMSIS Pack Vendor :wolfSSL I-CUBE-wolfSSL 5.8.0
2025-09-18 12:43:55,869 [INFO] ThirdParty:1030 - CMSIS Pack Vendor :STMicroelectronics USB_HOST 2.0.0
2025-09-18 12:43:55,870 [INFO] ThirdParty:1030 - CMSIS Pack Vendor :STMicroelectronics FP-SNS-MOTENVWB1 1.4.0
2025-09-18 12:43:55,870 [INFO] ThirdParty:1030 - CMSIS Pack Vendor :STMicroelectronics X-CUBE-AZRTOS-F4 1.1.0
2025-09-18 12:43:55,870 [INFO] ThirdParty:1030 - CMSIS Pack Vendor :STMicroelectronics LIBJPEG 8.0.0
2025-09-18 12:43:55,870 [INFO] ThirdParty:1030 - CMSIS Pack Vendor :STMicroelectronics FP-ATR-ASTRA1 2.0.2
2025-09-18 12:43:55,870 [INFO] ThirdParty:1030 - CMSIS Pack Vendor :wolfSSL I-CUBE-wolfSSL 5.8.2
2025-09-18 12:43:55,870 [INFO] ThirdParty:1030 - CMSIS Pack Vendor :STMicroelectronics X-CUBE-BLE1 7.1.0
2025-09-18 12:43:55,870 [INFO] ThirdParty:1030 - CMSIS Pack Vendor :Avnet-IotConnect X-CUBE-IoTC-DA16k-PMOD 1.0.0
2025-09-18 12:43:55,870 [INFO] ThirdParty:1030 - CMSIS Pack Vendor :STMicroelectronics X-CUBE-SMBUS 2.1.0
2025-09-18 12:43:55,870 [INFO] ThirdParty:1030 - CMSIS Pack Vendor :wolfSSL I-CUBE-wolfMQTT 1.19.2
2025-09-18 12:43:55,870 [INFO] ThirdParty:1030 - CMSIS Pack Vendor :STMicroelectronics USB_DEVICE 3.0.0
2025-09-18 12:43:55,870 [INFO] ThirdParty:1030 - CMSIS Pack Vendor :STMicroelectronics X-CUBE-ISPU 2.1.0
2025-09-18 12:43:55,870 [INFO] ThirdParty:1030 - CMSIS Pack Vendor :STMicroelectronics X-CUBE-EEPRMA1 5.2.0
2025-09-18 12:43:55,870 [INFO] ThirdParty:1030 - CMSIS Pack Vendor :STMicroelectronics X-CUBE-BLEMGR 4.1.0
2025-09-18 12:43:55,870 [INFO] ThirdParty:1030 - CMSIS Pack Vendor :STMicroelectronics X-CUBE-AZRTOS-WB 2.0.0
2025-09-18 12:43:55,870 [INFO] ThirdParty:1030 - CMSIS Pack Vendor :STMicroelectronics X-CUBE-ST60 1.0.0
2025-09-18 12:43:55,870 [INFO] ThirdParty:1030 - CMSIS Pack Vendor :STMicroelectronics X-CUBE-GNSS1 7.0.1
2025-09-18 12:43:55,870 [INFO] ThirdParty:1030 - CMSIS Pack Vendor :STMicroelectronics X-CUBE-NFC12 1.0.0
2025-09-18 12:43:55,870 [INFO] ThirdParty:1030 - CMSIS Pack Vendor :STMicroelectronics X-CUBE-AZRTOS-F7 1.1.0
2025-09-18 12:43:55,870 [INFO] ThirdParty:1030 - CMSIS Pack Vendor :STMicroelectronics X-CUBE-AZRTOS-L5 2.0.0
2025-09-18 12:43:55,870 [INFO] ThirdParty:1030 - CMSIS Pack Vendor :STMicroelectronics X-CUBE-TOUCHGFX 4.25.0
2025-09-18 12:43:55,870 [INFO] ThirdParty:1030 - CMSIS Pack Vendor :STMicroelectronics USB_DEVICE 2.0.0
2025-09-18 12:43:55,870 [INFO] ThirdParty:1030 - CMSIS Pack Vendor :STMicroelectronics X-CUBE-NFC6 3.1.0
2025-09-18 12:43:55,870 [INFO] ThirdParty:1030 - CMSIS Pack Vendor :STMicroelectronics X-CUBE-AI 10.1.0
2025-09-18 12:43:55,870 [INFO] ThirdParty:1030 - CMSIS Pack Vendor :STMicroelectronics FP-SNS-STBOX1 2.0.0
2025-09-18 12:43:55,870 [INFO] ThirdParty:1030 - CMSIS Pack Vendor :quantropi X-CUBE-qispace-sdk-base 2.1.0
2025-09-18 12:43:55,870 [INFO] ThirdParty:1030 - CMSIS Pack Vendor :STMicroelectronics FreeRTOS 0.0.1
2025-09-18 12:43:55,870 [INFO] ThirdParty:1030 - CMSIS Pack Vendor :STMicroelectronics X-CUBE-AZRTOS-G0 1.1.0
2025-09-18 12:43:55,870 [INFO] ThirdParty:1030 - CMSIS Pack Vendor :STMicroelectronics X-CUBE-SAFEA1 1.2.2
2025-09-18 12:43:55,870 [INFO] ThirdParty:1030 - CMSIS Pack Vendor :STMicroelectronics X-CUBE-NFC4 3.0.0
2025-09-18 12:43:55,870 [INFO] ThirdParty:1030 - CMSIS Pack Vendor :STMicroelectronics X-CUBE-SUBG2 5.0.0
2025-09-18 12:43:55,870 [INFO] ThirdParty:1030 - CMSIS Pack Vendor :STMicroelectronics X-CUBE-AZRTOS-H7RS 1.1.0
2025-09-18 12:43:55,870 [INFO] ThirdParty:1030 - CMSIS Pack Vendor :STMicroelectronics STM32_WPAN 1.0.0
2025-09-18 12:43:55,870 [INFO] ThirdParty:1030 - CMSIS Pack Vendor :EmbeddedOffice I-CUBE-FS-RTOS 1.0.1
2025-09-18 12:43:55,870 [INFO] ThirdParty:1030 - CMSIS Pack Vendor :STMicroelectronics lwIP 2.0.3
2025-09-18 12:43:55,870 [INFO] ThirdParty:1030 - CMSIS Pack Vendor :Cesanta I-CUBE-Mongoose 7.13.0
2025-09-18 12:43:55,870 [INFO] ThirdParty:1030 - CMSIS Pack Vendor :STMicroelectronics USB_HOST 1.0.0
2025-09-18 12:43:55,870 [INFO] ThirdParty:1030 - CMSIS Pack Vendor :Infineon AIROC-Wi-Fi-Bluetooth-STM32 1.7.1
2025-09-18 12:43:55,870 [INFO] ThirdParty:1030 - CMSIS Pack Vendor :STMicroelectronics X-CUBE-AZRTOS-G4 2.0.0
2025-09-18 12:43:55,870 [INFO] ThirdParty:1030 - CMSIS Pack Vendor :STMicroelectronics X-CUBE-WB05N 2.0.0
2025-09-18 12:43:55,870 [INFO] ThirdParty:1030 - CMSIS Pack Vendor :STMicroelectronics PDM2PCM 3.1.0
2025-09-18 12:43:55,870 [INFO] ThirdParty:1030 - CMSIS Pack Vendor :STMicroelectronics PDM2PCM 3.3.0
2025-09-18 12:43:55,870 [INFO] ThirdParty:1030 - CMSIS Pack Vendor :wolfSSL I-CUBE-wolfTPM 3.8.0
2025-09-18 12:43:55,870 [INFO] ThirdParty:1030 - CMSIS Pack Vendor :STMicroelectronics X-CUBE-AZRTOS-H7 3.4.0
2025-09-18 12:43:55,870 [INFO] ThirdParty:1030 - CMSIS Pack Vendor :STMicroelectronics X-CUBE-DISPLAY 3.0.0
2025-09-18 12:43:55,870 [INFO] ThirdParty:1030 - CMSIS Pack Vendor :wolfSSL I-CUBE-wolfSSH 1.4.20
2025-09-18 12:43:55,870 [INFO] ThirdParty:1030 - CMSIS Pack Vendor :STMicroelectronics X-CUBE-NFC7 2.0.0
2025-09-18 12:43:55,870 [INFO] ThirdParty:1030 - CMSIS Pack Vendor :STMicroelectronics X-CUBE-TCPP 4.2.0
2025-09-18 12:43:55,870 [INFO] ThirdParty:1030 - CMSIS Pack Vendor :RealThread X-CUBE-RT-Thread_Nano 4.1.1
2025-09-18 12:43:55,870 [INFO] ThirdParty:1030 - CMSIS Pack Vendor :STMicroelectronics FP-ATR-SIGFOX1 3.2.0
2025-09-18 12:43:55,870 [INFO] ThirdParty:1030 - CMSIS Pack Vendor :STMicroelectronics X-CUBE-NFC10 1.0.0
2025-09-18 12:43:55,870 [INFO] ThirdParty:1030 - CMSIS Pack Vendor :STMicroelectronics X-CUBE-FREERTOS 1.3.1
2025-09-18 12:43:55,870 [INFO] ThirdParty:1030 - CMSIS Pack Vendor :STMicroelectronics HAL Drivers 0.0.0
2025-09-18 12:43:55,871 [INFO] ThirdParty:1030 - CMSIS Pack Vendor :STMicroelectronics MBEDTLS 2.16.2
2025-09-18 12:43:55,871 [INFO] ThirdParty:1030 - CMSIS Pack Vendor :STMicroelectronics X-CUBE-IPS 3.1.0
2025-09-18 12:43:55,871 [INFO] ThirdParty:1030 - CMSIS Pack Vendor :STMicroelectronics X-CUBE-ALS 1.0.2
2025-09-18 12:43:55,871 [INFO] ThirdParty:1030 - CMSIS Pack Vendor :emotas I-CUBE-CANOPEN 1.3.0
2025-09-18 12:43:55,871 [INFO] ThirdParty:1030 - CMSIS Pack Vendor :STMicroelectronics MBEDTLS 2.14.1
2025-09-18 12:43:55,871 [INFO] ThirdParty:1030 - CMSIS Pack Vendor :ITTIA_DB I-CUBE-ITTIADB 8.9.0
2025-09-18 12:43:55,871 [INFO] ThirdParty:1030 - CMSIS Pack Vendor :STMicroelectronics X-CUBE-STSE01 1.0.0
2025-09-18 12:43:55,871 [INFO] ThirdParty:1030 - CMSIS Pack Vendor :portGmbH I-Cube-SoM-uGOAL 1.1.0
2025-09-18 12:43:55,871 [INFO] ThirdParty:1030 - CMSIS Pack Vendor :STMicroelectronics X-CUBE-ST67W61 1.0.0
2025-09-18 12:43:55,871 [INFO] ThirdParty:1030 - CMSIS Pack Vendor :STMicroelectronics FP-SNS-STBOX1 2.1.0
2025-09-18 12:43:55,871 [INFO] ThirdParty:1030 - CMSIS Pack Vendor :STMicroelectronics X-CUBE-AI 10.2.0
2025-09-18 12:43:55,871 [INFO] ThirdParty:1030 - CMSIS Pack Vendor :STMicroelectronics FP-SNS-STAIOTCFT 1.0.0
2025-09-18 12:43:55,871 [INFO] ThirdParty:1030 - CMSIS Pack Vendor :STMicroelectronics ThreadX 1.0.0
2025-09-18 12:43:55,871 [INFO] ThirdParty:1030 - CMSIS Pack Vendor :STMicroelectronics FP-SNS-SMARTAG2 1.2.0
2025-09-18 12:43:55,871 [INFO] ThirdParty:1030 - CMSIS Pack Vendor :STMicroelectronics FP-SNS-FLIGHT1 5.1.0
2025-09-18 12:43:55,871 [INFO] ThirdParty:1030 - CMSIS Pack Vendor :STMicroelectronics X-CUBE-AZRTOS-WL 2.0.0
2025-09-18 12:43:55,871 [INFO] ThirdParty:1030 - CMSIS Pack Vendor :SEGGER I-CUBE-embOS 1.3.1
2025-09-18 12:43:55,871 [INFO] ThirdParty:1030 - CMSIS Pack Vendor :STMicroelectronics X-CUBE-ALGOBUILD 1.4.0
2025-09-18 12:43:55,871 [INFO] ThirdParty:1030 - CMSIS Pack Vendor :STMicroelectronics X-CUBE-DPower 1.3.0
2025-09-18 12:43:55,871 [INFO] ThirdParty:1030 - CMSIS Pack Vendor :STMicroelectronics X-CUBE-MEMS1 11.3.0
2025-09-18 12:43:55,871 [INFO] ThirdParty:1030 - CMSIS Pack Vendor :STMicroelectronics FP-SNS-MOTENV1 5.0.0
2025-09-18 12:43:55,871 [INFO] ThirdParty:1030 - CMSIS Pack Vendor :STMicroelectronics USB_DEVICE 1.0.0
2025-09-18 12:43:55,871 [INFO] ThirdParty:1030 - CMSIS Pack Vendor :STMicroelectronics X-CUBE-AZRTOS-L4 2.0.0
2025-09-18 12:43:55,871 [INFO] ThirdParty:1030 - CMSIS Pack Vendor :STMicroelectronics ThreadX 0.0.2
2025-09-18 12:43:55,871 [INFO] ThirdParty:1030 - CMSIS Pack Vendor :WES I-CUBE-Cesium 1.3.0
2025-09-18 12:43:55,871 [INFO] ThirdParty:1030 - CMSIS Pack Vendor :STMicroelectronics lwIP 2.1.2
2025-09-18 12:43:55,871 [INFO] ThirdParty:1030 - CMSIS Pack Vendor :STMicroelectronics X-CUBE-SFXS2LP1 4.0.0
2025-09-18 12:43:55,871 [INFO] ThirdParty:1030 - CMSIS Pack Vendor :STMicroelectronics X-CUBE-BLE2 3.3.0
2025-09-18 12:43:55,871 [INFO] ThirdParty:1030 - CMSIS Pack Vendor :STMicroelectronics X-CUBE-TOF1 3.4.3
2025-09-18 12:43:55,871 [INFO] ThirdParty:1030 - CMSIS Pack Vendor :STMicroelectronics PDM2PCM 3.2.0
2025-09-18 12:43:55,871 [INFO] ThirdParty:841 - exiting critical section [change project]
2025-09-18 12:43:56,211 [INFO] PinOutPanel:1589 - setPackage(No Configuration,No Configuration)
2025-09-18 12:43:56,212 [INFO] PinOutPanel:1589 - setPackage(STM32F767ZITx,LQFP144)
2025-09-18 12:43:56,703 [INFO] UtilMem:75 - Before build in PCC Used Memory: 858414080 Bytes (1073741824)
2025-09-18 12:43:57,334 [INFO] UtilMem:75 - After build in PCC Used Memory: 772543752 Bytes (1073741824)
2025-09-18 12:43:57,359 [INFO] IPUIPlugin:80 - create IPUIPlugin
2025-09-18 12:43:57,359 [INFO] IPUIPlugin:80 - create IPUIPlugin
2025-09-18 12:43:57,359 [INFO] IPUIPlugin:80 - create IPUIPlugin
2025-09-18 12:43:57,359 [INFO] IPUIPlugin:80 - create IPUIPlugin
2025-09-18 12:43:57,359 [INFO] IPUIPlugin:80 - create IPUIPlugin
2025-09-18 12:43:57,359 [INFO] IPUIPlugin:80 - create IPUIPlugin
2025-09-18 12:43:57,359 [INFO] IPUIPlugin:80 - create IPUIPlugin
2025-09-18 12:43:57,359 [INFO] IPUIPlugin:80 - create IPUIPlugin
2025-09-18 12:43:57,359 [INFO] IPUIPlugin:80 - create IPUIPlugin
2025-09-18 12:43:57,359 [INFO] IPUIPlugin:80 - create IPUIPlugin
2025-09-18 12:43:57,359 [INFO] IPUIPlugin:80 - create IPUIPlugin
2025-09-18 12:43:57,360 [INFO] IPUIPlugin:80 - create IPUIPlugin
2025-09-18 12:43:57,360 [INFO] IPUIPlugin:80 - create IPUIPlugin
2025-09-18 12:43:57,360 [INFO] IPUIPlugin:80 - create IPUIPlugin
2025-09-18 12:43:57,360 [INFO] IPUIPlugin:80 - create IPUIPlugin
2025-09-18 12:43:57,360 [INFO] IPUIPlugin:80 - create IPUIPlugin
2025-09-18 12:43:57,360 [INFO] IPUIPlugin:80 - create IPUIPlugin
2025-09-18 12:43:57,360 [INFO] IPUIPlugin:80 - create IPUIPlugin
2025-09-18 12:43:57,360 [INFO] IPUIPlugin:80 - create IPUIPlugin
2025-09-18 12:43:57,360 [INFO] IPUIPlugin:80 - create IPUIPlugin
2025-09-18 12:43:57,360 [INFO] IPUIPlugin:80 - create IPUIPlugin
2025-09-18 12:43:57,360 [INFO] IPUIPlugin:80 - create IPUIPlugin
2025-09-18 12:43:57,360 [INFO] IPUIPlugin:80 - create IPUIPlugin
2025-09-18 12:43:57,360 [INFO] IPUIPlugin:80 - create IPUIPlugin
2025-09-18 12:43:57,360 [INFO] IPUIPlugin:80 - create IPUIPlugin
2025-09-18 12:43:57,360 [INFO] IPUIPlugin:80 - create IPUIPlugin
2025-09-18 12:43:57,360 [INFO] IPUIPlugin:80 - create IPUIPlugin
2025-09-18 12:43:57,360 [INFO] IPUIPlugin:80 - create IPUIPlugin
2025-09-18 12:43:57,361 [INFO] IPUIPlugin:80 - create IPUIPlugin
2025-09-18 12:43:57,361 [INFO] IPUIPlugin:80 - create IPUIPlugin
2025-09-18 12:43:57,361 [INFO] IPUIPlugin:80 - create IPUIPlugin
2025-09-18 12:43:57,361 [INFO] IPUIPlugin:80 - create IPUIPlugin
2025-09-18 12:43:57,361 [INFO] IPUIPlugin:80 - create IPUIPlugin
2025-09-18 12:43:57,361 [INFO] IPUIPlugin:80 - create IPUIPlugin
2025-09-18 12:43:57,361 [INFO] IPUIPlugin:80 - create IPUIPlugin
2025-09-18 12:43:57,361 [INFO] IPUIPlugin:80 - create IPUIPlugin
2025-09-18 12:43:57,361 [INFO] IPUIPlugin:80 - create IPUIPlugin
2025-09-18 12:43:57,361 [INFO] IPUIPlugin:80 - create IPUIPlugin
2025-09-18 12:43:57,361 [INFO] IPUIPlugin:80 - create IPUIPlugin
2025-09-18 12:43:57,361 [INFO] IPUIPlugin:80 - create IPUIPlugin
2025-09-18 12:43:57,361 [INFO] IPUIPlugin:80 - create IPUIPlugin
2025-09-18 12:43:57,361 [INFO] IPUIPlugin:80 - create IPUIPlugin
2025-09-18 12:43:57,362 [INFO] IPUIPlugin:80 - create IPUIPlugin
2025-09-18 12:43:57,362 [INFO] IPUIPlugin:80 - create IPUIPlugin
2025-09-18 12:43:57,362 [INFO] IPUIPlugin:80 - create IPUIPlugin
2025-09-18 12:43:57,362 [INFO] IPUIPlugin:80 - create IPUIPlugin
2025-09-18 12:43:57,362 [INFO] IPUIPlugin:80 - create IPUIPlugin
2025-09-18 12:43:57,362 [INFO] IPUIPlugin:80 - create IPUIPlugin
2025-09-18 12:43:57,362 [INFO] IPUIPlugin:80 - create IPUIPlugin
2025-09-18 12:43:57,362 [INFO] IPUIPlugin:80 - create IPUIPlugin
2025-09-18 12:43:57,362 [INFO] IPUIPlugin:80 - create IPUIPlugin
2025-09-18 12:43:57,362 [INFO] IPUIPlugin:80 - create IPUIPlugin
2025-09-18 12:43:57,363 [INFO] IPUIPlugin:80 - create IPUIPlugin
2025-09-18 12:43:57,363 [INFO] IPUIPlugin:80 - create IPUIPlugin
2025-09-18 12:43:57,363 [INFO] IPUIPlugin:80 - create IPUIPlugin
2025-09-18 12:43:57,363 [INFO] IPUIPlugin:80 - create IPUIPlugin
2025-09-18 12:43:57,363 [INFO] IPUIPlugin:80 - create IPUIPlugin
2025-09-18 12:43:57,363 [INFO] IPUIPlugin:80 - create IPUIPlugin
2025-09-18 12:43:57,363 [INFO] IPUIPlugin:80 - create IPUIPlugin
2025-09-18 12:43:57,363 [INFO] IPUIPlugin:80 - create IPUIPlugin
2025-09-18 12:43:57,364 [INFO] IPUIPlugin:80 - create IPUIPlugin
2025-09-18 12:43:57,364 [INFO] IPUIPlugin:80 - create IPUIPlugin
2025-09-18 12:43:57,364 [INFO] IPUIPlugin:80 - create IPUIPlugin
2025-09-18 12:43:57,364 [INFO] IPUIPlugin:80 - create IPUIPlugin
2025-09-18 12:43:57,364 [INFO] IPUIPlugin:80 - create IPUIPlugin
2025-09-18 12:43:57,364 [INFO] IPUIPlugin:80 - create IPUIPlugin
2025-09-18 12:43:57,365 [INFO] IPUIPlugin:80 - create IPUIPlugin
2025-09-18 12:43:57,365 [INFO] IPUIPlugin:80 - create IPUIPlugin
2025-09-18 12:43:57,365 [INFO] IPUIPlugin:80 - create IPUIPlugin
2025-09-18 12:43:57,365 [INFO] IPUIPlugin:80 - create IPUIPlugin
2025-09-18 12:43:57,366 [INFO] IPUIPlugin:80 - create IPUIPlugin
2025-09-18 12:43:57,366 [INFO] IPUIPlugin:80 - create IPUIPlugin
2025-09-18 12:43:57,366 [INFO] IPUIPlugin:80 - create IPUIPlugin
2025-09-18 12:43:57,366 [INFO] IPUIPlugin:80 - create IPUIPlugin
2025-09-18 12:43:57,366 [INFO] IPUIPlugin:80 - create IPUIPlugin
2025-09-18 12:43:57,367 [INFO] IPUIPlugin:80 - create IPUIPlugin
2025-09-18 12:43:57,367 [INFO] IPUIPlugin:80 - create IPUIPlugin
2025-09-18 12:43:57,367 [INFO] IPUIPlugin:80 - create IPUIPlugin
2025-09-18 12:43:57,367 [INFO] IPUIPlugin:80 - create IPUIPlugin
2025-09-18 12:43:57,453 [INFO] ApiDbMcu:532 - Load IP Config File for PDM2PCM
2025-09-18 12:43:57,630 [INFO] CADModel:165 - CPN selected for project levelSTM32F767ZIT6
2025-09-18 12:43:57,630 [INFO] CADModel:114 - Register for checkConnection events
2025-09-18 12:43:57,677 [INFO] OpenFileManager:386 - Restore cursor
2025-09-18 12:43:57,848 [WARN] IP:2250 - Warning not found: check if there is a RefParameter without a condition.
2025-09-18 12:43:57,848 [WARN] IP:2250 - RxBufferAddress not found: check if there is a RefParameter without a condition.
2025-09-18 12:43:57,848 [WARN] IP:2250 - DESC_SIZE_UNIT not found: check if there is a RefParameter without a condition.
2025-09-18 12:43:57,848 [WARN] IP:2250 - Warning not found: check if there is a RefParameter without a condition.
2025-09-18 12:43:57,849 [WARN] IP:2250 - RxBufferAddress not found: check if there is a RefParameter without a condition.
2025-09-18 12:43:57,849 [WARN] IP:2250 - DESC_SIZE_UNIT not found: check if there is a RefParameter without a condition.
2025-09-18 12:43:59,491 [INFO] UtilMem:75 - End SaveConfig() Used Memory: 907613072 Bytes (1073741824)
2025-09-18 12:43:59,551 [INFO] UtilMem:75 - End SaveConfig() Used Memory: 937813904 Bytes (1073741824)
2025-09-18 12:43:59,906 [INFO] BlockDiagram:2775 - set Specific Code input for plugin: SYS
2025-09-18 12:43:59,907 [INFO] BlockDiagram:2775 - set Specific Code input for plugin: RCC
2025-09-18 12:43:59,907 [INFO] BlockDiagram:2775 - set Specific Code input for plugin: USB_OTG_FS
2025-09-18 12:43:59,907 [INFO] BlockDiagram:2775 - set Specific Code input for plugin: NVIC
2025-09-18 12:43:59,907 [INFO] BlockDiagram:2775 - set Specific Code input for plugin: USART
2025-09-18 12:43:59,908 [INFO] BlockDiagram:2775 - set Specific Code input for plugin: GPIO
2025-09-18 12:43:59,908 [INFO] BlockDiagram:2775 - set Specific Code input for plugin: ETH
2025-09-18 12:43:59,909 [INFO] CodeGenerator:892 - code generatio: config db path: E:\STM32CubeIDE_1.19.0\STM32CubeIDE\plugins\com.st.stm32cube.common.mx_6.15.0.202507011659\\db\
2025-09-18 12:43:59,915 [WARN] IP:2250 - Warning not found: check if there is a RefParameter without a condition.
2025-09-18 12:43:59,915 [WARN] IP:2250 - RxBufferAddress not found: check if there is a RefParameter without a condition.
2025-09-18 12:43:59,915 [WARN] IP:2250 - DESC_SIZE_UNIT not found: check if there is a RefParameter without a condition.
2025-09-18 12:44:00,096 [INFO] CodeEngine:265 - oldGeneratedFile, E:\STM32CubeIDE\Project\MXTmpFiles\license.tmp_save
2025-09-18 12:44:00,406 [INFO] CodeEngine:289 - Generated code: E:\STM32CubeIDE\Project\MXTmpFiles\license.tmp
2025-09-18 12:44:00,505 [INFO] CodeEngine:265 - oldGeneratedFile, E:\STM32CubeIDE\Project\MXTmpFiles\gpio.tmp_save
2025-09-18 12:44:00,639 [INFO] CodeEngine:289 - Generated code: E:\STM32CubeIDE\Project\MXTmpFiles\gpio.tmp
2025-09-18 12:44:00,971 [WARN] IPConfigManager:3238 - Warning: the RefConfig PWREx_EnableUSBVoltageDetector is not available in your config.xml file
2025-09-18 12:44:00,980 [INFO] CodeEngine:265 - oldGeneratedFile, E:\STM32CubeIDE\Project\MXTmpFiles\cortex.tmp_save
2025-09-18 12:44:01,077 [INFO] CodeEngine:289 - Generated code: E:\STM32CubeIDE\Project\MXTmpFiles\cortex.tmp
2025-09-18 12:44:01,095 [INFO] CodeEngine:265 - oldGeneratedFile, E:\STM32CubeIDE\Project\Core\Src\stm32f7xx_it.c_save
2025-09-18 12:44:01,233 [INFO] CodeEngine:289 - Generated code: E:\STM32CubeIDE\Project\Core\Src\stm32f7xx_it.c
2025-09-18 12:44:01,244 [INFO] CodeEngine:265 - oldGeneratedFile, E:\STM32CubeIDE\Project\Core\Inc\stm32f7xx_it.h_save
2025-09-18 12:44:01,303 [INFO] CodeEngine:289 - Generated code: E:\STM32CubeIDE\Project\Core\Inc\stm32f7xx_it.h
2025-09-18 12:44:01,324 [INFO] CodeEngine:265 - oldGeneratedFile, E:\STM32CubeIDE\Project\Core\Src\stm32f7xx_hal_msp.c_save
2025-09-18 12:44:01,464 [INFO] CodeEngine:289 - Generated code: E:\STM32CubeIDE\Project\Core\Src\stm32f7xx_hal_msp.c
2025-09-18 12:44:01,475 [INFO] CodeEngine:265 - oldGeneratedFile, E:\STM32CubeIDE\Project\MXTmpFiles\system.tmp_save
2025-09-18 12:44:01,522 [INFO] CodeEngine:289 - Generated code: E:\STM32CubeIDE\Project\MXTmpFiles\system.tmp
2025-09-18 12:44:01,534 [INFO] CodeEngine:321 - oldGeneratedFile, E:\STM32CubeIDE\Project\Core\Inc\stm32f7xx_hal_conf.h_save
2025-09-18 12:44:01,634 [INFO] CodeEngine:345 - Generated code: E:\STM32CubeIDE\Project\Core\Inc\stm32f7xx_hal_conf.h
2025-09-18 12:44:01,683 [INFO] ApiDbMcu:532 - Load IP Config File for ETH
2025-09-18 12:44:01,686 [INFO] ApiDbMcu:532 - Load IP Config File for USART3
2025-09-18 12:44:01,688 [INFO] ApiDbMcu:532 - Load IP Config File for USB_OTG_FS
2025-09-18 12:44:01,690 [INFO] ApiDbMcu:532 - Load IP Config File for RCC
2025-09-18 12:44:01,692 [WARN] IPConfigManager:3811 - IP not found : USB_OTG
2025-09-18 12:44:01,693 [WARN] CodeGenerator:4259 - IP not found : null
2025-09-18 12:44:01,698 [INFO] CodeEngine:265 - oldGeneratedFile, E:\STM32CubeIDE\Project\Core\Inc\main.h_save
2025-09-18 12:44:01,819 [INFO] CodeEngine:289 - Generated code: E:\STM32CubeIDE\Project\Core\Inc\main.h
2025-09-18 12:44:01,829 [INFO] CodeEngine:265 - oldGeneratedFile, E:\STM32CubeIDE\Project\Core\Src\main.c_save
2025-09-18 12:44:01,940 [INFO] CodeEngine:289 - Generated code: E:\STM32CubeIDE\Project\Core\Src\main.c
2025-09-18 12:44:02,273 [INFO] ProjectBuilder:3606 - Time for Copy HAL[1] : 165mS.
2025-09-18 12:44:02,278 [INFO] ProjectBuilder:5216 - Project Generator version: 4.7.0-B52
2025-09-18 12:44:02,330 [INFO] ConfigFileManager:1595 - The Die is : DIE451
2025-09-18 12:44:02,343 [INFO] ApiDbMcu:532 - Load IP Config File for FATFS
2025-09-18 12:44:02,356 [INFO] ApiDbMcu:532 - Load IP Config File for FREERTOS
2025-09-18 12:44:02,366 [INFO] ApiDbMcu:532 - Load IP Config File for LIBJPEG
2025-09-18 12:44:02,378 [INFO] ApiDbMcu:532 - Load IP Config File for LWIP
2025-09-18 12:44:02,399 [INFO] ApiDbMcu:532 - Load IP Config File for MBEDTLS
2025-09-18 12:44:02,412 [INFO] ApiDbMcu:532 - Load IP Config File for USB_DEVICE
2025-09-18 12:44:02,423 [INFO] ApiDbMcu:532 - Load IP Config File for USB_HOST
2025-09-18 12:44:02,982 [INFO] LogOutputStream:77 - [STDOUT_REDIRECT] 
2025-09-18 12:44:05,555 [INFO] ProjectBuilder:5496 - Time for Generating toolchain IDE Files: 3277mS.
2025-09-18 12:44:05,555 [INFO] ProjectBuilder:3463 - Time for Copy CMSIS : 0mS.
2025-09-18 12:44:05,556 [INFO] ProjectBuilder:3463 - Time for Copy CMSIS : 0mS.
2025-09-18 12:44:06,224 [INFO] McuFinderGlobals:76 - Set McuFinderConnectedMode to true
2025-09-18 12:44:06,227 [INFO] ApiDb:448 - Save user favorites file C:\Users\nphis/.stm32cubeide/favorites.mcus.txt: 1 item(s)
2025-09-18 12:44:06,228 [INFO] ApiDb:452 - User favorites MCUs=[STM32F767ZIT6]
2025-09-18 12:44:06,229 [INFO] ApiDb:448 - Save user favorites file C:\Users\nphis/.stm32cubeide/favorites.boards.txt: 1 item(s)
2025-09-18 12:44:06,229 [INFO] ApiDb:452 - User favorites Boards=[NUCLEO-F767ZI]
2025-09-18 12:44:31,777 [WARN] IP:2250 - Warning not found: check if there is a RefParameter without a condition.
2025-09-18 12:44:31,777 [WARN] IP:2250 - RxBufferAddress not found: check if there is a RefParameter without a condition.
2025-09-18 12:44:31,778 [WARN] IP:2250 - DESC_SIZE_UNIT not found: check if there is a RefParameter without a condition.
2025-09-18 12:44:31,778 [WARN] IP:2250 - Warning not found: check if there is a RefParameter without a condition.
2025-09-18 12:44:31,778 [WARN] IP:2250 - RxBufferAddress not found: check if there is a RefParameter without a condition.
2025-09-18 12:44:31,778 [WARN] IP:2250 - DESC_SIZE_UNIT not found: check if there is a RefParameter without a condition.
2025-09-18 12:44:31,819 [WARN] IP:2250 - Warning not found: check if there is a RefParameter without a condition.
2025-09-18 12:44:31,820 [WARN] IP:2250 - RxBufferAddress not found: check if there is a RefParameter without a condition.
2025-09-18 12:44:31,820 [WARN] IP:2250 - DESC_SIZE_UNIT not found: check if there is a RefParameter without a condition.
2025-09-18 12:44:31,852 [WARN] IP:2250 - Warning not found: check if there is a RefParameter without a condition.
2025-09-18 12:44:31,853 [WARN] IP:2250 - RxBufferAddress not found: check if there is a RefParameter without a condition.
2025-09-18 12:44:31,853 [WARN] IP:2250 - DESC_SIZE_UNIT not found: check if there is a RefParameter without a condition.
2025-09-18 12:44:33,828 [WARN] IP:2250 - Warning not found: check if there is a RefParameter without a condition.
2025-09-18 12:44:33,828 [WARN] IP:2250 - RxBufferAddress not found: check if there is a RefParameter without a condition.
2025-09-18 12:44:33,828 [WARN] IP:2250 - DESC_SIZE_UNIT not found: check if there is a RefParameter without a condition.
2025-09-18 12:44:33,828 [WARN] IP:2250 - Warning not found: check if there is a RefParameter without a condition.
2025-09-18 12:44:33,829 [WARN] IP:2250 - RxBufferAddress not found: check if there is a RefParameter without a condition.
2025-09-18 12:44:33,829 [WARN] IP:2250 - DESC_SIZE_UNIT not found: check if there is a RefParameter without a condition.
2025-09-18 12:44:33,864 [WARN] IP:2250 - Warning not found: check if there is a RefParameter without a condition.
2025-09-18 12:44:33,864 [WARN] IP:2250 - RxBufferAddress not found: check if there is a RefParameter without a condition.
2025-09-18 12:44:33,864 [WARN] IP:2250 - DESC_SIZE_UNIT not found: check if there is a RefParameter without a condition.
2025-09-18 12:44:33,921 [WARN] IP:2250 - Warning not found: check if there is a RefParameter without a condition.
2025-09-18 12:44:33,921 [WARN] IP:2250 - RxBufferAddress not found: check if there is a RefParameter without a condition.
2025-09-18 12:44:33,921 [WARN] IP:2250 - DESC_SIZE_UNIT not found: check if there is a RefParameter without a condition.
2025-09-18 12:44:35,860 [WARN] IP:2250 - Warning not found: check if there is a RefParameter without a condition.
2025-09-18 12:44:35,860 [WARN] IP:2250 - RxBufferAddress not found: check if there is a RefParameter without a condition.
2025-09-18 12:44:35,860 [WARN] IP:2250 - DESC_SIZE_UNIT not found: check if there is a RefParameter without a condition.
2025-09-18 12:44:35,862 [WARN] IP:2250 - Warning not found: check if there is a RefParameter without a condition.
2025-09-18 12:44:35,862 [WARN] IP:2250 - RxBufferAddress not found: check if there is a RefParameter without a condition.
2025-09-18 12:44:35,862 [WARN] IP:2250 - DESC_SIZE_UNIT not found: check if there is a RefParameter without a condition.
2025-09-18 12:44:35,897 [WARN] IP:2250 - Warning not found: check if there is a RefParameter without a condition.
2025-09-18 12:44:35,897 [WARN] IP:2250 - RxBufferAddress not found: check if there is a RefParameter without a condition.
2025-09-18 12:44:35,897 [WARN] IP:2250 - DESC_SIZE_UNIT not found: check if there is a RefParameter without a condition.
2025-09-18 12:44:35,932 [WARN] IP:2250 - Warning not found: check if there is a RefParameter without a condition.
2025-09-18 12:44:35,932 [WARN] IP:2250 - RxBufferAddress not found: check if there is a RefParameter without a condition.
2025-09-18 12:44:35,932 [WARN] IP:2250 - DESC_SIZE_UNIT not found: check if there is a RefParameter without a condition.
2025-09-18 12:44:48,674 [WARN] IP:2250 - Warning not found: check if there is a RefParameter without a condition.
2025-09-18 12:44:48,675 [WARN] IP:2250 - RxBufferAddress not found: check if there is a RefParameter without a condition.
2025-09-18 12:44:48,675 [WARN] IP:2250 - DESC_SIZE_UNIT not found: check if there is a RefParameter without a condition.
2025-09-18 12:44:48,675 [WARN] IP:2250 - Warning not found: check if there is a RefParameter without a condition.
2025-09-18 12:44:48,675 [WARN] IP:2250 - RxBufferAddress not found: check if there is a RefParameter without a condition.
2025-09-18 12:44:48,675 [WARN] IP:2250 - DESC_SIZE_UNIT not found: check if there is a RefParameter without a condition.
2025-09-18 12:44:52,247 [INFO] UtilMem:75 - End SaveConfig() Used Memory: 917998104 Bytes (1073741824)
2025-09-18 12:44:52,784 [INFO] UtilMem:75 - End SaveConfig() Used Memory: 970953320 Bytes (1073741824)
2025-09-18 12:44:52,933 [INFO] BlockDiagram:2775 - set Specific Code input for plugin: SYS
2025-09-18 12:44:52,933 [INFO] BlockDiagram:2775 - set Specific Code input for plugin: RCC
2025-09-18 12:44:52,933 [INFO] BlockDiagram:2775 - set Specific Code input for plugin: USB_OTG_FS
2025-09-18 12:44:52,933 [INFO] BlockDiagram:2775 - set Specific Code input for plugin: NVIC
2025-09-18 12:44:52,933 [INFO] BlockDiagram:2775 - set Specific Code input for plugin: USART
2025-09-18 12:44:52,934 [INFO] BlockDiagram:2775 - set Specific Code input for plugin: GPIO
2025-09-18 12:44:52,934 [INFO] BlockDiagram:2775 - set Specific Code input for plugin: ETH
2025-09-18 12:44:52,935 [INFO] CodeGenerator:892 - code generatio: config db path: E:\STM32CubeIDE_1.19.0\STM32CubeIDE\plugins\com.st.stm32cube.common.mx_6.15.0.202507011659\\db\
2025-09-18 12:44:52,939 [WARN] IP:2250 - Warning not found: check if there is a RefParameter without a condition.
2025-09-18 12:44:52,940 [WARN] IP:2250 - RxBufferAddress not found: check if there is a RefParameter without a condition.
2025-09-18 12:44:52,940 [WARN] IP:2250 - DESC_SIZE_UNIT not found: check if there is a RefParameter without a condition.
2025-09-18 12:44:53,029 [INFO] CodeEngine:265 - oldGeneratedFile, E:\STM32CubeIDE\Project\MXTmpFiles\license.tmp_save
2025-09-18 12:44:53,139 [INFO] CodeEngine:289 - Generated code: E:\STM32CubeIDE\Project\MXTmpFiles\license.tmp
2025-09-18 12:44:53,197 [INFO] CodeEngine:265 - oldGeneratedFile, E:\STM32CubeIDE\Project\MXTmpFiles\gpio.tmp_save
2025-09-18 12:44:53,312 [INFO] CodeEngine:289 - Generated code: E:\STM32CubeIDE\Project\MXTmpFiles\gpio.tmp
2025-09-18 12:44:53,480 [WARN] IPConfigManager:3238 - Warning: the RefConfig PWREx_EnableUSBVoltageDetector is not available in your config.xml file
2025-09-18 12:44:53,490 [INFO] CodeEngine:265 - oldGeneratedFile, E:\STM32CubeIDE\Project\MXTmpFiles\cortex.tmp_save
2025-09-18 12:44:53,566 [INFO] CodeEngine:289 - Generated code: E:\STM32CubeIDE\Project\MXTmpFiles\cortex.tmp
2025-09-18 12:44:53,580 [INFO] CodeEngine:265 - oldGeneratedFile, E:\STM32CubeIDE\Project\Core\Src\stm32f7xx_it.c_save
2025-09-18 12:44:53,660 [INFO] CodeEngine:289 - Generated code: E:\STM32CubeIDE\Project\Core\Src\stm32f7xx_it.c
2025-09-18 12:44:53,663 [INFO] CodeEngine:265 - oldGeneratedFile, E:\STM32CubeIDE\Project\Core\Inc\stm32f7xx_it.h_save
2025-09-18 12:44:53,702 [INFO] CodeEngine:289 - Generated code: E:\STM32CubeIDE\Project\Core\Inc\stm32f7xx_it.h
2025-09-18 12:44:53,711 [INFO] CodeEngine:265 - oldGeneratedFile, E:\STM32CubeIDE\Project\Core\Src\stm32f7xx_hal_msp.c_save
2025-09-18 12:44:53,844 [INFO] CodeEngine:289 - Generated code: E:\STM32CubeIDE\Project\Core\Src\stm32f7xx_hal_msp.c
2025-09-18 12:44:53,848 [INFO] CodeEngine:265 - oldGeneratedFile, E:\STM32CubeIDE\Project\MXTmpFiles\system.tmp_save
2025-09-18 12:44:53,884 [INFO] CodeEngine:289 - Generated code: E:\STM32CubeIDE\Project\MXTmpFiles\system.tmp
2025-09-18 12:44:53,891 [INFO] CodeEngine:321 - oldGeneratedFile, E:\STM32CubeIDE\Project\Core\Inc\stm32f7xx_hal_conf.h_save
2025-09-18 12:44:54,020 [INFO] CodeEngine:345 - Generated code: E:\STM32CubeIDE\Project\Core\Inc\stm32f7xx_hal_conf.h
2025-09-18 12:44:54,050 [WARN] IPConfigManager:3811 - IP not found : USB_OTG
2025-09-18 12:44:54,051 [WARN] CodeGenerator:4259 - IP not found : null
2025-09-18 12:44:54,059 [INFO] CodeEngine:265 - oldGeneratedFile, E:\STM32CubeIDE\Project\Core\Inc\main.h_save
2025-09-18 12:44:54,193 [INFO] CodeEngine:289 - Generated code: E:\STM32CubeIDE\Project\Core\Inc\main.h
2025-09-18 12:44:54,197 [INFO] CodeEngine:265 - oldGeneratedFile, E:\STM32CubeIDE\Project\Core\Src\main.c_save
2025-09-18 12:44:54,309 [INFO] CodeEngine:289 - Generated code: E:\STM32CubeIDE\Project\Core\Src\main.c
2025-09-18 12:44:54,475 [INFO] ProjectBuilder:3606 - Time for Copy HAL[1] : 77mS.
2025-09-18 12:44:54,477 [INFO] ProjectBuilder:5216 - Project Generator version: 4.7.0-B52
2025-09-18 12:44:54,517 [INFO] ConfigFileManager:1595 - The Die is : DIE451
2025-09-18 12:44:55,484 [INFO] ProjectBuilder:5496 - Time for Generating toolchain IDE Files: 1006mS.
2025-09-18 12:44:55,485 [INFO] ProjectBuilder:3463 - Time for Copy CMSIS : 0mS.
2025-09-18 12:44:55,486 [INFO] ProjectBuilder:3463 - Time for Copy CMSIS : 0mS.
2025-09-18 12:45:59,645 [WARN] IP:2250 - Warning not found: check if there is a RefParameter without a condition.
2025-09-18 12:45:59,646 [WARN] IP:2250 - RxBufferAddress not found: check if there is a RefParameter without a condition.
2025-09-18 12:45:59,646 [WARN] IP:2250 - DESC_SIZE_UNIT not found: check if there is a RefParameter without a condition.
2025-09-18 12:45:59,646 [WARN] IP:2250 - Warning not found: check if there is a RefParameter without a condition.
2025-09-18 12:45:59,646 [WARN] IP:2250 - RxBufferAddress not found: check if there is a RefParameter without a condition.
2025-09-18 12:45:59,646 [WARN] IP:2250 - DESC_SIZE_UNIT not found: check if there is a RefParameter without a condition.
2025-09-18 12:46:04,742 [INFO] UtilMem:75 - End SaveConfig() Used Memory: 773786840 Bytes (1073741824)
2025-09-18 12:46:04,793 [INFO] UtilMem:75 - End SaveConfig() Used Memory: 801049816 Bytes (1073741824)
2025-09-18 12:46:06,350 [INFO] UtilMem:75 - End SaveConfig() Used Memory: 902239448 Bytes (1073741824)
2025-09-18 12:46:06,455 [INFO] BlockDiagram:2775 - set Specific Code input for plugin: SYS
2025-09-18 12:46:06,455 [INFO] BlockDiagram:2775 - set Specific Code input for plugin: RCC
2025-09-18 12:46:06,455 [INFO] BlockDiagram:2775 - set Specific Code input for plugin: USB_OTG_FS
2025-09-18 12:46:06,455 [INFO] BlockDiagram:2775 - set Specific Code input for plugin: NVIC
2025-09-18 12:46:06,455 [INFO] BlockDiagram:2775 - set Specific Code input for plugin: USART
2025-09-18 12:46:06,455 [INFO] BlockDiagram:2775 - set Specific Code input for plugin: GPIO
2025-09-18 12:46:06,456 [INFO] BlockDiagram:2775 - set Specific Code input for plugin: ETH
2025-09-18 12:46:06,456 [INFO] CodeGenerator:892 - code generatio: config db path: E:\STM32CubeIDE_1.19.0\STM32CubeIDE\plugins\com.st.stm32cube.common.mx_6.15.0.202507011659\\db\
2025-09-18 12:46:06,458 [WARN] IP:2250 - Warning not found: check if there is a RefParameter without a condition.
2025-09-18 12:46:06,458 [WARN] IP:2250 - RxBufferAddress not found: check if there is a RefParameter without a condition.
2025-09-18 12:46:06,458 [WARN] IP:2250 - DESC_SIZE_UNIT not found: check if there is a RefParameter without a condition.
2025-09-18 12:46:06,509 [INFO] CodeEngine:265 - oldGeneratedFile, E:\STM32CubeIDE\Project\MXTmpFiles\license.tmp_save
2025-09-18 12:46:06,579 [INFO] CodeEngine:289 - Generated code: E:\STM32CubeIDE\Project\MXTmpFiles\license.tmp
2025-09-18 12:46:06,616 [INFO] CodeEngine:265 - oldGeneratedFile, E:\STM32CubeIDE\Project\Core\Src\gpio.c_save
2025-09-18 12:46:06,714 [INFO] CodeEngine:289 - Generated code: E:\STM32CubeIDE\Project\Core\Src\gpio.c
2025-09-18 12:46:06,725 [INFO] CodeEngine:265 - oldGeneratedFile, E:\STM32CubeIDE\Project\Core\Inc\gpio.h_save
2025-09-18 12:46:06,782 [INFO] CodeEngine:289 - Generated code: E:\STM32CubeIDE\Project\Core\Inc\gpio.h
2025-09-18 12:46:06,917 [WARN] IPConfigManager:3238 - Warning: the RefConfig PWREx_EnableUSBVoltageDetector is not available in your config.xml file
2025-09-18 12:46:06,924 [INFO] CodeEngine:265 - oldGeneratedFile, E:\STM32CubeIDE\Project\MXTmpFiles\cortex.tmp_save
2025-09-18 12:46:06,988 [INFO] CodeEngine:289 - Generated code: E:\STM32CubeIDE\Project\MXTmpFiles\cortex.tmp
2025-09-18 12:46:06,994 [INFO] CodeEngine:265 - oldGeneratedFile, E:\STM32CubeIDE\Project\Core\Src\eth.c_save
2025-09-18 12:46:07,104 [INFO] CodeEngine:289 - Generated code: E:\STM32CubeIDE\Project\Core\Src\eth.c
2025-09-18 12:46:07,114 [INFO] CodeEngine:265 - oldGeneratedFile, E:\STM32CubeIDE\Project\Core\Inc\eth.h_save
2025-09-18 12:46:07,174 [INFO] CodeEngine:289 - Generated code: E:\STM32CubeIDE\Project\Core\Inc\eth.h
2025-09-18 12:46:07,186 [INFO] CodeEngine:265 - oldGeneratedFile, E:\STM32CubeIDE\Project\Core\Src\usart.c_save
2025-09-18 12:46:07,288 [INFO] CodeEngine:289 - Generated code: E:\STM32CubeIDE\Project\Core\Src\usart.c
2025-09-18 12:46:07,297 [INFO] CodeEngine:265 - oldGeneratedFile, E:\STM32CubeIDE\Project\Core\Inc\usart.h_save
2025-09-18 12:46:07,348 [INFO] CodeEngine:289 - Generated code: E:\STM32CubeIDE\Project\Core\Inc\usart.h
2025-09-18 12:46:07,360 [INFO] CodeEngine:265 - oldGeneratedFile, E:\STM32CubeIDE\Project\Core\Src\usb_otg.c_save
2025-09-18 12:46:07,463 [INFO] CodeEngine:289 - Generated code: E:\STM32CubeIDE\Project\Core\Src\usb_otg.c
2025-09-18 12:46:07,471 [INFO] CodeEngine:265 - oldGeneratedFile, E:\STM32CubeIDE\Project\Core\Inc\usb_otg.h_save
2025-09-18 12:46:07,526 [INFO] CodeEngine:289 - Generated code: E:\STM32CubeIDE\Project\Core\Inc\usb_otg.h
2025-09-18 12:46:07,540 [INFO] CodeEngine:265 - oldGeneratedFile, E:\STM32CubeIDE\Project\Core\Src\stm32f7xx_it.c_save
2025-09-18 12:46:07,616 [INFO] CodeEngine:289 - Generated code: E:\STM32CubeIDE\Project\Core\Src\stm32f7xx_it.c
2025-09-18 12:46:07,618 [INFO] CodeEngine:265 - oldGeneratedFile, E:\STM32CubeIDE\Project\Core\Inc\stm32f7xx_it.h_save
2025-09-18 12:46:07,669 [INFO] CodeEngine:289 - Generated code: E:\STM32CubeIDE\Project\Core\Inc\stm32f7xx_it.h
2025-09-18 12:46:07,676 [INFO] CodeEngine:265 - oldGeneratedFile, E:\STM32CubeIDE\Project\Core\Src\stm32f7xx_hal_msp.c_save
2025-09-18 12:46:07,790 [INFO] CodeEngine:289 - Generated code: E:\STM32CubeIDE\Project\Core\Src\stm32f7xx_hal_msp.c
2025-09-18 12:46:07,792 [INFO] CodeEngine:265 - oldGeneratedFile, E:\STM32CubeIDE\Project\MXTmpFiles\system.tmp_save
2025-09-18 12:46:07,826 [INFO] CodeEngine:289 - Generated code: E:\STM32CubeIDE\Project\MXTmpFiles\system.tmp
2025-09-18 12:46:07,833 [INFO] CodeEngine:321 - oldGeneratedFile, E:\STM32CubeIDE\Project\Core\Inc\stm32f7xx_hal_conf.h_save
2025-09-18 12:46:07,935 [INFO] CodeEngine:345 - Generated code: E:\STM32CubeIDE\Project\Core\Inc\stm32f7xx_hal_conf.h
2025-09-18 12:46:07,956 [INFO] CodeEngine:265 - oldGeneratedFile, E:\STM32CubeIDE\Project\Core\Inc\main.h_save
2025-09-18 12:46:08,051 [INFO] CodeEngine:289 - Generated code: E:\STM32CubeIDE\Project\Core\Inc\main.h
2025-09-18 12:46:08,053 [INFO] CodeEngine:265 - oldGeneratedFile, E:\STM32CubeIDE\Project\Core\Src\main.c_save
2025-09-18 12:46:08,135 [INFO] CodeEngine:289 - Generated code: E:\STM32CubeIDE\Project\Core\Src\main.c
2025-09-18 12:46:08,350 [INFO] ProjectBuilder:3606 - Time for Copy HAL[1] : 116mS.
2025-09-18 12:46:08,352 [INFO] ProjectBuilder:5216 - Project Generator version: 4.7.0-B52
2025-09-18 12:46:08,393 [INFO] ConfigFileManager:1595 - The Die is : DIE451
2025-09-18 12:46:08,757 [INFO] ProjectBuilder:5496 - Time for Generating toolchain IDE Files: 405mS.
2025-09-18 12:46:08,757 [INFO] ProjectBuilder:3463 - Time for Copy CMSIS : 0mS.
2025-09-18 12:46:08,758 [INFO] ProjectBuilder:3463 - Time for Copy CMSIS : 0mS.
2025-09-18 12:46:25,926 [WARN] IP:2250 - Warning not found: check if there is a RefParameter without a condition.
2025-09-18 12:46:25,926 [WARN] IP:2250 - RxBufferAddress not found: check if there is a RefParameter without a condition.
2025-09-18 12:46:25,926 [WARN] IP:2250 - DESC_SIZE_UNIT not found: check if there is a RefParameter without a condition.
2025-09-18 12:46:25,928 [WARN] IP:2250 - Warning not found: check if there is a RefParameter without a condition.
2025-09-18 12:46:25,928 [WARN] IP:2250 - RxBufferAddress not found: check if there is a RefParameter without a condition.
2025-09-18 12:46:25,928 [WARN] IP:2250 - DESC_SIZE_UNIT not found: check if there is a RefParameter without a condition.
2025-09-18 12:46:26,072 [WARN] IP:2250 - Warning not found: check if there is a RefParameter without a condition.
2025-09-18 12:46:26,072 [WARN] IP:2250 - RxBufferAddress not found: check if there is a RefParameter without a condition.
2025-09-18 12:46:26,072 [WARN] IP:2250 - DESC_SIZE_UNIT not found: check if there is a RefParameter without a condition.
2025-09-18 12:46:26,072 [WARN] IP:2250 - Warning not found: check if there is a RefParameter without a condition.
2025-09-18 12:46:26,072 [WARN] IP:2250 - RxBufferAddress not found: check if there is a RefParameter without a condition.
2025-09-18 12:46:26,072 [WARN] IP:2250 - DESC_SIZE_UNIT not found: check if there is a RefParameter without a condition.
2025-09-18 12:46:29,349 [INFO] UtilMem:75 - End SaveConfig() Used Memory: 877109688 Bytes (1073741824)
2025-09-18 12:46:29,722 [INFO] UtilMem:75 - End SaveConfig() Used Memory: 692352512 Bytes (1073741824)
2025-09-18 12:46:29,852 [INFO] BlockDiagram:2775 - set Specific Code input for plugin: SYS
2025-09-18 12:46:29,852 [INFO] BlockDiagram:2775 - set Specific Code input for plugin: RCC
2025-09-18 12:46:29,852 [INFO] BlockDiagram:2775 - set Specific Code input for plugin: USB_OTG_FS
2025-09-18 12:46:29,852 [INFO] BlockDiagram:2775 - set Specific Code input for plugin: NVIC
2025-09-18 12:46:29,852 [INFO] BlockDiagram:2775 - set Specific Code input for plugin: USART
2025-09-18 12:46:29,852 [INFO] BlockDiagram:2775 - set Specific Code input for plugin: GPIO
2025-09-18 12:46:29,852 [INFO] BlockDiagram:2775 - set Specific Code input for plugin: ETH
2025-09-18 12:46:29,853 [INFO] CodeGenerator:892 - code generatio: config db path: E:\STM32CubeIDE_1.19.0\STM32CubeIDE\plugins\com.st.stm32cube.common.mx_6.15.0.202507011659\\db\
2025-09-18 12:46:29,855 [WARN] IP:2250 - Warning not found: check if there is a RefParameter without a condition.
2025-09-18 12:46:29,855 [WARN] IP:2250 - RxBufferAddress not found: check if there is a RefParameter without a condition.
2025-09-18 12:46:29,856 [WARN] IP:2250 - DESC_SIZE_UNIT not found: check if there is a RefParameter without a condition.
2025-09-18 12:46:29,945 [INFO] CodeEngine:265 - oldGeneratedFile, E:\STM32CubeIDE\Project\MXTmpFiles\license.tmp_save
2025-09-18 12:46:30,034 [INFO] CodeEngine:289 - Generated code: E:\STM32CubeIDE\Project\MXTmpFiles\license.tmp
2025-09-18 12:46:30,085 [INFO] CodeEngine:265 - oldGeneratedFile, E:\STM32CubeIDE\Project\Core\Src\gpio.c_save
2025-09-18 12:46:30,161 [INFO] CodeEngine:289 - Generated code: E:\STM32CubeIDE\Project\Core\Src\gpio.c
2025-09-18 12:46:30,164 [INFO] CodeEngine:265 - oldGeneratedFile, E:\STM32CubeIDE\Project\Core\Inc\gpio.h_save
2025-09-18 12:46:30,201 [INFO] CodeEngine:289 - Generated code: E:\STM32CubeIDE\Project\Core\Inc\gpio.h
2025-09-18 12:46:30,338 [WARN] IPConfigManager:3238 - Warning: the RefConfig PWREx_EnableUSBVoltageDetector is not available in your config.xml file
2025-09-18 12:46:30,345 [INFO] CodeEngine:265 - oldGeneratedFile, E:\STM32CubeIDE\Project\MXTmpFiles\cortex.tmp_save
2025-09-18 12:46:30,411 [INFO] CodeEngine:289 - Generated code: E:\STM32CubeIDE\Project\MXTmpFiles\cortex.tmp
2025-09-18 12:46:30,417 [INFO] CodeEngine:265 - oldGeneratedFile, E:\STM32CubeIDE\Project\Core\Src\eth.c_save
2025-09-18 12:46:30,506 [INFO] CodeEngine:289 - Generated code: E:\STM32CubeIDE\Project\Core\Src\eth.c
2025-09-18 12:46:30,509 [INFO] CodeEngine:265 - oldGeneratedFile, E:\STM32CubeIDE\Project\Core\Inc\eth.h_save
2025-09-18 12:46:30,554 [INFO] CodeEngine:289 - Generated code: E:\STM32CubeIDE\Project\Core\Inc\eth.h
2025-09-18 12:46:30,560 [INFO] CodeEngine:265 - oldGeneratedFile, E:\STM32CubeIDE\Project\Core\Src\usart.c_save
2025-09-18 12:46:30,647 [INFO] CodeEngine:289 - Generated code: E:\STM32CubeIDE\Project\Core\Src\usart.c
2025-09-18 12:46:30,651 [INFO] CodeEngine:265 - oldGeneratedFile, E:\STM32CubeIDE\Project\Core\Inc\usart.h_save
2025-09-18 12:46:30,688 [INFO] CodeEngine:289 - Generated code: E:\STM32CubeIDE\Project\Core\Inc\usart.h
2025-09-18 12:46:30,693 [INFO] CodeEngine:265 - oldGeneratedFile, E:\STM32CubeIDE\Project\Core\Src\usb_otg.c_save
2025-09-18 12:46:30,779 [INFO] CodeEngine:289 - Generated code: E:\STM32CubeIDE\Project\Core\Src\usb_otg.c
2025-09-18 12:46:30,782 [INFO] CodeEngine:265 - oldGeneratedFile, E:\STM32CubeIDE\Project\Core\Inc\usb_otg.h_save
2025-09-18 12:46:30,817 [INFO] CodeEngine:289 - Generated code: E:\STM32CubeIDE\Project\Core\Inc\usb_otg.h
2025-09-18 12:46:30,824 [INFO] CodeEngine:265 - oldGeneratedFile, E:\STM32CubeIDE\Project\Core\Src\stm32f7xx_it.c_save
2025-09-18 12:46:30,909 [INFO] CodeEngine:289 - Generated code: E:\STM32CubeIDE\Project\Core\Src\stm32f7xx_it.c
2025-09-18 12:46:30,912 [INFO] CodeEngine:265 - oldGeneratedFile, E:\STM32CubeIDE\Project\Core\Inc\stm32f7xx_it.h_save
2025-09-18 12:46:30,948 [INFO] CodeEngine:289 - Generated code: E:\STM32CubeIDE\Project\Core\Inc\stm32f7xx_it.h
2025-09-18 12:46:30,955 [INFO] CodeEngine:265 - oldGeneratedFile, E:\STM32CubeIDE\Project\Core\Src\stm32f7xx_hal_msp.c_save
2025-09-18 12:46:31,051 [INFO] CodeEngine:289 - Generated code: E:\STM32CubeIDE\Project\Core\Src\stm32f7xx_hal_msp.c
2025-09-18 12:46:31,053 [INFO] CodeEngine:265 - oldGeneratedFile, E:\STM32CubeIDE\Project\MXTmpFiles\system.tmp_save
2025-09-18 12:46:31,085 [INFO] CodeEngine:289 - Generated code: E:\STM32CubeIDE\Project\MXTmpFiles\system.tmp
2025-09-18 12:46:31,092 [INFO] CodeEngine:321 - oldGeneratedFile, E:\STM32CubeIDE\Project\Core\Inc\stm32f7xx_hal_conf.h_save
2025-09-18 12:46:31,192 [INFO] CodeEngine:345 - Generated code: E:\STM32CubeIDE\Project\Core\Inc\stm32f7xx_hal_conf.h
2025-09-18 12:46:31,214 [INFO] CodeEngine:265 - oldGeneratedFile, E:\STM32CubeIDE\Project\Core\Inc\main.h_save
2025-09-18 12:46:31,292 [INFO] CodeEngine:289 - Generated code: E:\STM32CubeIDE\Project\Core\Inc\main.h
2025-09-18 12:46:31,296 [INFO] CodeEngine:265 - oldGeneratedFile, E:\STM32CubeIDE\Project\Core\Src\main.c_save
2025-09-18 12:46:31,375 [INFO] CodeEngine:289 - Generated code: E:\STM32CubeIDE\Project\Core\Src\main.c
2025-09-18 12:46:31,527 [INFO] ProjectBuilder:3606 - Time for Copy HAL[1] : 76mS.
2025-09-18 12:46:31,528 [INFO] ProjectBuilder:5216 - Project Generator version: 4.7.0-B52
2025-09-18 12:46:31,567 [INFO] ConfigFileManager:1595 - The Die is : DIE451
2025-09-18 12:46:32,046 [INFO] ProjectBuilder:5496 - Time for Generating toolchain IDE Files: 518mS.
2025-09-18 12:46:32,047 [INFO] ProjectBuilder:3463 - Time for Copy CMSIS : 0mS.
2025-09-18 12:46:32,048 [INFO] ProjectBuilder:3463 - Time for Copy CMSIS : 0mS.
2025-09-18 13:02:23,000 [WARN] IP:2250 - Warning not found: check if there is a RefParameter without a condition.
2025-09-18 13:02:23,001 [WARN] IP:2250 - RxBufferAddress not found: check if there is a RefParameter without a condition.
2025-09-18 13:02:23,001 [WARN] IP:2250 - DESC_SIZE_UNIT not found: check if there is a RefParameter without a condition.
2025-09-18 13:02:23,001 [WARN] IP:2250 - Warning not found: check if there is a RefParameter without a condition.
2025-09-18 13:02:23,002 [WARN] IP:2250 - RxBufferAddress not found: check if there is a RefParameter without a condition.
2025-09-18 13:02:23,002 [WARN] IP:2250 - DESC_SIZE_UNIT not found: check if there is a RefParameter without a condition.
2025-09-18 13:02:29,779 [WARN] IP:2250 - Warning not found: check if there is a RefParameter without a condition.
2025-09-18 13:02:29,779 [WARN] IP:2250 - RxBufferAddress not found: check if there is a RefParameter without a condition.
2025-09-18 13:02:29,780 [WARN] IP:2250 - DESC_SIZE_UNIT not found: check if there is a RefParameter without a condition.
2025-09-18 13:03:34,977 [INFO] NvicIntPanel:101 - NVIC parent = com.st.microxplorer.plugins.ip.nvic.MultiNvicIntPanel[,0,0,0x0,invalid,layout=javax.swing.BoxLayout,alignmentX=0.0,alignmentY=0.0,border=,flags=9,maximumSize=,minimumSize=,preferredSize=]
2025-09-18 13:03:40,718 [INFO] NvicIntPanel:101 - NVIC parent = com.st.microxplorer.plugins.ip.nvic.MultiNvicIntPanel[,0,0,0x0,invalid,layout=javax.swing.BoxLayout,alignmentX=0.0,alignmentY=0.0,border=,flags=9,maximumSize=,minimumSize=,preferredSize=]
2025-09-18 13:03:46,867 [INFO] UtilMem:75 - End SaveConfig() Used Memory: 697792560 Bytes (1073741824)
2025-09-18 13:03:46,947 [INFO] UtilMem:75 - End SaveConfig() Used Memory: 726104112 Bytes (1073741824)
2025-09-18 13:03:47,382 [INFO] UtilMem:75 - End SaveConfig() Used Memory: 770666544 Bytes (1073741824)
2025-09-18 13:03:47,557 [INFO] BlockDiagram:2775 - set Specific Code input for plugin: TIM1_8F77
2025-09-18 13:03:47,557 [INFO] BlockDiagram:2775 - set Specific Code input for plugin: SYS
2025-09-18 13:03:47,558 [INFO] BlockDiagram:2775 - set Specific Code input for plugin: RCC
2025-09-18 13:03:47,558 [INFO] BlockDiagram:2775 - set Specific Code input for plugin: USB_OTG_FS
2025-09-18 13:03:47,558 [INFO] BlockDiagram:2775 - set Specific Code input for plugin: NVIC
2025-09-18 13:03:47,558 [INFO] BlockDiagram:2775 - set Specific Code input for plugin: USART
2025-09-18 13:03:47,558 [INFO] BlockDiagram:2775 - set Specific Code input for plugin: GPIO
2025-09-18 13:03:47,559 [INFO] CodeGenerator:892 - code generatio: config db path: E:\STM32CubeIDE_1.19.0\STM32CubeIDE\plugins\com.st.stm32cube.common.mx_6.15.0.202507011659\\db\
2025-09-18 13:03:47,648 [INFO] CodeEngine:265 - oldGeneratedFile, E:\STM32CubeIDE\Project\MXTmpFiles\license.tmp_save
2025-09-18 13:03:47,857 [INFO] CodeEngine:289 - Generated code: E:\STM32CubeIDE\Project\MXTmpFiles\license.tmp
2025-09-18 13:03:47,902 [INFO] CodeEngine:265 - oldGeneratedFile, E:\STM32CubeIDE\Project\Core\Src\gpio.c_save
2025-09-18 13:03:48,075 [INFO] CodeEngine:289 - Generated code: E:\STM32CubeIDE\Project\Core\Src\gpio.c
2025-09-18 13:03:48,081 [INFO] CodeEngine:265 - oldGeneratedFile, E:\STM32CubeIDE\Project\Core\Inc\gpio.h_save
2025-09-18 13:03:48,145 [INFO] CodeEngine:289 - Generated code: E:\STM32CubeIDE\Project\Core\Inc\gpio.h
2025-09-18 13:03:48,401 [WARN] IPConfigManager:3238 - Warning: the RefConfig PWREx_EnableUSBVoltageDetector is not available in your config.xml file
2025-09-18 13:03:48,412 [INFO] CodeEngine:265 - oldGeneratedFile, E:\STM32CubeIDE\Project\MXTmpFiles\cortex.tmp_save
2025-09-18 13:03:48,522 [INFO] CodeEngine:289 - Generated code: E:\STM32CubeIDE\Project\MXTmpFiles\cortex.tmp
2025-09-18 13:03:48,531 [INFO] CodeEngine:265 - oldGeneratedFile, E:\STM32CubeIDE\Project\Core\Src\tim.c_save
2025-09-18 13:03:48,688 [INFO] CodeEngine:289 - Generated code: E:\STM32CubeIDE\Project\Core\Src\tim.c
2025-09-18 13:03:48,702 [INFO] CodeEngine:265 - oldGeneratedFile, E:\STM32CubeIDE\Project\Core\Inc\tim.h_save
2025-09-18 13:03:48,777 [INFO] CodeEngine:289 - Generated code: E:\STM32CubeIDE\Project\Core\Inc\tim.h
2025-09-18 13:03:48,794 [INFO] CodeEngine:265 - oldGeneratedFile, E:\STM32CubeIDE\Project\Core\Src\usart.c_save
2025-09-18 13:03:48,902 [INFO] CodeEngine:289 - Generated code: E:\STM32CubeIDE\Project\Core\Src\usart.c
2025-09-18 13:03:48,907 [INFO] CodeEngine:265 - oldGeneratedFile, E:\STM32CubeIDE\Project\Core\Inc\usart.h_save
2025-09-18 13:03:48,951 [INFO] CodeEngine:289 - Generated code: E:\STM32CubeIDE\Project\Core\Inc\usart.h
2025-09-18 13:03:48,960 [INFO] CodeEngine:265 - oldGeneratedFile, E:\STM32CubeIDE\Project\Core\Src\usb_otg.c_save
2025-09-18 13:03:49,105 [INFO] CodeEngine:289 - Generated code: E:\STM32CubeIDE\Project\Core\Src\usb_otg.c
2025-09-18 13:03:49,110 [INFO] CodeEngine:265 - oldGeneratedFile, E:\STM32CubeIDE\Project\Core\Inc\usb_otg.h_save
2025-09-18 13:03:49,157 [INFO] CodeEngine:289 - Generated code: E:\STM32CubeIDE\Project\Core\Inc\usb_otg.h
2025-09-18 13:03:49,166 [INFO] CodeEngine:265 - oldGeneratedFile, E:\STM32CubeIDE\Project\Core\Src\stm32f7xx_it.c_save
2025-09-18 13:03:49,332 [INFO] CodeEngine:289 - Generated code: E:\STM32CubeIDE\Project\Core\Src\stm32f7xx_it.c
2025-09-18 13:03:49,337 [INFO] CodeEngine:265 - oldGeneratedFile, E:\STM32CubeIDE\Project\Core\Inc\stm32f7xx_it.h_save
2025-09-18 13:03:49,381 [INFO] CodeEngine:289 - Generated code: E:\STM32CubeIDE\Project\Core\Inc\stm32f7xx_it.h
2025-09-18 13:03:49,392 [INFO] CodeEngine:265 - oldGeneratedFile, E:\STM32CubeIDE\Project\Core\Src\stm32f7xx_hal_msp.c_save
2025-09-18 13:03:49,500 [INFO] CodeEngine:289 - Generated code: E:\STM32CubeIDE\Project\Core\Src\stm32f7xx_hal_msp.c
2025-09-18 13:03:49,502 [INFO] CodeEngine:265 - oldGeneratedFile, E:\STM32CubeIDE\Project\MXTmpFiles\system.tmp_save
2025-09-18 13:03:49,542 [INFO] CodeEngine:289 - Generated code: E:\STM32CubeIDE\Project\MXTmpFiles\system.tmp
2025-09-18 13:03:49,552 [INFO] CodeEngine:321 - oldGeneratedFile, E:\STM32CubeIDE\Project\Core\Inc\stm32f7xx_hal_conf.h_save
2025-09-18 13:03:49,689 [INFO] CodeEngine:345 - Generated code: E:\STM32CubeIDE\Project\Core\Inc\stm32f7xx_hal_conf.h
2025-09-18 13:03:49,724 [INFO] ApiDbMcu:532 - Load IP Config File for TIM2
2025-09-18 13:03:49,732 [INFO] CodeEngine:265 - oldGeneratedFile, E:\STM32CubeIDE\Project\Core\Inc\main.h_save
2025-09-18 13:03:49,840 [INFO] CodeEngine:289 - Generated code: E:\STM32CubeIDE\Project\Core\Inc\main.h
2025-09-18 13:03:49,843 [INFO] CodeEngine:265 - oldGeneratedFile, E:\STM32CubeIDE\Project\Core\Src\main.c_save
2025-09-18 13:03:49,947 [INFO] CodeEngine:289 - Generated code: E:\STM32CubeIDE\Project\Core\Src\main.c
2025-09-18 13:03:50,142 [INFO] ProjectBuilder:3606 - Time for Copy HAL[1] : 104mS.
2025-09-18 13:03:50,145 [INFO] ProjectBuilder:5216 - Project Generator version: 4.7.0-B52
2025-09-18 13:03:50,192 [INFO] ConfigFileManager:1595 - The Die is : DIE451
2025-09-18 13:03:50,853 [INFO] ProjectBuilder:5496 - Time for Generating toolchain IDE Files: 708mS.
2025-09-18 13:03:50,854 [INFO] ProjectBuilder:3463 - Time for Copy CMSIS : 0mS.
2025-09-18 13:03:50,855 [INFO] ProjectBuilder:3463 - Time for Copy CMSIS : 0mS.
2025-09-18 13:04:49,307 [INFO] UtilMem:75 - End SaveConfig() Used Memory: 796395864 Bytes (1073741824)
2025-09-18 13:04:49,748 [INFO] UtilMem:75 - End SaveConfig() Used Memory: 434827296 Bytes (1073741824)
2025-09-18 13:04:49,903 [INFO] BlockDiagram:2775 - set Specific Code input for plugin: TIM1_8F77
2025-09-18 13:04:49,903 [INFO] BlockDiagram:2775 - set Specific Code input for plugin: SYS
2025-09-18 13:04:49,903 [INFO] BlockDiagram:2775 - set Specific Code input for plugin: RCC
2025-09-18 13:04:49,903 [INFO] BlockDiagram:2775 - set Specific Code input for plugin: USB_OTG_FS
2025-09-18 13:04:49,903 [INFO] BlockDiagram:2775 - set Specific Code input for plugin: NVIC
2025-09-18 13:04:49,903 [INFO] BlockDiagram:2775 - set Specific Code input for plugin: USART
2025-09-18 13:04:49,904 [INFO] BlockDiagram:2775 - set Specific Code input for plugin: GPIO
2025-09-18 13:04:49,905 [INFO] CodeGenerator:892 - code generatio: config db path: E:\STM32CubeIDE_1.19.0\STM32CubeIDE\plugins\com.st.stm32cube.common.mx_6.15.0.202507011659\\db\
2025-09-18 13:04:49,966 [INFO] CodeEngine:265 - oldGeneratedFile, E:\STM32CubeIDE\Project\MXTmpFiles\license.tmp_save
2025-09-18 13:04:50,046 [INFO] CodeEngine:289 - Generated code: E:\STM32CubeIDE\Project\MXTmpFiles\license.tmp
2025-09-18 13:04:50,087 [INFO] CodeEngine:265 - oldGeneratedFile, E:\STM32CubeIDE\Project\Core\Src\gpio.c_save
2025-09-18 13:04:50,185 [INFO] CodeEngine:289 - Generated code: E:\STM32CubeIDE\Project\Core\Src\gpio.c
2025-09-18 13:04:50,189 [INFO] CodeEngine:265 - oldGeneratedFile, E:\STM32CubeIDE\Project\Core\Inc\gpio.h_save
2025-09-18 13:04:50,229 [INFO] CodeEngine:289 - Generated code: E:\STM32CubeIDE\Project\Core\Inc\gpio.h
2025-09-18 13:04:50,395 [WARN] IPConfigManager:3238 - Warning: the RefConfig PWREx_EnableUSBVoltageDetector is not available in your config.xml file
2025-09-18 13:04:50,403 [INFO] CodeEngine:265 - oldGeneratedFile, E:\STM32CubeIDE\Project\MXTmpFiles\cortex.tmp_save
2025-09-18 13:04:50,475 [INFO] CodeEngine:289 - Generated code: E:\STM32CubeIDE\Project\MXTmpFiles\cortex.tmp
2025-09-18 13:04:50,481 [INFO] CodeEngine:265 - oldGeneratedFile, E:\STM32CubeIDE\Project\Core\Src\tim.c_save
2025-09-18 13:04:50,585 [INFO] CodeEngine:289 - Generated code: E:\STM32CubeIDE\Project\Core\Src\tim.c
2025-09-18 13:04:50,590 [INFO] CodeEngine:265 - oldGeneratedFile, E:\STM32CubeIDE\Project\Core\Inc\tim.h_save
2025-09-18 13:04:50,636 [INFO] CodeEngine:289 - Generated code: E:\STM32CubeIDE\Project\Core\Inc\tim.h
2025-09-18 13:04:50,642 [INFO] CodeEngine:265 - oldGeneratedFile, E:\STM32CubeIDE\Project\Core\Src\usart.c_save
2025-09-18 13:04:50,738 [INFO] CodeEngine:289 - Generated code: E:\STM32CubeIDE\Project\Core\Src\usart.c
2025-09-18 13:04:50,741 [INFO] CodeEngine:265 - oldGeneratedFile, E:\STM32CubeIDE\Project\Core\Inc\usart.h_save
2025-09-18 13:04:50,780 [INFO] CodeEngine:289 - Generated code: E:\STM32CubeIDE\Project\Core\Inc\usart.h
2025-09-18 13:04:50,787 [INFO] CodeEngine:265 - oldGeneratedFile, E:\STM32CubeIDE\Project\Core\Src\usb_otg.c_save
2025-09-18 13:04:50,882 [INFO] CodeEngine:289 - Generated code: E:\STM32CubeIDE\Project\Core\Src\usb_otg.c
2025-09-18 13:04:50,886 [INFO] CodeEngine:265 - oldGeneratedFile, E:\STM32CubeIDE\Project\Core\Inc\usb_otg.h_save
2025-09-18 13:04:50,925 [INFO] CodeEngine:289 - Generated code: E:\STM32CubeIDE\Project\Core\Inc\usb_otg.h
2025-09-18 13:04:50,933 [INFO] CodeEngine:265 - oldGeneratedFile, E:\STM32CubeIDE\Project\Core\Src\stm32f7xx_it.c_save
2025-09-18 13:04:51,017 [INFO] CodeEngine:289 - Generated code: E:\STM32CubeIDE\Project\Core\Src\stm32f7xx_it.c
2025-09-18 13:04:51,019 [INFO] CodeEngine:265 - oldGeneratedFile, E:\STM32CubeIDE\Project\Core\Inc\stm32f7xx_it.h_save
2025-09-18 13:04:51,060 [INFO] CodeEngine:289 - Generated code: E:\STM32CubeIDE\Project\Core\Inc\stm32f7xx_it.h
2025-09-18 13:04:51,069 [INFO] CodeEngine:265 - oldGeneratedFile, E:\STM32CubeIDE\Project\Core\Src\stm32f7xx_hal_msp.c_save
2025-09-18 13:04:51,197 [INFO] CodeEngine:289 - Generated code: E:\STM32CubeIDE\Project\Core\Src\stm32f7xx_hal_msp.c
2025-09-18 13:04:51,200 [INFO] CodeEngine:265 - oldGeneratedFile, E:\STM32CubeIDE\Project\MXTmpFiles\system.tmp_save
2025-09-18 13:04:51,244 [INFO] CodeEngine:289 - Generated code: E:\STM32CubeIDE\Project\MXTmpFiles\system.tmp
2025-09-18 13:04:51,258 [INFO] CodeEngine:321 - oldGeneratedFile, E:\STM32CubeIDE\Project\Core\Inc\stm32f7xx_hal_conf.h_save
2025-09-18 13:04:51,369 [INFO] CodeEngine:345 - Generated code: E:\STM32CubeIDE\Project\Core\Inc\stm32f7xx_hal_conf.h
2025-09-18 13:04:51,394 [INFO] CodeEngine:265 - oldGeneratedFile, E:\STM32CubeIDE\Project\Core\Inc\main.h_save
2025-09-18 13:04:51,489 [INFO] CodeEngine:289 - Generated code: E:\STM32CubeIDE\Project\Core\Inc\main.h
2025-09-18 13:04:51,493 [INFO] CodeEngine:265 - oldGeneratedFile, E:\STM32CubeIDE\Project\Core\Src\main.c_save
2025-09-18 13:04:51,559 [INFO] CodeEngine:289 - Generated code: E:\STM32CubeIDE\Project\Core\Src\main.c
2025-09-18 13:04:51,743 [INFO] ProjectBuilder:3606 - Time for Copy HAL[1] : 93mS.
2025-09-18 13:04:51,745 [INFO] ProjectBuilder:5216 - Project Generator version: 4.7.0-B52
2025-09-18 13:04:51,789 [INFO] ConfigFileManager:1595 - The Die is : DIE451
2025-09-18 13:04:52,232 [INFO] ProjectBuilder:5496 - Time for Generating toolchain IDE Files: 487mS.
2025-09-18 13:04:52,233 [INFO] ProjectBuilder:3463 - Time for Copy CMSIS : 0mS.
2025-09-18 13:04:52,234 [INFO] ProjectBuilder:3463 - Time for Copy CMSIS : 0mS.
2025-09-18 13:05:59,410 [INFO] UtilMem:75 - End SaveConfig() Used Memory: 661545688 Bytes (1073741824)
2025-09-18 13:05:59,839 [INFO] UtilMem:75 - End SaveConfig() Used Memory: 706112216 Bytes (1073741824)
2025-09-18 13:06:00,011 [INFO] BlockDiagram:2775 - set Specific Code input for plugin: TIM1_8F77
2025-09-18 13:06:00,011 [INFO] BlockDiagram:2775 - set Specific Code input for plugin: SYS
2025-09-18 13:06:00,011 [INFO] BlockDiagram:2775 - set Specific Code input for plugin: RCC
2025-09-18 13:06:00,011 [INFO] BlockDiagram:2775 - set Specific Code input for plugin: USB_OTG_FS
2025-09-18 13:06:00,011 [INFO] BlockDiagram:2775 - set Specific Code input for plugin: NVIC
2025-09-18 13:06:00,011 [INFO] BlockDiagram:2775 - set Specific Code input for plugin: USART
2025-09-18 13:06:00,012 [INFO] BlockDiagram:2775 - set Specific Code input for plugin: GPIO
2025-09-18 13:06:00,012 [INFO] CodeGenerator:892 - code generatio: config db path: E:\STM32CubeIDE_1.19.0\STM32CubeIDE\plugins\com.st.stm32cube.common.mx_6.15.0.202507011659\\db\
2025-09-18 13:06:00,088 [INFO] CodeEngine:265 - oldGeneratedFile, E:\STM32CubeIDE\Project\MXTmpFiles\license.tmp_save
2025-09-18 13:06:00,160 [INFO] CodeEngine:289 - Generated code: E:\STM32CubeIDE\Project\MXTmpFiles\license.tmp
2025-09-18 13:06:00,193 [INFO] CodeEngine:265 - oldGeneratedFile, E:\STM32CubeIDE\Project\Core\Src\gpio.c_save
2025-09-18 13:06:00,278 [INFO] CodeEngine:289 - Generated code: E:\STM32CubeIDE\Project\Core\Src\gpio.c
2025-09-18 13:06:00,282 [INFO] CodeEngine:265 - oldGeneratedFile, E:\STM32CubeIDE\Project\Core\Inc\gpio.h_save
2025-09-18 13:06:00,320 [INFO] CodeEngine:289 - Generated code: E:\STM32CubeIDE\Project\Core\Inc\gpio.h
2025-09-18 13:06:00,467 [WARN] IPConfigManager:3238 - Warning: the RefConfig PWREx_EnableUSBVoltageDetector is not available in your config.xml file
2025-09-18 13:06:00,476 [INFO] CodeEngine:265 - oldGeneratedFile, E:\STM32CubeIDE\Project\MXTmpFiles\cortex.tmp_save
2025-09-18 13:06:00,548 [INFO] CodeEngine:289 - Generated code: E:\STM32CubeIDE\Project\MXTmpFiles\cortex.tmp
2025-09-18 13:06:00,555 [INFO] CodeEngine:265 - oldGeneratedFile, E:\STM32CubeIDE\Project\Core\Src\tim.c_save
2025-09-18 13:06:00,681 [INFO] CodeEngine:289 - Generated code: E:\STM32CubeIDE\Project\Core\Src\tim.c
2025-09-18 13:06:00,686 [INFO] CodeEngine:265 - oldGeneratedFile, E:\STM32CubeIDE\Project\Core\Inc\tim.h_save
2025-09-18 13:06:00,725 [INFO] CodeEngine:289 - Generated code: E:\STM32CubeIDE\Project\Core\Inc\tim.h
2025-09-18 13:06:00,732 [INFO] CodeEngine:265 - oldGeneratedFile, E:\STM32CubeIDE\Project\Core\Src\usart.c_save
2025-09-18 13:06:00,825 [INFO] CodeEngine:289 - Generated code: E:\STM32CubeIDE\Project\Core\Src\usart.c
2025-09-18 13:06:00,830 [INFO] CodeEngine:265 - oldGeneratedFile, E:\STM32CubeIDE\Project\Core\Inc\usart.h_save
2025-09-18 13:06:00,870 [INFO] CodeEngine:289 - Generated code: E:\STM32CubeIDE\Project\Core\Inc\usart.h
2025-09-18 13:06:00,876 [INFO] CodeEngine:265 - oldGeneratedFile, E:\STM32CubeIDE\Project\Core\Src\usb_otg.c_save
2025-09-18 13:06:00,972 [INFO] CodeEngine:289 - Generated code: E:\STM32CubeIDE\Project\Core\Src\usb_otg.c
2025-09-18 13:06:00,975 [INFO] CodeEngine:265 - oldGeneratedFile, E:\STM32CubeIDE\Project\Core\Inc\usb_otg.h_save
2025-09-18 13:06:01,014 [INFO] CodeEngine:289 - Generated code: E:\STM32CubeIDE\Project\Core\Inc\usb_otg.h
2025-09-18 13:06:01,025 [INFO] CodeEngine:265 - oldGeneratedFile, E:\STM32CubeIDE\Project\Core\Src\stm32f7xx_it.c_save
2025-09-18 13:06:01,145 [INFO] CodeEngine:289 - Generated code: E:\STM32CubeIDE\Project\Core\Src\stm32f7xx_it.c
2025-09-18 13:06:01,148 [INFO] CodeEngine:265 - oldGeneratedFile, E:\STM32CubeIDE\Project\Core\Inc\stm32f7xx_it.h_save
2025-09-18 13:06:01,207 [INFO] CodeEngine:289 - Generated code: E:\STM32CubeIDE\Project\Core\Inc\stm32f7xx_it.h
2025-09-18 13:06:01,218 [INFO] CodeEngine:265 - oldGeneratedFile, E:\STM32CubeIDE\Project\Core\Src\stm32f7xx_hal_msp.c_save
2025-09-18 13:06:01,315 [INFO] CodeEngine:289 - Generated code: E:\STM32CubeIDE\Project\Core\Src\stm32f7xx_hal_msp.c
2025-09-18 13:06:01,319 [INFO] CodeEngine:265 - oldGeneratedFile, E:\STM32CubeIDE\Project\MXTmpFiles\system.tmp_save
2025-09-18 13:06:01,359 [INFO] CodeEngine:289 - Generated code: E:\STM32CubeIDE\Project\MXTmpFiles\system.tmp
2025-09-18 13:06:01,368 [INFO] CodeEngine:321 - oldGeneratedFile, E:\STM32CubeIDE\Project\Core\Inc\stm32f7xx_hal_conf.h_save
2025-09-18 13:06:01,487 [INFO] CodeEngine:345 - Generated code: E:\STM32CubeIDE\Project\Core\Inc\stm32f7xx_hal_conf.h
2025-09-18 13:06:01,514 [INFO] CodeEngine:265 - oldGeneratedFile, E:\STM32CubeIDE\Project\Core\Inc\main.h_save
2025-09-18 13:06:01,600 [INFO] CodeEngine:289 - Generated code: E:\STM32CubeIDE\Project\Core\Inc\main.h
2025-09-18 13:06:01,603 [INFO] CodeEngine:265 - oldGeneratedFile, E:\STM32CubeIDE\Project\Core\Src\main.c_save
2025-09-18 13:06:01,670 [INFO] CodeEngine:289 - Generated code: E:\STM32CubeIDE\Project\Core\Src\main.c
2025-09-18 13:06:01,946 [INFO] ProjectBuilder:3606 - Time for Copy HAL[1] : 154mS.
2025-09-18 13:06:01,948 [INFO] ProjectBuilder:5216 - Project Generator version: 4.7.0-B52
2025-09-18 13:06:01,993 [INFO] ConfigFileManager:1595 - The Die is : DIE451
2025-09-18 13:06:02,402 [INFO] ProjectBuilder:5496 - Time for Generating toolchain IDE Files: 455mS.
2025-09-18 13:06:02,403 [INFO] ProjectBuilder:3463 - Time for Copy CMSIS : 0mS.
2025-09-18 13:06:02,404 [INFO] ProjectBuilder:3463 - Time for Copy CMSIS : 0mS.
2025-09-18 13:08:10,596 [INFO] UtilMem:75 - End SaveConfig() Used Memory: 435042504 Bytes (1073741824)
2025-09-18 13:08:10,749 [INFO] BlockDiagram:2775 - set Specific Code input for plugin: TIM1_8F77
2025-09-18 13:08:10,749 [INFO] BlockDiagram:2775 - set Specific Code input for plugin: SYS
2025-09-18 13:08:10,749 [INFO] BlockDiagram:2775 - set Specific Code input for plugin: RCC
2025-09-18 13:08:10,749 [INFO] BlockDiagram:2775 - set Specific Code input for plugin: USB_OTG_FS
2025-09-18 13:08:10,749 [INFO] BlockDiagram:2775 - set Specific Code input for plugin: NVIC
2025-09-18 13:08:10,749 [INFO] BlockDiagram:2775 - set Specific Code input for plugin: USART
2025-09-18 13:08:10,749 [INFO] BlockDiagram:2775 - set Specific Code input for plugin: GPIO
2025-09-18 13:08:10,750 [INFO] CodeGenerator:892 - code generatio: config db path: E:\STM32CubeIDE_1.19.0\STM32CubeIDE\plugins\com.st.stm32cube.common.mx_6.15.0.202507011659\\db\
2025-09-18 13:08:10,815 [INFO] CodeEngine:265 - oldGeneratedFile, E:\STM32CubeIDE\Project\MXTmpFiles\license.tmp_save
2025-09-18 13:08:10,887 [INFO] CodeEngine:289 - Generated code: E:\STM32CubeIDE\Project\MXTmpFiles\license.tmp
2025-09-18 13:08:10,919 [INFO] CodeEngine:265 - oldGeneratedFile, E:\STM32CubeIDE\Project\Core\Src\gpio.c_save
2025-09-18 13:08:11,008 [INFO] CodeEngine:289 - Generated code: E:\STM32CubeIDE\Project\Core\Src\gpio.c
2025-09-18 13:08:11,011 [INFO] CodeEngine:265 - oldGeneratedFile, E:\STM32CubeIDE\Project\Core\Inc\gpio.h_save
2025-09-18 13:08:11,051 [INFO] CodeEngine:289 - Generated code: E:\STM32CubeIDE\Project\Core\Inc\gpio.h
2025-09-18 13:08:11,182 [WARN] IPConfigManager:3238 - Warning: the RefConfig PWREx_EnableUSBVoltageDetector is not available in your config.xml file
2025-09-18 13:08:11,190 [INFO] CodeEngine:265 - oldGeneratedFile, E:\STM32CubeIDE\Project\MXTmpFiles\cortex.tmp_save
2025-09-18 13:08:11,260 [INFO] CodeEngine:289 - Generated code: E:\STM32CubeIDE\Project\MXTmpFiles\cortex.tmp
2025-09-18 13:08:11,267 [INFO] CodeEngine:265 - oldGeneratedFile, E:\STM32CubeIDE\Project\Core\Src\tim.c_save
2025-09-18 13:08:11,361 [INFO] CodeEngine:289 - Generated code: E:\STM32CubeIDE\Project\Core\Src\tim.c
2025-09-18 13:08:11,363 [INFO] CodeEngine:265 - oldGeneratedFile, E:\STM32CubeIDE\Project\Core\Inc\tim.h_save
2025-09-18 13:08:11,402 [INFO] CodeEngine:289 - Generated code: E:\STM32CubeIDE\Project\Core\Inc\tim.h
2025-09-18 13:08:11,409 [INFO] CodeEngine:265 - oldGeneratedFile, E:\STM32CubeIDE\Project\Core\Src\usart.c_save
2025-09-18 13:08:11,503 [INFO] CodeEngine:289 - Generated code: E:\STM32CubeIDE\Project\Core\Src\usart.c
2025-09-18 13:08:11,506 [INFO] CodeEngine:265 - oldGeneratedFile, E:\STM32CubeIDE\Project\Core\Inc\usart.h_save
2025-09-18 13:08:11,543 [INFO] CodeEngine:289 - Generated code: E:\STM32CubeIDE\Project\Core\Inc\usart.h
2025-09-18 13:08:11,548 [INFO] CodeEngine:265 - oldGeneratedFile, E:\STM32CubeIDE\Project\Core\Src\usb_otg.c_save
2025-09-18 13:08:11,640 [INFO] CodeEngine:289 - Generated code: E:\STM32CubeIDE\Project\Core\Src\usb_otg.c
2025-09-18 13:08:11,643 [INFO] CodeEngine:265 - oldGeneratedFile, E:\STM32CubeIDE\Project\Core\Inc\usb_otg.h_save
2025-09-18 13:08:11,680 [INFO] CodeEngine:289 - Generated code: E:\STM32CubeIDE\Project\Core\Inc\usb_otg.h
2025-09-18 13:08:11,689 [INFO] CodeEngine:265 - oldGeneratedFile, E:\STM32CubeIDE\Project\Core\Src\stm32f7xx_it.c_save
2025-09-18 13:08:11,771 [INFO] CodeEngine:289 - Generated code: E:\STM32CubeIDE\Project\Core\Src\stm32f7xx_it.c
2025-09-18 13:08:11,774 [INFO] CodeEngine:265 - oldGeneratedFile, E:\STM32CubeIDE\Project\Core\Inc\stm32f7xx_it.h_save
2025-09-18 13:08:11,814 [INFO] CodeEngine:289 - Generated code: E:\STM32CubeIDE\Project\Core\Inc\stm32f7xx_it.h
2025-09-18 13:08:11,823 [INFO] CodeEngine:265 - oldGeneratedFile, E:\STM32CubeIDE\Project\Core\Src\stm32f7xx_hal_msp.c_save
2025-09-18 13:08:11,931 [INFO] CodeEngine:289 - Generated code: E:\STM32CubeIDE\Project\Core\Src\stm32f7xx_hal_msp.c
2025-09-18 13:08:11,933 [INFO] CodeEngine:265 - oldGeneratedFile, E:\STM32CubeIDE\Project\MXTmpFiles\system.tmp_save
2025-09-18 13:08:11,969 [INFO] CodeEngine:289 - Generated code: E:\STM32CubeIDE\Project\MXTmpFiles\system.tmp
2025-09-18 13:08:11,983 [INFO] CodeEngine:321 - oldGeneratedFile, E:\STM32CubeIDE\Project\Core\Inc\stm32f7xx_hal_conf.h_save
2025-09-18 13:08:12,095 [INFO] CodeEngine:345 - Generated code: E:\STM32CubeIDE\Project\Core\Inc\stm32f7xx_hal_conf.h
2025-09-18 13:08:12,119 [INFO] CodeEngine:265 - oldGeneratedFile, E:\STM32CubeIDE\Project\Core\Inc\main.h_save
2025-09-18 13:08:12,201 [INFO] CodeEngine:289 - Generated code: E:\STM32CubeIDE\Project\Core\Inc\main.h
2025-09-18 13:08:12,204 [INFO] CodeEngine:265 - oldGeneratedFile, E:\STM32CubeIDE\Project\Core\Src\main.c_save
2025-09-18 13:08:12,268 [INFO] CodeEngine:289 - Generated code: E:\STM32CubeIDE\Project\Core\Src\main.c
2025-09-18 13:08:12,510 [INFO] ProjectBuilder:3606 - Time for Copy HAL[1] : 97mS.
2025-09-18 13:08:12,512 [INFO] ProjectBuilder:5216 - Project Generator version: 4.7.0-B52
2025-09-18 13:08:12,553 [INFO] ConfigFileManager:1595 - The Die is : DIE451
2025-09-18 13:08:12,967 [INFO] ProjectBuilder:5496 - Time for Generating toolchain IDE Files: 455mS.
2025-09-18 13:08:12,968 [INFO] ProjectBuilder:3463 - Time for Copy CMSIS : 1mS.
2025-09-18 13:08:12,969 [INFO] ProjectBuilder:3463 - Time for Copy CMSIS : 0mS.
2025-09-18 13:13:28,917 [INFO] NvicIntPanel:101 - NVIC parent = com.st.microxplorer.plugins.ip.nvic.MultiNvicIntPanel[,0,0,0x0,invalid,layout=javax.swing.BoxLayout,alignmentX=0.0,alignmentY=0.0,border=,flags=9,maximumSize=,minimumSize=,preferredSize=]
2025-09-18 13:14:01,172 [INFO] UtilMem:75 - End SaveConfig() Used Memory: 704395072 Bytes (1073741824)
2025-09-18 13:14:01,521 [INFO] UtilMem:75 - End SaveConfig() Used Memory: 756825880 Bytes (1073741824)
2025-09-18 13:14:01,739 [INFO] BlockDiagram:2775 - set Specific Code input for plugin: TIM1_8F77
2025-09-18 13:14:01,739 [INFO] BlockDiagram:2775 - set Specific Code input for plugin: SYS
2025-09-18 13:14:01,739 [INFO] BlockDiagram:2775 - set Specific Code input for plugin: RCC
2025-09-18 13:14:01,739 [INFO] BlockDiagram:2775 - set Specific Code input for plugin: USB_OTG_FS
2025-09-18 13:14:01,739 [INFO] BlockDiagram:2775 - set Specific Code input for plugin: NVIC
2025-09-18 13:14:01,739 [INFO] BlockDiagram:2775 - set Specific Code input for plugin: USART
2025-09-18 13:14:01,740 [INFO] BlockDiagram:2775 - set Specific Code input for plugin: GPIO
2025-09-18 13:14:01,740 [INFO] CodeGenerator:892 - code generatio: config db path: E:\STM32CubeIDE_1.19.0\STM32CubeIDE\plugins\com.st.stm32cube.common.mx_6.15.0.202507011659\\db\
2025-09-18 13:14:01,808 [INFO] CodeEngine:265 - oldGeneratedFile, E:\STM32CubeIDE\Project\MXTmpFiles\license.tmp_save
2025-09-18 13:14:01,961 [INFO] CodeEngine:289 - Generated code: E:\STM32CubeIDE\Project\MXTmpFiles\license.tmp
2025-09-18 13:14:02,009 [INFO] CodeEngine:265 - oldGeneratedFile, E:\STM32CubeIDE\Project\Core\Src\gpio.c_save
2025-09-18 13:14:02,149 [INFO] CodeEngine:289 - Generated code: E:\STM32CubeIDE\Project\Core\Src\gpio.c
2025-09-18 13:14:02,154 [INFO] CodeEngine:265 - oldGeneratedFile, E:\STM32CubeIDE\Project\Core\Inc\gpio.h_save
2025-09-18 13:14:02,208 [INFO] CodeEngine:289 - Generated code: E:\STM32CubeIDE\Project\Core\Inc\gpio.h
2025-09-18 13:14:02,382 [WARN] IPConfigManager:3238 - Warning: the RefConfig PWREx_EnableUSBVoltageDetector is not available in your config.xml file
2025-09-18 13:14:02,391 [INFO] CodeEngine:265 - oldGeneratedFile, E:\STM32CubeIDE\Project\MXTmpFiles\cortex.tmp_save
2025-09-18 13:14:02,477 [INFO] CodeEngine:289 - Generated code: E:\STM32CubeIDE\Project\MXTmpFiles\cortex.tmp
2025-09-18 13:14:02,484 [INFO] CodeEngine:265 - oldGeneratedFile, E:\STM32CubeIDE\Project\Core\Src\tim.c_save
2025-09-18 13:14:02,620 [INFO] CodeEngine:289 - Generated code: E:\STM32CubeIDE\Project\Core\Src\tim.c
2025-09-18 13:14:02,624 [INFO] CodeEngine:265 - oldGeneratedFile, E:\STM32CubeIDE\Project\Core\Inc\tim.h_save
2025-09-18 13:14:02,681 [INFO] CodeEngine:289 - Generated code: E:\STM32CubeIDE\Project\Core\Inc\tim.h
2025-09-18 13:14:02,689 [INFO] CodeEngine:265 - oldGeneratedFile, E:\STM32CubeIDE\Project\Core\Src\usart.c_save
2025-09-18 13:14:02,787 [INFO] CodeEngine:289 - Generated code: E:\STM32CubeIDE\Project\Core\Src\usart.c
2025-09-18 13:14:02,793 [INFO] CodeEngine:265 - oldGeneratedFile, E:\STM32CubeIDE\Project\Core\Inc\usart.h_save
2025-09-18 13:14:02,842 [INFO] CodeEngine:289 - Generated code: E:\STM32CubeIDE\Project\Core\Inc\usart.h
2025-09-18 13:14:02,850 [INFO] CodeEngine:265 - oldGeneratedFile, E:\STM32CubeIDE\Project\Core\Src\usb_otg.c_save
2025-09-18 13:14:02,948 [INFO] CodeEngine:289 - Generated code: E:\STM32CubeIDE\Project\Core\Src\usb_otg.c
2025-09-18 13:14:02,952 [INFO] CodeEngine:265 - oldGeneratedFile, E:\STM32CubeIDE\Project\Core\Inc\usb_otg.h_save
2025-09-18 13:14:02,992 [INFO] CodeEngine:289 - Generated code: E:\STM32CubeIDE\Project\Core\Inc\usb_otg.h
2025-09-18 13:14:03,002 [INFO] CodeEngine:265 - oldGeneratedFile, E:\STM32CubeIDE\Project\Core\Src\stm32f7xx_it.c_save
2025-09-18 13:14:03,092 [INFO] CodeEngine:289 - Generated code: E:\STM32CubeIDE\Project\Core\Src\stm32f7xx_it.c
2025-09-18 13:14:03,095 [INFO] CodeEngine:265 - oldGeneratedFile, E:\STM32CubeIDE\Project\Core\Inc\stm32f7xx_it.h_save
2025-09-18 13:14:03,144 [INFO] CodeEngine:289 - Generated code: E:\STM32CubeIDE\Project\Core\Inc\stm32f7xx_it.h
2025-09-18 13:14:03,152 [INFO] CodeEngine:265 - oldGeneratedFile, E:\STM32CubeIDE\Project\Core\Src\stm32f7xx_hal_msp.c_save
2025-09-18 13:14:03,251 [INFO] CodeEngine:289 - Generated code: E:\STM32CubeIDE\Project\Core\Src\stm32f7xx_hal_msp.c
2025-09-18 13:14:03,253 [INFO] CodeEngine:265 - oldGeneratedFile, E:\STM32CubeIDE\Project\MXTmpFiles\system.tmp_save
2025-09-18 13:14:03,287 [INFO] CodeEngine:289 - Generated code: E:\STM32CubeIDE\Project\MXTmpFiles\system.tmp
2025-09-18 13:14:03,300 [INFO] CodeEngine:321 - oldGeneratedFile, E:\STM32CubeIDE\Project\Core\Inc\stm32f7xx_hal_conf.h_save
2025-09-18 13:14:03,407 [INFO] CodeEngine:345 - Generated code: E:\STM32CubeIDE\Project\Core\Inc\stm32f7xx_hal_conf.h
2025-09-18 13:14:03,435 [INFO] CodeEngine:265 - oldGeneratedFile, E:\STM32CubeIDE\Project\Core\Inc\main.h_save
2025-09-18 13:14:03,542 [INFO] CodeEngine:289 - Generated code: E:\STM32CubeIDE\Project\Core\Inc\main.h
2025-09-18 13:14:03,546 [INFO] CodeEngine:265 - oldGeneratedFile, E:\STM32CubeIDE\Project\Core\Src\main.c_save
2025-09-18 13:14:03,606 [INFO] CodeEngine:289 - Generated code: E:\STM32CubeIDE\Project\Core\Src\main.c
2025-09-18 13:14:03,827 [INFO] ProjectBuilder:3606 - Time for Copy HAL[1] : 87mS.
2025-09-18 13:14:03,830 [INFO] ProjectBuilder:5216 - Project Generator version: 4.7.0-B52
2025-09-18 13:14:03,872 [INFO] ConfigFileManager:1595 - The Die is : DIE451
2025-09-18 13:14:04,245 [INFO] ProjectBuilder:5496 - Time for Generating toolchain IDE Files: 415mS.
2025-09-18 13:14:04,246 [INFO] ProjectBuilder:3463 - Time for Copy CMSIS : 0mS.
2025-09-18 13:14:04,247 [INFO] ProjectBuilder:3463 - Time for Copy CMSIS : 0mS.
2025-09-18 13:16:53,370 [INFO] UtilMem:75 - End SaveConfig() Used Memory: 608187320 Bytes (1073741824)
2025-09-18 13:16:53,499 [INFO] BlockDiagram:2775 - set Specific Code input for plugin: TIM1_8F77
2025-09-18 13:16:53,499 [INFO] BlockDiagram:2775 - set Specific Code input for plugin: SYS
2025-09-18 13:16:53,499 [INFO] BlockDiagram:2775 - set Specific Code input for plugin: RCC
2025-09-18 13:16:53,499 [INFO] BlockDiagram:2775 - set Specific Code input for plugin: USB_OTG_FS
2025-09-18 13:16:53,499 [INFO] BlockDiagram:2775 - set Specific Code input for plugin: NVIC
2025-09-18 13:16:53,499 [INFO] BlockDiagram:2775 - set Specific Code input for plugin: USART
2025-09-18 13:16:53,500 [INFO] BlockDiagram:2775 - set Specific Code input for plugin: GPIO
2025-09-18 13:16:53,501 [INFO] CodeGenerator:892 - code generatio: config db path: E:\STM32CubeIDE_1.19.0\STM32CubeIDE\plugins\com.st.stm32cube.common.mx_6.15.0.202507011659\\db\
2025-09-18 13:16:53,554 [INFO] CodeEngine:265 - oldGeneratedFile, E:\STM32CubeIDE\Project\MXTmpFiles\license.tmp_save
2025-09-18 13:16:53,632 [INFO] CodeEngine:289 - Generated code: E:\STM32CubeIDE\Project\MXTmpFiles\license.tmp
2025-09-18 13:16:53,663 [INFO] CodeEngine:265 - oldGeneratedFile, E:\STM32CubeIDE\Project\Core\Src\gpio.c_save
2025-09-18 13:16:53,742 [INFO] CodeEngine:289 - Generated code: E:\STM32CubeIDE\Project\Core\Src\gpio.c
2025-09-18 13:16:53,744 [INFO] CodeEngine:265 - oldGeneratedFile, E:\STM32CubeIDE\Project\Core\Inc\gpio.h_save
2025-09-18 13:16:53,781 [INFO] CodeEngine:289 - Generated code: E:\STM32CubeIDE\Project\Core\Inc\gpio.h
2025-09-18 13:16:53,925 [WARN] IPConfigManager:3238 - Warning: the RefConfig PWREx_EnableUSBVoltageDetector is not available in your config.xml file
2025-09-18 13:16:53,932 [INFO] CodeEngine:265 - oldGeneratedFile, E:\STM32CubeIDE\Project\MXTmpFiles\cortex.tmp_save
2025-09-18 13:16:54,004 [INFO] CodeEngine:289 - Generated code: E:\STM32CubeIDE\Project\MXTmpFiles\cortex.tmp
2025-09-18 13:16:54,010 [INFO] CodeEngine:265 - oldGeneratedFile, E:\STM32CubeIDE\Project\Core\Src\tim.c_save
2025-09-18 13:16:54,101 [INFO] CodeEngine:289 - Generated code: E:\STM32CubeIDE\Project\Core\Src\tim.c
2025-09-18 13:16:54,105 [INFO] CodeEngine:265 - oldGeneratedFile, E:\STM32CubeIDE\Project\Core\Inc\tim.h_save
2025-09-18 13:16:54,146 [INFO] CodeEngine:289 - Generated code: E:\STM32CubeIDE\Project\Core\Inc\tim.h
2025-09-18 13:16:54,152 [INFO] CodeEngine:265 - oldGeneratedFile, E:\STM32CubeIDE\Project\Core\Src\usart.c_save
2025-09-18 13:16:54,242 [INFO] CodeEngine:289 - Generated code: E:\STM32CubeIDE\Project\Core\Src\usart.c
2025-09-18 13:16:54,245 [INFO] CodeEngine:265 - oldGeneratedFile, E:\STM32CubeIDE\Project\Core\Inc\usart.h_save
2025-09-18 13:16:54,284 [INFO] CodeEngine:289 - Generated code: E:\STM32CubeIDE\Project\Core\Inc\usart.h
2025-09-18 13:16:54,289 [INFO] CodeEngine:265 - oldGeneratedFile, E:\STM32CubeIDE\Project\Core\Src\usb_otg.c_save
2025-09-18 13:16:54,379 [INFO] CodeEngine:289 - Generated code: E:\STM32CubeIDE\Project\Core\Src\usb_otg.c
2025-09-18 13:16:54,383 [INFO] CodeEngine:265 - oldGeneratedFile, E:\STM32CubeIDE\Project\Core\Inc\usb_otg.h_save
2025-09-18 13:16:54,428 [INFO] CodeEngine:289 - Generated code: E:\STM32CubeIDE\Project\Core\Inc\usb_otg.h
2025-09-18 13:16:54,437 [INFO] CodeEngine:265 - oldGeneratedFile, E:\STM32CubeIDE\Project\Core\Src\stm32f7xx_it.c_save
2025-09-18 13:16:54,521 [INFO] CodeEngine:289 - Generated code: E:\STM32CubeIDE\Project\Core\Src\stm32f7xx_it.c
2025-09-18 13:16:54,524 [INFO] CodeEngine:265 - oldGeneratedFile, E:\STM32CubeIDE\Project\Core\Inc\stm32f7xx_it.h_save
2025-09-18 13:16:54,561 [INFO] CodeEngine:289 - Generated code: E:\STM32CubeIDE\Project\Core\Inc\stm32f7xx_it.h
2025-09-18 13:16:54,570 [INFO] CodeEngine:265 - oldGeneratedFile, E:\STM32CubeIDE\Project\Core\Src\stm32f7xx_hal_msp.c_save
2025-09-18 13:16:54,660 [INFO] CodeEngine:289 - Generated code: E:\STM32CubeIDE\Project\Core\Src\stm32f7xx_hal_msp.c
2025-09-18 13:16:54,663 [INFO] CodeEngine:265 - oldGeneratedFile, E:\STM32CubeIDE\Project\MXTmpFiles\system.tmp_save
2025-09-18 13:16:54,697 [INFO] CodeEngine:289 - Generated code: E:\STM32CubeIDE\Project\MXTmpFiles\system.tmp
2025-09-18 13:16:54,705 [INFO] CodeEngine:321 - oldGeneratedFile, E:\STM32CubeIDE\Project\Core\Inc\stm32f7xx_hal_conf.h_save
2025-09-18 13:16:54,810 [INFO] CodeEngine:345 - Generated code: E:\STM32CubeIDE\Project\Core\Inc\stm32f7xx_hal_conf.h
2025-09-18 13:16:54,833 [INFO] CodeEngine:265 - oldGeneratedFile, E:\STM32CubeIDE\Project\Core\Inc\main.h_save
2025-09-18 13:16:54,923 [INFO] CodeEngine:289 - Generated code: E:\STM32CubeIDE\Project\Core\Inc\main.h
2025-09-18 13:16:54,926 [INFO] CodeEngine:265 - oldGeneratedFile, E:\STM32CubeIDE\Project\Core\Src\main.c_save
2025-09-18 13:16:54,992 [INFO] CodeEngine:289 - Generated code: E:\STM32CubeIDE\Project\Core\Src\main.c
2025-09-18 13:16:55,246 [INFO] ProjectBuilder:3606 - Time for Copy HAL[1] : 95mS.
2025-09-18 13:16:55,249 [INFO] ProjectBuilder:5216 - Project Generator version: 4.7.0-B52
2025-09-18 13:16:55,291 [INFO] ConfigFileManager:1595 - The Die is : DIE451
2025-09-18 13:16:55,636 [INFO] ProjectBuilder:5496 - Time for Generating toolchain IDE Files: 387mS.
2025-09-18 13:16:55,637 [INFO] ProjectBuilder:3463 - Time for Copy CMSIS : 1mS.
2025-09-18 13:16:55,638 [INFO] ProjectBuilder:3463 - Time for Copy CMSIS : 0mS.
2025-09-18 13:18:18,415 [INFO] NvicIntPanel:101 - NVIC parent = com.st.microxplorer.plugins.ip.nvic.MultiNvicIntPanel[,0,0,0x0,invalid,layout=javax.swing.BoxLayout,alignmentX=0.0,alignmentY=0.0,border=,flags=9,maximumSize=,minimumSize=,preferredSize=]
2025-09-18 13:18:27,528 [INFO] UtilMem:75 - End SaveConfig() Used Memory: 526404656 Bytes (1073741824)
2025-09-18 13:18:27,891 [INFO] UtilMem:75 - End SaveConfig() Used Memory: 621825072 Bytes (1073741824)
2025-09-18 13:18:28,008 [INFO] BlockDiagram:2775 - set Specific Code input for plugin: TIM1_8F77
2025-09-18 13:18:28,008 [INFO] BlockDiagram:2775 - set Specific Code input for plugin: SYS
2025-09-18 13:18:28,008 [INFO] BlockDiagram:2775 - set Specific Code input for plugin: RCC
2025-09-18 13:18:28,008 [INFO] BlockDiagram:2775 - set Specific Code input for plugin: USB_OTG_FS
2025-09-18 13:18:28,008 [INFO] BlockDiagram:2775 - set Specific Code input for plugin: NVIC
2025-09-18 13:18:28,009 [INFO] BlockDiagram:2775 - set Specific Code input for plugin: USART
2025-09-18 13:18:28,009 [INFO] BlockDiagram:2775 - set Specific Code input for plugin: GPIO
2025-09-18 13:18:28,009 [INFO] CodeGenerator:892 - code generatio: config db path: E:\STM32CubeIDE_1.19.0\STM32CubeIDE\plugins\com.st.stm32cube.common.mx_6.15.0.202507011659\\db\
2025-09-18 13:18:28,061 [INFO] CodeEngine:265 - oldGeneratedFile, E:\STM32CubeIDE\Project\MXTmpFiles\license.tmp_save
2025-09-18 13:18:28,132 [INFO] CodeEngine:289 - Generated code: E:\STM32CubeIDE\Project\MXTmpFiles\license.tmp
2025-09-18 13:18:28,163 [INFO] CodeEngine:265 - oldGeneratedFile, E:\STM32CubeIDE\Project\Core\Src\gpio.c_save
2025-09-18 13:18:28,240 [INFO] CodeEngine:289 - Generated code: E:\STM32CubeIDE\Project\Core\Src\gpio.c
2025-09-18 13:18:28,244 [INFO] CodeEngine:265 - oldGeneratedFile, E:\STM32CubeIDE\Project\Core\Inc\gpio.h_save
2025-09-18 13:18:28,281 [INFO] CodeEngine:289 - Generated code: E:\STM32CubeIDE\Project\Core\Inc\gpio.h
2025-09-18 13:18:28,410 [WARN] IPConfigManager:3238 - Warning: the RefConfig PWREx_EnableUSBVoltageDetector is not available in your config.xml file
2025-09-18 13:18:28,418 [INFO] CodeEngine:265 - oldGeneratedFile, E:\STM32CubeIDE\Project\MXTmpFiles\cortex.tmp_save
2025-09-18 13:18:28,484 [INFO] CodeEngine:289 - Generated code: E:\STM32CubeIDE\Project\MXTmpFiles\cortex.tmp
2025-09-18 13:18:28,490 [INFO] CodeEngine:265 - oldGeneratedFile, E:\STM32CubeIDE\Project\Core\Src\tim.c_save
2025-09-18 13:18:28,603 [INFO] CodeEngine:289 - Generated code: E:\STM32CubeIDE\Project\Core\Src\tim.c
2025-09-18 13:18:28,607 [INFO] CodeEngine:265 - oldGeneratedFile, E:\STM32CubeIDE\Project\Core\Inc\tim.h_save
2025-09-18 13:18:28,644 [INFO] CodeEngine:289 - Generated code: E:\STM32CubeIDE\Project\Core\Inc\tim.h
2025-09-18 13:18:28,651 [INFO] CodeEngine:265 - oldGeneratedFile, E:\STM32CubeIDE\Project\Core\Src\usart.c_save
2025-09-18 13:18:28,739 [INFO] CodeEngine:289 - Generated code: E:\STM32CubeIDE\Project\Core\Src\usart.c
2025-09-18 13:18:28,742 [INFO] CodeEngine:265 - oldGeneratedFile, E:\STM32CubeIDE\Project\Core\Inc\usart.h_save
2025-09-18 13:18:28,779 [INFO] CodeEngine:289 - Generated code: E:\STM32CubeIDE\Project\Core\Inc\usart.h
2025-09-18 13:18:28,784 [INFO] CodeEngine:265 - oldGeneratedFile, E:\STM32CubeIDE\Project\Core\Src\usb_otg.c_save
2025-09-18 13:18:28,873 [INFO] CodeEngine:289 - Generated code: E:\STM32CubeIDE\Project\Core\Src\usb_otg.c
2025-09-18 13:18:28,876 [INFO] CodeEngine:265 - oldGeneratedFile, E:\STM32CubeIDE\Project\Core\Inc\usb_otg.h_save
2025-09-18 13:18:28,921 [INFO] CodeEngine:289 - Generated code: E:\STM32CubeIDE\Project\Core\Inc\usb_otg.h
2025-09-18 13:18:28,927 [INFO] CodeEngine:265 - oldGeneratedFile, E:\STM32CubeIDE\Project\Core\Src\stm32f7xx_it.c_save
2025-09-18 13:18:29,011 [INFO] CodeEngine:289 - Generated code: E:\STM32CubeIDE\Project\Core\Src\stm32f7xx_it.c
2025-09-18 13:18:29,014 [INFO] CodeEngine:265 - oldGeneratedFile, E:\STM32CubeIDE\Project\Core\Inc\stm32f7xx_it.h_save
2025-09-18 13:18:29,060 [INFO] CodeEngine:289 - Generated code: E:\STM32CubeIDE\Project\Core\Inc\stm32f7xx_it.h
2025-09-18 13:18:29,067 [INFO] CodeEngine:265 - oldGeneratedFile, E:\STM32CubeIDE\Project\Core\Src\stm32f7xx_hal_msp.c_save
2025-09-18 13:18:29,156 [INFO] CodeEngine:289 - Generated code: E:\STM32CubeIDE\Project\Core\Src\stm32f7xx_hal_msp.c
2025-09-18 13:18:29,158 [INFO] CodeEngine:265 - oldGeneratedFile, E:\STM32CubeIDE\Project\MXTmpFiles\system.tmp_save
2025-09-18 13:18:29,192 [INFO] CodeEngine:289 - Generated code: E:\STM32CubeIDE\Project\MXTmpFiles\system.tmp
2025-09-18 13:18:29,204 [INFO] CodeEngine:321 - oldGeneratedFile, E:\STM32CubeIDE\Project\Core\Inc\stm32f7xx_hal_conf.h_save
2025-09-18 13:18:29,309 [INFO] CodeEngine:345 - Generated code: E:\STM32CubeIDE\Project\Core\Inc\stm32f7xx_hal_conf.h
2025-09-18 13:18:29,331 [INFO] CodeEngine:265 - oldGeneratedFile, E:\STM32CubeIDE\Project\Core\Inc\main.h_save
2025-09-18 13:18:29,419 [INFO] CodeEngine:289 - Generated code: E:\STM32CubeIDE\Project\Core\Inc\main.h
2025-09-18 13:18:29,421 [INFO] CodeEngine:265 - oldGeneratedFile, E:\STM32CubeIDE\Project\Core\Src\main.c_save
2025-09-18 13:18:29,477 [INFO] CodeEngine:289 - Generated code: E:\STM32CubeIDE\Project\Core\Src\main.c
2025-09-18 13:18:29,641 [INFO] ProjectBuilder:3606 - Time for Copy HAL[1] : 81mS.
2025-09-18 13:18:29,643 [INFO] ProjectBuilder:5216 - Project Generator version: 4.7.0-B52
2025-09-18 13:18:29,682 [INFO] ConfigFileManager:1595 - The Die is : DIE451
2025-09-18 13:18:30,085 [INFO] ProjectBuilder:5496 - Time for Generating toolchain IDE Files: 443mS.
2025-09-18 13:18:30,086 [INFO] ProjectBuilder:3463 - Time for Copy CMSIS : 1mS.
2025-09-18 13:18:30,087 [INFO] ProjectBuilder:3463 - Time for Copy CMSIS : 0mS.
2025-09-18 13:18:39,340 [INFO] NvicIntPanel:101 - NVIC parent = com.st.microxplorer.plugins.ip.nvic.MultiNvicIntPanel[,0,0,0x0,invalid,layout=javax.swing.BoxLayout,alignmentX=0.0,alignmentY=0.0,border=,flags=9,maximumSize=,minimumSize=,preferredSize=]
2025-09-18 13:18:49,027 [INFO] ParamManager:905 - [Generic UI] PropertyChangeEvent: TAB_STATUS_CHANGED , "dont care", "never mind"
2025-09-18 13:18:49,045 [INFO] ParamManager:905 - [Generic UI] PropertyChangeEvent: TAB_STATUS_CHANGED , "dont care", "never mind"
2025-09-18 13:18:49,053 [INFO] ADCParametersView:116 -                Rank 1 : false
2025-09-18 13:18:49,087 [INFO] ADCParametersView:116 -                Rank 1 : false
2025-09-18 13:18:49,087 [INFO] ADCParametersView:116 -                Rank 1 : false
2025-09-18 13:18:49,087 [INFO] ADCParametersView:116 -                Rank 1 : false
2025-09-18 13:18:49,087 [INFO] ADCParametersView:116 -                Rank 1 : false
2025-09-18 13:18:49,087 [INFO] ADCParametersView:116 -                Rank 1 : false
2025-09-18 13:18:49,087 [INFO] ADCParametersView:116 -                Rank 1 : false
2025-09-18 13:18:49,087 [INFO] ADCParametersView:116 -                Rank 1 : false
2025-09-18 13:18:49,087 [INFO] ADCParametersView:116 -                Rank 1 : false
2025-09-18 13:18:49,088 [INFO] ADCParametersView:116 -                Rank 1 : false
2025-09-18 13:18:49,088 [INFO] ADCParametersView:116 -                Rank 1 : false
2025-09-18 13:18:49,088 [INFO] ADCParametersView:116 -                Rank 1 : false
2025-09-18 13:18:49,088 [INFO] ADCParametersView:116 -                Rank 1 : false
2025-09-18 13:18:49,088 [INFO] ADCParametersView:116 -                Rank 1 : false
2025-09-18 13:18:49,088 [INFO] ADCParametersView:116 -                Rank 1 : false
2025-09-18 13:18:49,100 [INFO] ADCParametersView:116 -                Rank 1 : false
2025-09-18 13:18:49,204 [INFO] NvicIntPanel:101 - NVIC parent = com.st.microxplorer.plugins.ip.nvic.MultiNvicIntPanel[,0,0,0x0,invalid,layout=javax.swing.BoxLayout,alignmentX=0.0,alignmentY=0.0,border=,flags=9,maximumSize=,minimumSize=,preferredSize=]
2025-09-18 13:18:49,306 [INFO] NvicIntPanel:101 - NVIC parent = com.st.microxplorer.plugins.ip.nvic.MultiNvicIntPanel[,0,0,0x0,invalid,layout=javax.swing.BoxLayout,alignmentX=0.0,alignmentY=0.0,border=,flags=9,maximumSize=,minimumSize=,preferredSize=]
2025-09-18 13:18:49,374 [INFO] ADCParametersView:116 -                Rank 1 : false
2025-09-18 13:18:49,374 [INFO] ADCParametersView:116 -                Rank 1 : false
2025-09-18 13:18:49,374 [INFO] ADCParametersView:116 -                Rank 1 : false
2025-09-18 13:18:49,374 [INFO] ADCParametersView:116 -                Rank 1 : false
2025-09-18 13:18:49,374 [INFO] ADCParametersView:116 -                Rank 1 : false
2025-09-18 13:18:49,375 [INFO] ADCParametersView:116 -                Rank 1 : false
2025-09-18 13:18:49,375 [INFO] ADCParametersView:116 -                Rank 1 : false
2025-09-18 13:18:49,375 [INFO] ADCParametersView:116 -                Rank 1 : false
2025-09-18 13:18:49,375 [INFO] ADCParametersView:116 -                Rank 1 : false
2025-09-18 13:18:49,375 [INFO] ADCParametersView:116 -                Rank 1 : false
2025-09-18 13:18:49,375 [INFO] ADCParametersView:116 -                Rank 1 : false
2025-09-18 13:18:49,375 [INFO] ADCParametersView:116 -                Rank 1 : false
2025-09-18 13:18:49,375 [INFO] ADCParametersView:116 -                Rank 1 : false
2025-09-18 13:18:49,375 [INFO] ADCParametersView:116 -                Rank 1 : false
2025-09-18 13:18:49,404 [INFO] ADCParametersView:116 -                Rank 1 : false
2025-09-18 13:18:49,443 [INFO] ADCParametersView:116 -                Rank 1 : false
2025-09-18 13:18:49,443 [INFO] ADCParametersView:116 -                Rank 1 : false
2025-09-18 13:18:49,443 [INFO] ADCParametersView:116 -                Rank 1 : false
2025-09-18 13:18:49,443 [INFO] ADCParametersView:116 -                Rank 1 : false
2025-09-18 13:18:49,443 [INFO] ADCParametersView:116 -                Rank 1 : false
2025-09-18 13:18:49,444 [INFO] ADCParametersView:116 -                Rank 1 : false
2025-09-18 13:18:49,444 [INFO] ADCParametersView:116 -                Rank 1 : false
2025-09-18 13:18:49,444 [INFO] ADCParametersView:116 -                Rank 1 : false
2025-09-18 13:18:49,444 [INFO] ADCParametersView:116 -                Rank 1 : false
2025-09-18 13:18:49,444 [INFO] ADCParametersView:116 -                Rank 1 : false
2025-09-18 13:18:49,444 [INFO] ADCParametersView:116 -                Rank 1 : false
2025-09-18 13:18:49,445 [INFO] ADCParametersView:116 -                Rank 1 : false
2025-09-18 13:18:49,445 [INFO] ADCParametersView:116 -                Rank 1 : false
2025-09-18 13:18:49,445 [INFO] ADCParametersView:116 -                Rank 1 : false
2025-09-18 13:18:49,476 [INFO] ADCParametersView:116 -                Rank 1 : false
2025-09-18 13:19:05,980 [INFO] ADCParametersView:116 -                Rank 1 : false
2025-09-18 13:19:05,983 [INFO] ADCParametersView:116 -                Rank 1 : false
2025-09-18 13:19:05,983 [INFO] ADCParametersView:116 -                Rank 1 : false
2025-09-18 13:19:05,983 [INFO] ADCParametersView:116 -                Rank 1 : false
2025-09-18 13:19:05,983 [INFO] ADCParametersView:116 -                Rank 1 : false
2025-09-18 13:19:05,983 [INFO] ADCParametersView:116 -                Rank 1 : false
2025-09-18 13:19:05,983 [INFO] ADCParametersView:116 -                Rank 1 : false
2025-09-18 13:19:05,983 [INFO] ADCParametersView:116 -                Rank 1 : false
2025-09-18 13:19:05,984 [INFO] ADCParametersView:116 -                Rank 1 : false
2025-09-18 13:19:05,984 [INFO] ADCParametersView:116 -                Rank 1 : false
2025-09-18 13:19:05,984 [INFO] ADCParametersView:116 -                Rank 1 : false
2025-09-18 13:19:05,984 [INFO] ADCParametersView:116 -                Rank 1 : false
2025-09-18 13:19:05,984 [INFO] ADCParametersView:116 -                Rank 1 : false
2025-09-18 13:19:05,984 [INFO] ADCParametersView:116 -                Rank 1 : false
2025-09-18 13:19:05,992 [INFO] ADCParametersView:116 -                Rank 1 : false
2025-09-18 13:19:06,011 [INFO] ADCParametersView:116 -                Rank 1 : false
2025-09-18 13:19:06,012 [INFO] ADCParametersView:116 -                Rank 1 : false
2025-09-18 13:19:06,012 [INFO] ADCParametersView:116 -                Rank 1 : false
2025-09-18 13:19:06,012 [INFO] ADCParametersView:116 -                Rank 1 : false
2025-09-18 13:19:06,012 [INFO] ADCParametersView:116 -                Rank 1 : false
2025-09-18 13:19:06,012 [INFO] ADCParametersView:116 -                Rank 1 : false
2025-09-18 13:19:06,013 [INFO] ADCParametersView:116 -                Rank 1 : false
2025-09-18 13:19:06,013 [INFO] ADCParametersView:116 -                Rank 1 : false
2025-09-18 13:19:06,013 [INFO] ADCParametersView:116 -                Rank 1 : false
2025-09-18 13:19:06,013 [INFO] ADCParametersView:116 -                Rank 1 : false
2025-09-18 13:19:06,013 [INFO] ADCParametersView:116 -                Rank 1 : false
2025-09-18 13:19:06,013 [INFO] ADCParametersView:116 -                Rank 1 : false
2025-09-18 13:19:06,013 [INFO] ADCParametersView:116 -                Rank 1 : false
2025-09-18 13:19:06,013 [INFO] ADCParametersView:116 -                Rank 1 : false
2025-09-18 13:19:06,021 [INFO] ADCParametersView:116 -                Rank 1 : false
2025-09-18 13:19:06,065 [INFO] ADCParametersView:116 -                Rank 1 : false
2025-09-18 13:19:06,066 [INFO] ADCParametersView:116 -                Rank 1 : false
2025-09-18 13:19:06,066 [INFO] ADCParametersView:116 -                Rank 1 : false
2025-09-18 13:19:06,066 [INFO] ADCParametersView:116 -                Rank 1 : false
2025-09-18 13:19:06,066 [INFO] ADCParametersView:116 -                Rank 1 : false
2025-09-18 13:19:06,066 [INFO] ADCParametersView:116 -                Rank 1 : false
2025-09-18 13:19:06,066 [INFO] ADCParametersView:116 -                Rank 1 : false
2025-09-18 13:19:06,066 [INFO] ADCParametersView:116 -                Rank 1 : false
2025-09-18 13:19:06,066 [INFO] ADCParametersView:116 -                Rank 1 : false
2025-09-18 13:19:06,066 [INFO] ADCParametersView:116 -                Rank 1 : false
2025-09-18 13:19:06,066 [INFO] ADCParametersView:116 -                Rank 1 : false
2025-09-18 13:19:06,066 [INFO] ADCParametersView:116 -                Rank 1 : false
2025-09-18 13:19:06,066 [INFO] ADCParametersView:116 -                Rank 1 : false
2025-09-18 13:19:06,066 [INFO] ADCParametersView:116 -                Rank 1 : false
2025-09-18 13:19:06,093 [INFO] ADCParametersView:116 -                Rank 1 : false
2025-09-18 13:19:28,196 [INFO] UtilMem:75 - End SaveConfig() Used Memory: 952287096 Bytes (1073741824)
2025-09-18 13:19:28,545 [INFO] UtilMem:75 - End SaveConfig() Used Memory: 998950776 Bytes (1073741824)
2025-09-18 13:19:28,681 [INFO] BlockDiagram:2775 - set Specific Code input for plugin: TIM1_8F77
2025-09-18 13:19:28,682 [INFO] BlockDiagram:2775 - set Specific Code input for plugin: SYS
2025-09-18 13:19:28,682 [INFO] BlockDiagram:2775 - set Specific Code input for plugin: ADC
2025-09-18 13:19:28,682 [INFO] BlockDiagram:2775 - set Specific Code input for plugin: RCC
2025-09-18 13:19:28,682 [INFO] BlockDiagram:2775 - set Specific Code input for plugin: USB_OTG_FS
2025-09-18 13:19:28,682 [INFO] BlockDiagram:2775 - set Specific Code input for plugin: NVIC
2025-09-18 13:19:28,682 [INFO] BlockDiagram:2775 - set Specific Code input for plugin: USART
2025-09-18 13:19:28,682 [INFO] BlockDiagram:2775 - set Specific Code input for plugin: GPIO
2025-09-18 13:19:28,682 [INFO] CodeGenerator:892 - code generatio: config db path: E:\STM32CubeIDE_1.19.0\STM32CubeIDE\plugins\com.st.stm32cube.common.mx_6.15.0.202507011659\\db\
2025-09-18 13:19:28,741 [INFO] CodeEngine:265 - oldGeneratedFile, E:\STM32CubeIDE\Project\MXTmpFiles\license.tmp_save
2025-09-18 13:19:28,818 [INFO] CodeEngine:289 - Generated code: E:\STM32CubeIDE\Project\MXTmpFiles\license.tmp
2025-09-18 13:19:28,855 [INFO] CodeEngine:265 - oldGeneratedFile, E:\STM32CubeIDE\Project\Core\Src\gpio.c_save
2025-09-18 13:19:28,934 [INFO] CodeEngine:289 - Generated code: E:\STM32CubeIDE\Project\Core\Src\gpio.c
2025-09-18 13:19:28,937 [INFO] CodeEngine:265 - oldGeneratedFile, E:\STM32CubeIDE\Project\Core\Inc\gpio.h_save
2025-09-18 13:19:28,977 [INFO] CodeEngine:289 - Generated code: E:\STM32CubeIDE\Project\Core\Inc\gpio.h
2025-09-18 13:19:29,160 [WARN] IPConfigManager:3238 - Warning: the RefConfig PWREx_EnableUSBVoltageDetector is not available in your config.xml file
2025-09-18 13:19:29,167 [INFO] CodeEngine:265 - oldGeneratedFile, E:\STM32CubeIDE\Project\Core\Src\adc.c_save
2025-09-18 13:19:29,277 [INFO] CodeEngine:289 - Generated code: E:\STM32CubeIDE\Project\Core\Src\adc.c
2025-09-18 13:19:29,285 [INFO] CodeEngine:265 - oldGeneratedFile, E:\STM32CubeIDE\Project\Core\Inc\adc.h_save
2025-09-18 13:19:29,337 [INFO] CodeEngine:289 - Generated code: E:\STM32CubeIDE\Project\Core\Inc\adc.h
2025-09-18 13:19:29,349 [INFO] CodeEngine:265 - oldGeneratedFile, E:\STM32CubeIDE\Project\MXTmpFiles\cortex.tmp_save
2025-09-18 13:19:29,413 [INFO] CodeEngine:289 - Generated code: E:\STM32CubeIDE\Project\MXTmpFiles\cortex.tmp
2025-09-18 13:19:29,420 [INFO] CodeEngine:265 - oldGeneratedFile, E:\STM32CubeIDE\Project\Core\Src\tim.c_save
2025-09-18 13:19:29,507 [INFO] CodeEngine:289 - Generated code: E:\STM32CubeIDE\Project\Core\Src\tim.c
2025-09-18 13:19:29,512 [INFO] CodeEngine:265 - oldGeneratedFile, E:\STM32CubeIDE\Project\Core\Inc\tim.h_save
2025-09-18 13:19:29,547 [INFO] CodeEngine:289 - Generated code: E:\STM32CubeIDE\Project\Core\Inc\tim.h
2025-09-18 13:19:29,552 [INFO] CodeEngine:265 - oldGeneratedFile, E:\STM32CubeIDE\Project\Core\Src\usart.c_save
2025-09-18 13:19:29,640 [INFO] CodeEngine:289 - Generated code: E:\STM32CubeIDE\Project\Core\Src\usart.c
2025-09-18 13:19:29,643 [INFO] CodeEngine:265 - oldGeneratedFile, E:\STM32CubeIDE\Project\Core\Inc\usart.h_save
2025-09-18 13:19:29,677 [INFO] CodeEngine:289 - Generated code: E:\STM32CubeIDE\Project\Core\Inc\usart.h
2025-09-18 13:19:29,684 [INFO] CodeEngine:265 - oldGeneratedFile, E:\STM32CubeIDE\Project\Core\Src\usb_otg.c_save
2025-09-18 13:19:29,773 [INFO] CodeEngine:289 - Generated code: E:\STM32CubeIDE\Project\Core\Src\usb_otg.c
2025-09-18 13:19:29,775 [INFO] CodeEngine:265 - oldGeneratedFile, E:\STM32CubeIDE\Project\Core\Inc\usb_otg.h_save
2025-09-18 13:19:29,820 [INFO] CodeEngine:289 - Generated code: E:\STM32CubeIDE\Project\Core\Inc\usb_otg.h
2025-09-18 13:19:29,830 [INFO] CodeEngine:265 - oldGeneratedFile, E:\STM32CubeIDE\Project\Core\Src\stm32f7xx_it.c_save
2025-09-18 13:19:29,938 [INFO] CodeEngine:289 - Generated code: E:\STM32CubeIDE\Project\Core\Src\stm32f7xx_it.c
2025-09-18 13:19:29,942 [INFO] CodeEngine:265 - oldGeneratedFile, E:\STM32CubeIDE\Project\Core\Inc\stm32f7xx_it.h_save
2025-09-18 13:19:29,995 [INFO] CodeEngine:289 - Generated code: E:\STM32CubeIDE\Project\Core\Inc\stm32f7xx_it.h
2025-09-18 13:19:30,005 [INFO] CodeEngine:265 - oldGeneratedFile, E:\STM32CubeIDE\Project\Core\Src\stm32f7xx_hal_msp.c_save
2025-09-18 13:19:30,093 [INFO] CodeEngine:289 - Generated code: E:\STM32CubeIDE\Project\Core\Src\stm32f7xx_hal_msp.c
2025-09-18 13:19:30,096 [INFO] CodeEngine:265 - oldGeneratedFile, E:\STM32CubeIDE\Project\MXTmpFiles\system.tmp_save
2025-09-18 13:19:30,130 [INFO] CodeEngine:289 - Generated code: E:\STM32CubeIDE\Project\MXTmpFiles\system.tmp
2025-09-18 13:19:30,146 [INFO] CodeEngine:321 - oldGeneratedFile, E:\STM32CubeIDE\Project\Core\Inc\stm32f7xx_hal_conf.h_save
2025-09-18 13:19:30,249 [INFO] CodeEngine:345 - Generated code: E:\STM32CubeIDE\Project\Core\Inc\stm32f7xx_hal_conf.h
2025-09-18 13:19:30,270 [INFO] ApiDbMcu:532 - Load IP Config File for ADC1
2025-09-18 13:19:30,275 [INFO] CodeEngine:265 - oldGeneratedFile, E:\STM32CubeIDE\Project\Core\Inc\main.h_save
2025-09-18 13:19:30,368 [INFO] CodeEngine:289 - Generated code: E:\STM32CubeIDE\Project\Core\Inc\main.h
2025-09-18 13:19:30,372 [INFO] CodeEngine:265 - oldGeneratedFile, E:\STM32CubeIDE\Project\Core\Src\main.c_save
2025-09-18 13:19:30,457 [INFO] CodeEngine:289 - Generated code: E:\STM32CubeIDE\Project\Core\Src\main.c
2025-09-18 13:19:30,661 [INFO] ProjectBuilder:3606 - Time for Copy HAL[1] : 94mS.
2025-09-18 13:19:30,663 [INFO] ProjectBuilder:5216 - Project Generator version: 4.7.0-B52
2025-09-18 13:19:30,703 [INFO] ConfigFileManager:1595 - The Die is : DIE451
2025-09-18 13:19:31,010 [INFO] ProjectBuilder:5496 - Time for Generating toolchain IDE Files: 347mS.
2025-09-18 13:19:31,011 [INFO] ProjectBuilder:3463 - Time for Copy CMSIS : 1mS.
2025-09-18 13:19:31,012 [INFO] ProjectBuilder:3463 - Time for Copy CMSIS : 0mS.
2025-09-18 13:20:53,017 [INFO] UtilMem:75 - End SaveConfig() Used Memory: 954450456 Bytes (1073741824)
2025-09-18 13:20:53,157 [INFO] BlockDiagram:2775 - set Specific Code input for plugin: TIM1_8F77
2025-09-18 13:20:53,157 [INFO] BlockDiagram:2775 - set Specific Code input for plugin: SYS
2025-09-18 13:20:53,157 [INFO] BlockDiagram:2775 - set Specific Code input for plugin: ADC
2025-09-18 13:20:53,157 [INFO] BlockDiagram:2775 - set Specific Code input for plugin: RCC
2025-09-18 13:20:53,157 [INFO] BlockDiagram:2775 - set Specific Code input for plugin: USB_OTG_FS
2025-09-18 13:20:53,157 [INFO] BlockDiagram:2775 - set Specific Code input for plugin: NVIC
2025-09-18 13:20:53,157 [INFO] BlockDiagram:2775 - set Specific Code input for plugin: USART
2025-09-18 13:20:53,157 [INFO] BlockDiagram:2775 - set Specific Code input for plugin: GPIO
2025-09-18 13:20:53,158 [INFO] CodeGenerator:892 - code generatio: config db path: E:\STM32CubeIDE_1.19.0\STM32CubeIDE\plugins\com.st.stm32cube.common.mx_6.15.0.202507011659\\db\
2025-09-18 13:20:53,239 [INFO] CodeEngine:265 - oldGeneratedFile, E:\STM32CubeIDE\Project\MXTmpFiles\license.tmp_save
2025-09-18 13:20:53,357 [INFO] CodeEngine:289 - Generated code: E:\STM32CubeIDE\Project\MXTmpFiles\license.tmp
2025-09-18 13:20:53,387 [INFO] CodeEngine:265 - oldGeneratedFile, E:\STM32CubeIDE\Project\Core\Src\gpio.c_save
2025-09-18 13:20:53,463 [INFO] CodeEngine:289 - Generated code: E:\STM32CubeIDE\Project\Core\Src\gpio.c
2025-09-18 13:20:53,467 [INFO] CodeEngine:265 - oldGeneratedFile, E:\STM32CubeIDE\Project\Core\Inc\gpio.h_save
2025-09-18 13:20:53,503 [INFO] CodeEngine:289 - Generated code: E:\STM32CubeIDE\Project\Core\Inc\gpio.h
2025-09-18 13:20:53,663 [WARN] IPConfigManager:3238 - Warning: the RefConfig PWREx_EnableUSBVoltageDetector is not available in your config.xml file
2025-09-18 13:20:53,673 [INFO] CodeEngine:265 - oldGeneratedFile, E:\STM32CubeIDE\Project\Core\Src\adc.c_save
2025-09-18 13:20:53,770 [INFO] CodeEngine:289 - Generated code: E:\STM32CubeIDE\Project\Core\Src\adc.c
2025-09-18 13:20:53,773 [INFO] CodeEngine:265 - oldGeneratedFile, E:\STM32CubeIDE\Project\Core\Inc\adc.h_save
2025-09-18 13:20:53,819 [INFO] CodeEngine:289 - Generated code: E:\STM32CubeIDE\Project\Core\Inc\adc.h
2025-09-18 13:20:53,823 [INFO] CodeEngine:265 - oldGeneratedFile, E:\STM32CubeIDE\Project\MXTmpFiles\cortex.tmp_save
2025-09-18 13:20:53,889 [INFO] CodeEngine:289 - Generated code: E:\STM32CubeIDE\Project\MXTmpFiles\cortex.tmp
2025-09-18 13:20:53,895 [INFO] CodeEngine:265 - oldGeneratedFile, E:\STM32CubeIDE\Project\Core\Src\tim.c_save
2025-09-18 13:20:53,980 [INFO] CodeEngine:289 - Generated code: E:\STM32CubeIDE\Project\Core\Src\tim.c
2025-09-18 13:20:53,982 [INFO] CodeEngine:265 - oldGeneratedFile, E:\STM32CubeIDE\Project\Core\Inc\tim.h_save
2025-09-18 13:20:54,019 [INFO] CodeEngine:289 - Generated code: E:\STM32CubeIDE\Project\Core\Inc\tim.h
2025-09-18 13:20:54,025 [INFO] CodeEngine:265 - oldGeneratedFile, E:\STM32CubeIDE\Project\Core\Src\usart.c_save
2025-09-18 13:20:54,112 [INFO] CodeEngine:289 - Generated code: E:\STM32CubeIDE\Project\Core\Src\usart.c
2025-09-18 13:20:54,115 [INFO] CodeEngine:265 - oldGeneratedFile, E:\STM32CubeIDE\Project\Core\Inc\usart.h_save
2025-09-18 13:20:54,152 [INFO] CodeEngine:289 - Generated code: E:\STM32CubeIDE\Project\Core\Inc\usart.h
2025-09-18 13:20:54,157 [INFO] CodeEngine:265 - oldGeneratedFile, E:\STM32CubeIDE\Project\Core\Src\usb_otg.c_save
2025-09-18 13:20:54,244 [INFO] CodeEngine:289 - Generated code: E:\STM32CubeIDE\Project\Core\Src\usb_otg.c
2025-09-18 13:20:54,247 [INFO] CodeEngine:265 - oldGeneratedFile, E:\STM32CubeIDE\Project\Core\Inc\usb_otg.h_save
2025-09-18 13:20:54,283 [INFO] CodeEngine:289 - Generated code: E:\STM32CubeIDE\Project\Core\Inc\usb_otg.h
2025-09-18 13:20:54,291 [INFO] CodeEngine:265 - oldGeneratedFile, E:\STM32CubeIDE\Project\Core\Src\stm32f7xx_it.c_save
2025-09-18 13:20:54,377 [INFO] CodeEngine:289 - Generated code: E:\STM32CubeIDE\Project\Core\Src\stm32f7xx_it.c
2025-09-18 13:20:54,379 [INFO] CodeEngine:265 - oldGeneratedFile, E:\STM32CubeIDE\Project\Core\Inc\stm32f7xx_it.h_save
2025-09-18 13:20:54,416 [INFO] CodeEngine:289 - Generated code: E:\STM32CubeIDE\Project\Core\Inc\stm32f7xx_it.h
2025-09-18 13:20:54,425 [INFO] CodeEngine:265 - oldGeneratedFile, E:\STM32CubeIDE\Project\Core\Src\stm32f7xx_hal_msp.c_save
2025-09-18 13:20:54,514 [INFO] CodeEngine:289 - Generated code: E:\STM32CubeIDE\Project\Core\Src\stm32f7xx_hal_msp.c
2025-09-18 13:20:54,516 [INFO] CodeEngine:265 - oldGeneratedFile, E:\STM32CubeIDE\Project\MXTmpFiles\system.tmp_save
2025-09-18 13:20:54,551 [INFO] CodeEngine:289 - Generated code: E:\STM32CubeIDE\Project\MXTmpFiles\system.tmp
2025-09-18 13:20:54,556 [INFO] CodeEngine:321 - oldGeneratedFile, E:\STM32CubeIDE\Project\Core\Inc\stm32f7xx_hal_conf.h_save
2025-09-18 13:20:54,659 [INFO] CodeEngine:345 - Generated code: E:\STM32CubeIDE\Project\Core\Inc\stm32f7xx_hal_conf.h
2025-09-18 13:20:54,682 [INFO] CodeEngine:265 - oldGeneratedFile, E:\STM32CubeIDE\Project\Core\Inc\main.h_save
2025-09-18 13:20:54,758 [INFO] CodeEngine:289 - Generated code: E:\STM32CubeIDE\Project\Core\Inc\main.h
2025-09-18 13:20:54,761 [INFO] CodeEngine:265 - oldGeneratedFile, E:\STM32CubeIDE\Project\Core\Src\main.c_save
2025-09-18 13:20:54,819 [INFO] CodeEngine:289 - Generated code: E:\STM32CubeIDE\Project\Core\Src\main.c
2025-09-18 13:20:54,993 [INFO] ProjectBuilder:3606 - Time for Copy HAL[1] : 83mS.
2025-09-18 13:20:54,995 [INFO] ProjectBuilder:5216 - Project Generator version: 4.7.0-B52
2025-09-18 13:20:55,033 [INFO] ConfigFileManager:1595 - The Die is : DIE451
2025-09-18 13:20:55,342 [INFO] ProjectBuilder:5496 - Time for Generating toolchain IDE Files: 348mS.
2025-09-18 13:20:55,342 [INFO] ProjectBuilder:3463 - Time for Copy CMSIS : 0mS.
2025-09-18 13:20:55,343 [INFO] ProjectBuilder:3463 - Time for Copy CMSIS : 0mS.
2025-09-18 13:20:57,083 [INFO] NvicIntPanel:101 - NVIC parent = com.st.microxplorer.plugins.ip.nvic.MultiNvicIntPanel[,0,0,0x0,invalid,layout=javax.swing.BoxLayout,alignmentX=0.0,alignmentY=0.0,border=,flags=9,maximumSize=,minimumSize=,preferredSize=]
2025-09-18 13:21:02,407 [INFO] UtilMem:75 - End SaveConfig() Used Memory: 603136224 Bytes (1073741824)
2025-09-18 13:21:02,466 [INFO] UtilMem:75 - End SaveConfig() Used Memory: 633018592 Bytes (1073741824)
2025-09-18 13:21:02,611 [INFO] UtilMem:75 - End SaveConfig() Used Memory: 670767328 Bytes (1073741824)
2025-09-18 13:21:02,705 [INFO] BlockDiagram:2775 - set Specific Code input for plugin: TIM1_8F77
2025-09-18 13:21:02,705 [INFO] BlockDiagram:2775 - set Specific Code input for plugin: SYS
2025-09-18 13:21:02,705 [INFO] BlockDiagram:2775 - set Specific Code input for plugin: ADC
2025-09-18 13:21:02,705 [INFO] BlockDiagram:2775 - set Specific Code input for plugin: RCC
2025-09-18 13:21:02,705 [INFO] BlockDiagram:2775 - set Specific Code input for plugin: USB_OTG_FS
2025-09-18 13:21:02,705 [INFO] BlockDiagram:2775 - set Specific Code input for plugin: NVIC
2025-09-18 13:21:02,705 [INFO] BlockDiagram:2775 - set Specific Code input for plugin: USART
2025-09-18 13:21:02,705 [INFO] BlockDiagram:2775 - set Specific Code input for plugin: GPIO
2025-09-18 13:21:02,706 [INFO] CodeGenerator:892 - code generatio: config db path: E:\STM32CubeIDE_1.19.0\STM32CubeIDE\plugins\com.st.stm32cube.common.mx_6.15.0.202507011659\\db\
2025-09-18 13:21:02,759 [INFO] CodeEngine:265 - oldGeneratedFile, E:\STM32CubeIDE\Project\MXTmpFiles\license.tmp_save
2025-09-18 13:21:02,831 [INFO] CodeEngine:289 - Generated code: E:\STM32CubeIDE\Project\MXTmpFiles\license.tmp
2025-09-18 13:21:02,861 [INFO] CodeEngine:265 - oldGeneratedFile, E:\STM32CubeIDE\Project\Core\Src\gpio.c_save
2025-09-18 13:21:02,940 [INFO] CodeEngine:289 - Generated code: E:\STM32CubeIDE\Project\Core\Src\gpio.c
2025-09-18 13:21:02,942 [INFO] CodeEngine:265 - oldGeneratedFile, E:\STM32CubeIDE\Project\Core\Inc\gpio.h_save
2025-09-18 13:21:02,978 [INFO] CodeEngine:289 - Generated code: E:\STM32CubeIDE\Project\Core\Inc\gpio.h
2025-09-18 13:21:03,148 [WARN] IPConfigManager:3238 - Warning: the RefConfig PWREx_EnableUSBVoltageDetector is not available in your config.xml file
2025-09-18 13:21:03,158 [INFO] CodeEngine:265 - oldGeneratedFile, E:\STM32CubeIDE\Project\Core\Src\adc.c_save
2025-09-18 13:21:03,249 [INFO] CodeEngine:289 - Generated code: E:\STM32CubeIDE\Project\Core\Src\adc.c
2025-09-18 13:21:03,251 [INFO] CodeEngine:265 - oldGeneratedFile, E:\STM32CubeIDE\Project\Core\Inc\adc.h_save
2025-09-18 13:21:03,288 [INFO] CodeEngine:289 - Generated code: E:\STM32CubeIDE\Project\Core\Inc\adc.h
2025-09-18 13:21:03,293 [INFO] CodeEngine:265 - oldGeneratedFile, E:\STM32CubeIDE\Project\MXTmpFiles\cortex.tmp_save
2025-09-18 13:21:03,358 [INFO] CodeEngine:289 - Generated code: E:\STM32CubeIDE\Project\MXTmpFiles\cortex.tmp
2025-09-18 13:21:03,365 [INFO] CodeEngine:265 - oldGeneratedFile, E:\STM32CubeIDE\Project\Core\Src\tim.c_save
2025-09-18 13:21:03,465 [INFO] CodeEngine:289 - Generated code: E:\STM32CubeIDE\Project\Core\Src\tim.c
2025-09-18 13:21:03,469 [INFO] CodeEngine:265 - oldGeneratedFile, E:\STM32CubeIDE\Project\Core\Inc\tim.h_save
2025-09-18 13:21:03,505 [INFO] CodeEngine:289 - Generated code: E:\STM32CubeIDE\Project\Core\Inc\tim.h
2025-09-18 13:21:03,510 [INFO] CodeEngine:265 - oldGeneratedFile, E:\STM32CubeIDE\Project\Core\Src\usart.c_save
2025-09-18 13:21:03,596 [INFO] CodeEngine:289 - Generated code: E:\STM32CubeIDE\Project\Core\Src\usart.c
2025-09-18 13:21:03,599 [INFO] CodeEngine:265 - oldGeneratedFile, E:\STM32CubeIDE\Project\Core\Inc\usart.h_save
2025-09-18 13:21:03,636 [INFO] CodeEngine:289 - Generated code: E:\STM32CubeIDE\Project\Core\Inc\usart.h
2025-09-18 13:21:03,641 [INFO] CodeEngine:265 - oldGeneratedFile, E:\STM32CubeIDE\Project\Core\Src\usb_otg.c_save
2025-09-18 13:21:03,731 [INFO] CodeEngine:289 - Generated code: E:\STM32CubeIDE\Project\Core\Src\usb_otg.c
2025-09-18 13:21:03,734 [INFO] CodeEngine:265 - oldGeneratedFile, E:\STM32CubeIDE\Project\Core\Inc\usb_otg.h_save
2025-09-18 13:21:03,770 [INFO] CodeEngine:289 - Generated code: E:\STM32CubeIDE\Project\Core\Inc\usb_otg.h
2025-09-18 13:21:03,778 [INFO] CodeEngine:265 - oldGeneratedFile, E:\STM32CubeIDE\Project\Core\Src\stm32f7xx_it.c_save
2025-09-18 13:21:03,861 [INFO] CodeEngine:289 - Generated code: E:\STM32CubeIDE\Project\Core\Src\stm32f7xx_it.c
2025-09-18 13:21:03,865 [INFO] CodeEngine:265 - oldGeneratedFile, E:\STM32CubeIDE\Project\Core\Inc\stm32f7xx_it.h_save
2025-09-18 13:21:03,901 [INFO] CodeEngine:289 - Generated code: E:\STM32CubeIDE\Project\Core\Inc\stm32f7xx_it.h
2025-09-18 13:21:03,910 [INFO] CodeEngine:265 - oldGeneratedFile, E:\STM32CubeIDE\Project\Core\Src\stm32f7xx_hal_msp.c_save
2025-09-18 13:21:04,001 [INFO] CodeEngine:289 - Generated code: E:\STM32CubeIDE\Project\Core\Src\stm32f7xx_hal_msp.c
2025-09-18 13:21:04,003 [INFO] CodeEngine:265 - oldGeneratedFile, E:\STM32CubeIDE\Project\MXTmpFiles\system.tmp_save
2025-09-18 13:21:04,037 [INFO] CodeEngine:289 - Generated code: E:\STM32CubeIDE\Project\MXTmpFiles\system.tmp
2025-09-18 13:21:04,043 [INFO] CodeEngine:321 - oldGeneratedFile, E:\STM32CubeIDE\Project\Core\Inc\stm32f7xx_hal_conf.h_save
2025-09-18 13:21:04,147 [INFO] CodeEngine:345 - Generated code: E:\STM32CubeIDE\Project\Core\Inc\stm32f7xx_hal_conf.h
2025-09-18 13:21:04,169 [INFO] CodeEngine:265 - oldGeneratedFile, E:\STM32CubeIDE\Project\Core\Inc\main.h_save
2025-09-18 13:21:04,246 [INFO] CodeEngine:289 - Generated code: E:\STM32CubeIDE\Project\Core\Inc\main.h
2025-09-18 13:21:04,249 [INFO] CodeEngine:265 - oldGeneratedFile, E:\STM32CubeIDE\Project\Core\Src\main.c_save
2025-09-18 13:21:04,309 [INFO] CodeEngine:289 - Generated code: E:\STM32CubeIDE\Project\Core\Src\main.c
2025-09-18 13:21:04,472 [INFO] ProjectBuilder:3606 - Time for Copy HAL[1] : 83mS.
2025-09-18 13:21:04,474 [INFO] ProjectBuilder:5216 - Project Generator version: 4.7.0-B52
2025-09-18 13:21:04,511 [INFO] ConfigFileManager:1595 - The Die is : DIE451
2025-09-18 13:21:04,802 [INFO] ProjectBuilder:5496 - Time for Generating toolchain IDE Files: 329mS.
2025-09-18 13:21:04,802 [INFO] ProjectBuilder:3463 - Time for Copy CMSIS : 0mS.
2025-09-18 13:21:04,803 [INFO] ProjectBuilder:3463 - Time for Copy CMSIS : 0mS.
2025-09-18 13:28:07,550 [INFO] UtilMem:75 - End SaveConfig() Used Memory: 743757904 Bytes (1073741824)
2025-09-18 13:28:07,651 [INFO] BlockDiagram:2775 - set Specific Code input for plugin: TIM1_8F77
2025-09-18 13:28:07,651 [INFO] BlockDiagram:2775 - set Specific Code input for plugin: SYS
2025-09-18 13:28:07,651 [INFO] BlockDiagram:2775 - set Specific Code input for plugin: ADC
2025-09-18 13:28:07,651 [INFO] BlockDiagram:2775 - set Specific Code input for plugin: RCC
2025-09-18 13:28:07,651 [INFO] BlockDiagram:2775 - set Specific Code input for plugin: USB_OTG_FS
2025-09-18 13:28:07,651 [INFO] BlockDiagram:2775 - set Specific Code input for plugin: NVIC
2025-09-18 13:28:07,651 [INFO] BlockDiagram:2775 - set Specific Code input for plugin: USART
2025-09-18 13:28:07,652 [INFO] BlockDiagram:2775 - set Specific Code input for plugin: GPIO
2025-09-18 13:28:07,652 [INFO] CodeGenerator:892 - code generatio: config db path: E:\STM32CubeIDE_1.19.0\STM32CubeIDE\plugins\com.st.stm32cube.common.mx_6.15.0.202507011659\\db\
2025-09-18 13:28:07,709 [INFO] CodeEngine:265 - oldGeneratedFile, E:\STM32CubeIDE\Project\MXTmpFiles\license.tmp_save
2025-09-18 13:28:07,776 [INFO] CodeEngine:289 - Generated code: E:\STM32CubeIDE\Project\MXTmpFiles\license.tmp
2025-09-18 13:28:07,806 [INFO] CodeEngine:265 - oldGeneratedFile, E:\STM32CubeIDE\Project\Core\Src\gpio.c_save
2025-09-18 13:28:07,883 [INFO] CodeEngine:289 - Generated code: E:\STM32CubeIDE\Project\Core\Src\gpio.c
2025-09-18 13:28:07,886 [INFO] CodeEngine:265 - oldGeneratedFile, E:\STM32CubeIDE\Project\Core\Inc\gpio.h_save
2025-09-18 13:28:07,921 [INFO] CodeEngine:289 - Generated code: E:\STM32CubeIDE\Project\Core\Inc\gpio.h
2025-09-18 13:28:08,077 [WARN] IPConfigManager:3238 - Warning: the RefConfig PWREx_EnableUSBVoltageDetector is not available in your config.xml file
2025-09-18 13:28:08,087 [INFO] CodeEngine:265 - oldGeneratedFile, E:\STM32CubeIDE\Project\Core\Src\adc.c_save
2025-09-18 13:28:08,180 [INFO] CodeEngine:289 - Generated code: E:\STM32CubeIDE\Project\Core\Src\adc.c
2025-09-18 13:28:08,183 [INFO] CodeEngine:265 - oldGeneratedFile, E:\STM32CubeIDE\Project\Core\Inc\adc.h_save
2025-09-18 13:28:08,218 [INFO] CodeEngine:289 - Generated code: E:\STM32CubeIDE\Project\Core\Inc\adc.h
2025-09-18 13:28:08,222 [INFO] CodeEngine:265 - oldGeneratedFile, E:\STM32CubeIDE\Project\MXTmpFiles\cortex.tmp_save
2025-09-18 13:28:08,287 [INFO] CodeEngine:289 - Generated code: E:\STM32CubeIDE\Project\MXTmpFiles\cortex.tmp
2025-09-18 13:28:08,292 [INFO] CodeEngine:265 - oldGeneratedFile, E:\STM32CubeIDE\Project\Core\Src\tim.c_save
2025-09-18 13:28:08,377 [INFO] CodeEngine:289 - Generated code: E:\STM32CubeIDE\Project\Core\Src\tim.c
2025-09-18 13:28:08,380 [INFO] CodeEngine:265 - oldGeneratedFile, E:\STM32CubeIDE\Project\Core\Inc\tim.h_save
2025-09-18 13:28:08,415 [INFO] CodeEngine:289 - Generated code: E:\STM32CubeIDE\Project\Core\Inc\tim.h
2025-09-18 13:28:08,420 [INFO] CodeEngine:265 - oldGeneratedFile, E:\STM32CubeIDE\Project\Core\Src\usart.c_save
2025-09-18 13:28:08,508 [INFO] CodeEngine:289 - Generated code: E:\STM32CubeIDE\Project\Core\Src\usart.c
2025-09-18 13:28:08,510 [INFO] CodeEngine:265 - oldGeneratedFile, E:\STM32CubeIDE\Project\Core\Inc\usart.h_save
2025-09-18 13:28:08,554 [INFO] CodeEngine:289 - Generated code: E:\STM32CubeIDE\Project\Core\Inc\usart.h
2025-09-18 13:28:08,559 [INFO] CodeEngine:265 - oldGeneratedFile, E:\STM32CubeIDE\Project\Core\Src\usb_otg.c_save
2025-09-18 13:28:08,645 [INFO] CodeEngine:289 - Generated code: E:\STM32CubeIDE\Project\Core\Src\usb_otg.c
2025-09-18 13:28:08,648 [INFO] CodeEngine:265 - oldGeneratedFile, E:\STM32CubeIDE\Project\Core\Inc\usb_otg.h_save
2025-09-18 13:28:08,682 [INFO] CodeEngine:289 - Generated code: E:\STM32CubeIDE\Project\Core\Inc\usb_otg.h
2025-09-18 13:28:08,690 [INFO] CodeEngine:265 - oldGeneratedFile, E:\STM32CubeIDE\Project\Core\Src\stm32f7xx_it.c_save
2025-09-18 13:28:08,772 [INFO] CodeEngine:289 - Generated code: E:\STM32CubeIDE\Project\Core\Src\stm32f7xx_it.c
2025-09-18 13:28:08,775 [INFO] CodeEngine:265 - oldGeneratedFile, E:\STM32CubeIDE\Project\Core\Inc\stm32f7xx_it.h_save
2025-09-18 13:28:08,810 [INFO] CodeEngine:289 - Generated code: E:\STM32CubeIDE\Project\Core\Inc\stm32f7xx_it.h
2025-09-18 13:28:08,819 [INFO] CodeEngine:265 - oldGeneratedFile, E:\STM32CubeIDE\Project\Core\Src\stm32f7xx_hal_msp.c_save
2025-09-18 13:28:08,906 [INFO] CodeEngine:289 - Generated code: E:\STM32CubeIDE\Project\Core\Src\stm32f7xx_hal_msp.c
2025-09-18 13:28:08,908 [INFO] CodeEngine:265 - oldGeneratedFile, E:\STM32CubeIDE\Project\MXTmpFiles\system.tmp_save
2025-09-18 13:28:08,940 [INFO] CodeEngine:289 - Generated code: E:\STM32CubeIDE\Project\MXTmpFiles\system.tmp
2025-09-18 13:28:08,946 [INFO] CodeEngine:321 - oldGeneratedFile, E:\STM32CubeIDE\Project\Core\Inc\stm32f7xx_hal_conf.h_save
2025-09-18 13:28:09,048 [INFO] CodeEngine:345 - Generated code: E:\STM32CubeIDE\Project\Core\Inc\stm32f7xx_hal_conf.h
2025-09-18 13:28:09,069 [INFO] CodeEngine:265 - oldGeneratedFile, E:\STM32CubeIDE\Project\Core\Inc\main.h_save
2025-09-18 13:28:09,144 [INFO] CodeEngine:289 - Generated code: E:\STM32CubeIDE\Project\Core\Inc\main.h
2025-09-18 13:28:09,146 [INFO] CodeEngine:265 - oldGeneratedFile, E:\STM32CubeIDE\Project\Core\Src\main.c_save
2025-09-18 13:28:09,213 [INFO] CodeEngine:289 - Generated code: E:\STM32CubeIDE\Project\Core\Src\main.c
2025-09-18 13:28:09,437 [INFO] ProjectBuilder:3606 - Time for Copy HAL[1] : 89mS.
2025-09-18 13:28:09,438 [INFO] ProjectBuilder:5216 - Project Generator version: 4.7.0-B52
2025-09-18 13:28:09,478 [INFO] ConfigFileManager:1595 - The Die is : DIE451
2025-09-18 13:28:09,773 [INFO] ProjectBuilder:5496 - Time for Generating toolchain IDE Files: 335mS.
2025-09-18 13:28:09,774 [INFO] ProjectBuilder:3463 - Time for Copy CMSIS : 0mS.
2025-09-18 13:28:09,776 [INFO] ProjectBuilder:3463 - Time for Copy CMSIS : 0mS.
2025-09-18 13:33:31,069 [INFO] NvicIntPanel:101 - NVIC parent = com.st.microxplorer.plugins.ip.nvic.MultiNvicIntPanel[,0,0,0x0,invalid,layout=javax.swing.BoxLayout,alignmentX=0.0,alignmentY=0.0,border=,flags=9,maximumSize=,minimumSize=,preferredSize=]
2025-09-18 13:34:42,652 [INFO] UtilMem:75 - End SaveConfig() Used Memory: 496699832 Bytes (1073741824)
2025-09-18 13:34:42,703 [INFO] UtilMem:75 - End SaveConfig() Used Memory: 525613480 Bytes (1073741824)
2025-09-18 13:34:43,055 [INFO] UtilMem:75 - End SaveConfig() Used Memory: 432578296 Bytes (1073741824)
2025-09-18 13:34:43,165 [INFO] BlockDiagram:2775 - set Specific Code input for plugin: TIM1_8F77
2025-09-18 13:34:43,165 [INFO] BlockDiagram:2775 - set Specific Code input for plugin: SYS
2025-09-18 13:34:43,165 [INFO] BlockDiagram:2775 - set Specific Code input for plugin: ADC
2025-09-18 13:34:43,165 [INFO] BlockDiagram:2775 - set Specific Code input for plugin: RCC
2025-09-18 13:34:43,165 [INFO] BlockDiagram:2775 - set Specific Code input for plugin: USB_OTG_FS
2025-09-18 13:34:43,165 [INFO] BlockDiagram:2775 - set Specific Code input for plugin: NVIC
2025-09-18 13:34:43,165 [INFO] BlockDiagram:2775 - set Specific Code input for plugin: USART
2025-09-18 13:34:43,165 [INFO] BlockDiagram:2775 - set Specific Code input for plugin: GPIO
2025-09-18 13:34:43,166 [INFO] CodeGenerator:892 - code generatio: config db path: E:\STM32CubeIDE_1.19.0\STM32CubeIDE\plugins\com.st.stm32cube.common.mx_6.15.0.202507011659\\db\
2025-09-18 13:34:43,225 [INFO] CodeEngine:265 - oldGeneratedFile, E:\STM32CubeIDE\Project\MXTmpFiles\license.tmp_save
2025-09-18 13:34:43,295 [INFO] CodeEngine:289 - Generated code: E:\STM32CubeIDE\Project\MXTmpFiles\license.tmp
2025-09-18 13:34:43,326 [INFO] CodeEngine:265 - oldGeneratedFile, E:\STM32CubeIDE\Project\Core\Src\gpio.c_save
2025-09-18 13:34:43,429 [INFO] CodeEngine:289 - Generated code: E:\STM32CubeIDE\Project\Core\Src\gpio.c
2025-09-18 13:34:43,432 [INFO] CodeEngine:265 - oldGeneratedFile, E:\STM32CubeIDE\Project\Core\Inc\gpio.h_save
2025-09-18 13:34:43,468 [INFO] CodeEngine:289 - Generated code: E:\STM32CubeIDE\Project\Core\Inc\gpio.h
2025-09-18 13:34:43,642 [WARN] IPConfigManager:3238 - Warning: the RefConfig PWREx_EnableUSBVoltageDetector is not available in your config.xml file
2025-09-18 13:34:43,651 [INFO] CodeEngine:265 - oldGeneratedFile, E:\STM32CubeIDE\Project\Core\Src\adc.c_save
2025-09-18 13:34:43,738 [INFO] CodeEngine:289 - Generated code: E:\STM32CubeIDE\Project\Core\Src\adc.c
2025-09-18 13:34:43,741 [INFO] CodeEngine:265 - oldGeneratedFile, E:\STM32CubeIDE\Project\Core\Inc\adc.h_save
2025-09-18 13:34:43,777 [INFO] CodeEngine:289 - Generated code: E:\STM32CubeIDE\Project\Core\Inc\adc.h
2025-09-18 13:34:43,782 [INFO] CodeEngine:265 - oldGeneratedFile, E:\STM32CubeIDE\Project\MXTmpFiles\cortex.tmp_save
2025-09-18 13:34:43,852 [INFO] CodeEngine:289 - Generated code: E:\STM32CubeIDE\Project\MXTmpFiles\cortex.tmp
2025-09-18 13:34:43,860 [INFO] CodeEngine:265 - oldGeneratedFile, E:\STM32CubeIDE\Project\Core\Src\tim.c_save
2025-09-18 13:34:43,946 [INFO] CodeEngine:289 - Generated code: E:\STM32CubeIDE\Project\Core\Src\tim.c
2025-09-18 13:34:43,950 [INFO] CodeEngine:265 - oldGeneratedFile, E:\STM32CubeIDE\Project\Core\Inc\tim.h_save
2025-09-18 13:34:43,986 [INFO] CodeEngine:289 - Generated code: E:\STM32CubeIDE\Project\Core\Inc\tim.h
2025-09-18 13:34:43,993 [INFO] CodeEngine:265 - oldGeneratedFile, E:\STM32CubeIDE\Project\Core\Src\usart.c_save
2025-09-18 13:34:44,082 [INFO] CodeEngine:289 - Generated code: E:\STM32CubeIDE\Project\Core\Src\usart.c
2025-09-18 13:34:44,083 [INFO] CodeEngine:265 - oldGeneratedFile, E:\STM32CubeIDE\Project\Core\Inc\usart.h_save
2025-09-18 13:34:44,119 [INFO] CodeEngine:289 - Generated code: E:\STM32CubeIDE\Project\Core\Inc\usart.h
2025-09-18 13:34:44,125 [INFO] CodeEngine:265 - oldGeneratedFile, E:\STM32CubeIDE\Project\Core\Src\usb_otg.c_save
2025-09-18 13:34:44,220 [INFO] CodeEngine:289 - Generated code: E:\STM32CubeIDE\Project\Core\Src\usb_otg.c
2025-09-18 13:34:44,223 [INFO] CodeEngine:265 - oldGeneratedFile, E:\STM32CubeIDE\Project\Core\Inc\usb_otg.h_save
2025-09-18 13:34:44,258 [INFO] CodeEngine:289 - Generated code: E:\STM32CubeIDE\Project\Core\Inc\usb_otg.h
2025-09-18 13:34:44,267 [INFO] CodeEngine:265 - oldGeneratedFile, E:\STM32CubeIDE\Project\Core\Src\stm32f7xx_it.c_save
2025-09-18 13:34:44,351 [INFO] CodeEngine:289 - Generated code: E:\STM32CubeIDE\Project\Core\Src\stm32f7xx_it.c
2025-09-18 13:34:44,354 [INFO] CodeEngine:265 - oldGeneratedFile, E:\STM32CubeIDE\Project\Core\Inc\stm32f7xx_it.h_save
2025-09-18 13:34:44,391 [INFO] CodeEngine:289 - Generated code: E:\STM32CubeIDE\Project\Core\Inc\stm32f7xx_it.h
2025-09-18 13:34:44,399 [INFO] CodeEngine:265 - oldGeneratedFile, E:\STM32CubeIDE\Project\Core\Src\stm32f7xx_hal_msp.c_save
2025-09-18 13:34:44,488 [INFO] CodeEngine:289 - Generated code: E:\STM32CubeIDE\Project\Core\Src\stm32f7xx_hal_msp.c
2025-09-18 13:34:44,490 [INFO] CodeEngine:265 - oldGeneratedFile, E:\STM32CubeIDE\Project\MXTmpFiles\system.tmp_save
2025-09-18 13:34:44,525 [INFO] CodeEngine:289 - Generated code: E:\STM32CubeIDE\Project\MXTmpFiles\system.tmp
2025-09-18 13:34:44,531 [INFO] CodeEngine:321 - oldGeneratedFile, E:\STM32CubeIDE\Project\Core\Inc\stm32f7xx_hal_conf.h_save
2025-09-18 13:34:44,634 [INFO] CodeEngine:345 - Generated code: E:\STM32CubeIDE\Project\Core\Inc\stm32f7xx_hal_conf.h
2025-09-18 13:34:44,656 [INFO] CodeEngine:265 - oldGeneratedFile, E:\STM32CubeIDE\Project\Core\Inc\main.h_save
2025-09-18 13:34:44,734 [INFO] CodeEngine:289 - Generated code: E:\STM32CubeIDE\Project\Core\Inc\main.h
2025-09-18 13:34:44,736 [INFO] CodeEngine:265 - oldGeneratedFile, E:\STM32CubeIDE\Project\Core\Src\main.c_save
2025-09-18 13:34:44,795 [INFO] CodeEngine:289 - Generated code: E:\STM32CubeIDE\Project\Core\Src\main.c
2025-09-18 13:34:44,962 [INFO] ProjectBuilder:3606 - Time for Copy HAL[1] : 84mS.
2025-09-18 13:34:44,964 [INFO] ProjectBuilder:5216 - Project Generator version: 4.7.0-B52
2025-09-18 13:34:45,003 [INFO] ConfigFileManager:1595 - The Die is : DIE451
2025-09-18 13:34:45,304 [INFO] ProjectBuilder:5496 - Time for Generating toolchain IDE Files: 340mS.
2025-09-18 13:34:45,305 [INFO] ProjectBuilder:3463 - Time for Copy CMSIS : 0mS.
2025-09-18 13:34:45,306 [INFO] ProjectBuilder:3463 - Time for Copy CMSIS : 1mS.
2025-09-18 13:35:05,515 [INFO] UtilMem:75 - End SaveConfig() Used Memory: 543880056 Bytes (1073741824)
2025-09-18 13:35:05,566 [INFO] UtilMem:75 - End SaveConfig() Used Memory: 571732696 Bytes (1073741824)
2025-09-18 13:35:05,857 [INFO] UtilMem:75 - End SaveConfig() Used Memory: 631960440 Bytes (1073741824)
2025-09-18 13:35:05,953 [INFO] BlockDiagram:2775 - set Specific Code input for plugin: TIM1_8F77
2025-09-18 13:35:05,953 [INFO] BlockDiagram:2775 - set Specific Code input for plugin: SYS
2025-09-18 13:35:05,953 [INFO] BlockDiagram:2775 - set Specific Code input for plugin: ADC
2025-09-18 13:35:05,953 [INFO] BlockDiagram:2775 - set Specific Code input for plugin: RCC
2025-09-18 13:35:05,953 [INFO] BlockDiagram:2775 - set Specific Code input for plugin: USB_OTG_FS
2025-09-18 13:35:05,953 [INFO] BlockDiagram:2775 - set Specific Code input for plugin: NVIC
2025-09-18 13:35:05,953 [INFO] BlockDiagram:2775 - set Specific Code input for plugin: USART
2025-09-18 13:35:05,954 [INFO] BlockDiagram:2775 - set Specific Code input for plugin: GPIO
2025-09-18 13:35:05,955 [INFO] CodeGenerator:892 - code generatio: config db path: E:\STM32CubeIDE_1.19.0\STM32CubeIDE\plugins\com.st.stm32cube.common.mx_6.15.0.202507011659\\db\
2025-09-18 13:35:06,012 [INFO] CodeEngine:265 - oldGeneratedFile, E:\STM32CubeIDE\Project\MXTmpFiles\license.tmp_save
2025-09-18 13:35:06,083 [INFO] CodeEngine:289 - Generated code: E:\STM32CubeIDE\Project\MXTmpFiles\license.tmp
2025-09-18 13:35:06,115 [INFO] CodeEngine:265 - oldGeneratedFile, E:\STM32CubeIDE\Project\Core\Src\gpio.c_save
2025-09-18 13:35:06,219 [INFO] CodeEngine:289 - Generated code: E:\STM32CubeIDE\Project\Core\Src\gpio.c
2025-09-18 13:35:06,222 [INFO] CodeEngine:265 - oldGeneratedFile, E:\STM32CubeIDE\Project\Core\Inc\gpio.h_save
2025-09-18 13:35:06,256 [INFO] CodeEngine:289 - Generated code: E:\STM32CubeIDE\Project\Core\Inc\gpio.h
2025-09-18 13:35:06,433 [WARN] IPConfigManager:3238 - Warning: the RefConfig PWREx_EnableUSBVoltageDetector is not available in your config.xml file
2025-09-18 13:35:06,442 [INFO] CodeEngine:265 - oldGeneratedFile, E:\STM32CubeIDE\Project\Core\Src\adc.c_save
2025-09-18 13:35:06,531 [INFO] CodeEngine:289 - Generated code: E:\STM32CubeIDE\Project\Core\Src\adc.c
2025-09-18 13:35:06,533 [INFO] CodeEngine:265 - oldGeneratedFile, E:\STM32CubeIDE\Project\Core\Inc\adc.h_save
2025-09-18 13:35:06,570 [INFO] CodeEngine:289 - Generated code: E:\STM32CubeIDE\Project\Core\Inc\adc.h
2025-09-18 13:35:06,574 [INFO] CodeEngine:265 - oldGeneratedFile, E:\STM32CubeIDE\Project\MXTmpFiles\cortex.tmp_save
2025-09-18 13:35:06,640 [INFO] CodeEngine:289 - Generated code: E:\STM32CubeIDE\Project\MXTmpFiles\cortex.tmp
2025-09-18 13:35:06,646 [INFO] CodeEngine:265 - oldGeneratedFile, E:\STM32CubeIDE\Project\Core\Src\tim.c_save
2025-09-18 13:35:06,733 [INFO] CodeEngine:289 - Generated code: E:\STM32CubeIDE\Project\Core\Src\tim.c
2025-09-18 13:35:06,736 [INFO] CodeEngine:265 - oldGeneratedFile, E:\STM32CubeIDE\Project\Core\Inc\tim.h_save
2025-09-18 13:35:06,772 [INFO] CodeEngine:289 - Generated code: E:\STM32CubeIDE\Project\Core\Inc\tim.h
2025-09-18 13:35:06,777 [INFO] CodeEngine:265 - oldGeneratedFile, E:\STM32CubeIDE\Project\Core\Src\usart.c_save
2025-09-18 13:35:06,863 [INFO] CodeEngine:289 - Generated code: E:\STM32CubeIDE\Project\Core\Src\usart.c
2025-09-18 13:35:06,865 [INFO] CodeEngine:265 - oldGeneratedFile, E:\STM32CubeIDE\Project\Core\Inc\usart.h_save
2025-09-18 13:35:06,900 [INFO] CodeEngine:289 - Generated code: E:\STM32CubeIDE\Project\Core\Inc\usart.h
2025-09-18 13:35:06,906 [INFO] CodeEngine:265 - oldGeneratedFile, E:\STM32CubeIDE\Project\Core\Src\usb_otg.c_save
2025-09-18 13:35:06,994 [INFO] CodeEngine:289 - Generated code: E:\STM32CubeIDE\Project\Core\Src\usb_otg.c
2025-09-18 13:35:06,996 [INFO] CodeEngine:265 - oldGeneratedFile, E:\STM32CubeIDE\Project\Core\Inc\usb_otg.h_save
2025-09-18 13:35:07,033 [INFO] CodeEngine:289 - Generated code: E:\STM32CubeIDE\Project\Core\Inc\usb_otg.h
2025-09-18 13:35:07,042 [INFO] CodeEngine:265 - oldGeneratedFile, E:\STM32CubeIDE\Project\Core\Src\stm32f7xx_it.c_save
2025-09-18 13:35:07,126 [INFO] CodeEngine:289 - Generated code: E:\STM32CubeIDE\Project\Core\Src\stm32f7xx_it.c
2025-09-18 13:35:07,129 [INFO] CodeEngine:265 - oldGeneratedFile, E:\STM32CubeIDE\Project\Core\Inc\stm32f7xx_it.h_save
2025-09-18 13:35:07,164 [INFO] CodeEngine:289 - Generated code: E:\STM32CubeIDE\Project\Core\Inc\stm32f7xx_it.h
2025-09-18 13:35:07,172 [INFO] CodeEngine:265 - oldGeneratedFile, E:\STM32CubeIDE\Project\Core\Src\stm32f7xx_hal_msp.c_save
2025-09-18 13:35:07,261 [INFO] CodeEngine:289 - Generated code: E:\STM32CubeIDE\Project\Core\Src\stm32f7xx_hal_msp.c
2025-09-18 13:35:07,263 [INFO] CodeEngine:265 - oldGeneratedFile, E:\STM32CubeIDE\Project\MXTmpFiles\system.tmp_save
2025-09-18 13:35:07,298 [INFO] CodeEngine:289 - Generated code: E:\STM32CubeIDE\Project\MXTmpFiles\system.tmp
2025-09-18 13:35:07,306 [INFO] CodeEngine:321 - oldGeneratedFile, E:\STM32CubeIDE\Project\Core\Inc\stm32f7xx_hal_conf.h_save
2025-09-18 13:35:07,413 [INFO] CodeEngine:345 - Generated code: E:\STM32CubeIDE\Project\Core\Inc\stm32f7xx_hal_conf.h
2025-09-18 13:35:07,435 [INFO] CodeEngine:265 - oldGeneratedFile, E:\STM32CubeIDE\Project\Core\Inc\main.h_save
2025-09-18 13:35:07,512 [INFO] CodeEngine:289 - Generated code: E:\STM32CubeIDE\Project\Core\Inc\main.h
2025-09-18 13:35:07,515 [INFO] CodeEngine:265 - oldGeneratedFile, E:\STM32CubeIDE\Project\Core\Src\main.c_save
2025-09-18 13:35:07,575 [INFO] CodeEngine:289 - Generated code: E:\STM32CubeIDE\Project\Core\Src\main.c
2025-09-18 13:35:07,739 [INFO] ProjectBuilder:3606 - Time for Copy HAL[1] : 82mS.
2025-09-18 13:35:07,740 [INFO] ProjectBuilder:5216 - Project Generator version: 4.7.0-B52
2025-09-18 13:35:07,779 [INFO] ConfigFileManager:1595 - The Die is : DIE451
2025-09-18 13:35:08,073 [INFO] ProjectBuilder:5496 - Time for Generating toolchain IDE Files: 333mS.
2025-09-18 13:35:08,074 [INFO] ProjectBuilder:3463 - Time for Copy CMSIS : 1mS.
2025-09-18 13:35:08,075 [INFO] ProjectBuilder:3463 - Time for Copy CMSIS : 0mS.
2025-09-18 14:52:29,635 [INFO] Activator:176 - 


2025-09-18 14:52:29,637 [INFO] Activator:177 - !SESSION log4j initialized
2025-09-18 14:52:34,282 [INFO] LogOutputStream:77 - [STDOUT_REDIRECT] 
2025-09-18 14:52:39,988 [INFO] ApplicationProperties:184 - Using Application install path: E:\STM32CubeIDE_1.19.0\STM32CubeIDE\plugins\com.st.stm32cube.common.mx_6.15.0.202507011659
2025-09-18 14:52:40,002 [INFO] DbMcusXml:78 - Set database path to: E:\STM32CubeIDE_1.19.0\STM32CubeIDE\plugins\com.st.stm32cube.common.mx_6.15.0.202507011659\\db\/mcu/
2025-09-18 14:52:40,003 [INFO] ApiDb:274 - Set plugin database path to: E:\STM32CubeIDE_1.19.0\STM32CubeIDE\plugins\com.st.stm32cube.common.mx_6.15.0.202507011659\\db\/plugins/boardmanager/
2025-09-18 14:52:40,003 [WARN] ApiDb:259 - Overriding images path with different value:  => E:\STM32CubeIDE_1.19.0\STM32CubeIDE\plugins\com.st.stm32cube.common.mx_6.15.0.202507011659\\db\/plugins/mcufinder/images/
2025-09-18 14:52:40,008 [INFO] ApiDb:250 - Set database path to: C:\Users\nphis\.stmcufinder\plugins\mcufinder//mcu/
2025-09-18 14:52:40,009 [INFO] DbMcusAds:125 - Set database path to: C:\Users\nphis\.stmcufinder\plugins\mcufinder//mcu/
2025-09-18 14:52:40,011 [INFO] CrossReferenceDbSqlite:203 - Set database path to: C:\Users\nphis\.stmcufinder\plugins\mcufinder//mcu/cs/
2025-09-18 14:52:40,093 [INFO] RulesReader:64 - Compatibility file has been processed (317 Rules)
2025-09-18 14:52:40,155 [INFO] DbMcusXml:78 - Set database path to: E:\STM32CubeIDE_1.19.0\STM32CubeIDE\plugins\com.st.stm32cube.common.mx_6.15.0.202507011659\\db\/mcu/
2025-09-18 14:52:40,155 [INFO] ApiDb:274 - Set plugin database path to: E:\STM32CubeIDE_1.19.0\STM32CubeIDE\plugins\com.st.stm32cube.common.mx_6.15.0.202507011659\\db\/plugins/boardmanager/
2025-09-18 14:52:40,155 [INFO] ApiDb:261 - Set plugin images path to: E:\STM32CubeIDE_1.19.0\STM32CubeIDE\plugins\com.st.stm32cube.common.mx_6.15.0.202507011659\\db\/plugins/mcufinder/images/
2025-09-18 14:52:40,155 [WARN] DbFile:41 - Overriding database path with different value: C:\Users\nphis\.stmcufinder\plugins\mcufinder/ => C:\Users\nphis\.stmcufinder\plugins\mcufinder
2025-09-18 14:52:40,155 [INFO] ApiDb:250 - Set database path to: C:\Users\nphis\.stmcufinder\plugins\mcufinder//mcu/
2025-09-18 14:52:40,155 [WARN] DbFile:41 - Overriding database path with different value: C:\Users\nphis\.stmcufinder\plugins\mcufinder/ => C:\Users\nphis\.stmcufinder\plugins\mcufinder
2025-09-18 14:52:40,155 [INFO] DbMcusAds:125 - Set database path to: C:\Users\nphis\.stmcufinder\plugins\mcufinder//mcu/
2025-09-18 14:52:40,156 [WARN] DbFile:41 - Overriding database path with different value: C:\Users\nphis\.stmcufinder\plugins\mcufinder/ => C:\Users\nphis\.stmcufinder\plugins\mcufinder
2025-09-18 14:52:40,156 [WARN] DbFile:41 - Overriding database path with different value: C:\Users\nphis\.stmcufinder\plugins\mcufinder/ => C:\Users\nphis\.stmcufinder\plugins\mcufinder
2025-09-18 14:52:40,156 [INFO] CrossReferenceDbSqlite:203 - Set database path to: C:\Users\nphis\.stmcufinder\plugins\mcufinder//mcu/cs/
2025-09-18 14:52:40,215 [INFO] MainPanel:274 - HeapMemory: 268435456
2025-09-18 14:52:40,303 [INFO] DbMcusXml:78 - Set database path to: E:\STM32CubeIDE_1.19.0\STM32CubeIDE\plugins\com.st.stm32cube.common.mx_6.15.0.202507011659\\db\/mcu/
2025-09-18 14:52:40,303 [INFO] ApiDb:274 - Set plugin database path to: E:\STM32CubeIDE_1.19.0\STM32CubeIDE\plugins\com.st.stm32cube.common.mx_6.15.0.202507011659\\db\/plugins/boardmanager/
2025-09-18 14:52:40,303 [INFO] ApiDb:261 - Set plugin images path to: E:\STM32CubeIDE_1.19.0\STM32CubeIDE\plugins\com.st.stm32cube.common.mx_6.15.0.202507011659\\db\/plugins/mcufinder/images/
2025-09-18 14:52:40,304 [WARN] DbFile:41 - Overriding database path with different value: C:\Users\nphis\.stmcufinder\plugins\mcufinder/ => C:\Users\nphis\.stmcufinder\plugins\mcufinder
2025-09-18 14:52:40,304 [INFO] ApiDb:250 - Set database path to: C:\Users\nphis\.stmcufinder\plugins\mcufinder//mcu/
2025-09-18 14:52:40,304 [WARN] DbFile:41 - Overriding database path with different value: C:\Users\nphis\.stmcufinder\plugins\mcufinder/ => C:\Users\nphis\.stmcufinder\plugins\mcufinder
2025-09-18 14:52:40,304 [INFO] DbMcusAds:125 - Set database path to: C:\Users\nphis\.stmcufinder\plugins\mcufinder//mcu/
2025-09-18 14:52:40,304 [WARN] DbFile:41 - Overriding database path with different value: C:\Users\nphis\.stmcufinder\plugins\mcufinder/ => C:\Users\nphis\.stmcufinder\plugins\mcufinder
2025-09-18 14:52:40,304 [WARN] DbFile:41 - Overriding database path with different value: C:\Users\nphis\.stmcufinder\plugins\mcufinder/ => C:\Users\nphis\.stmcufinder\plugins\mcufinder
2025-09-18 14:52:40,304 [INFO] CrossReferenceDbSqlite:203 - Set database path to: C:\Users\nphis\.stmcufinder\plugins\mcufinder//mcu/cs/
2025-09-18 14:52:40,319 [INFO] ApplicationProperties:184 - Using Application install path: E:\STM32CubeIDE_1.19.0\STM32CubeIDE\plugins\com.st.stm32cube.common.mx_6.15.0.202507011659
2025-09-18 14:52:40,320 [INFO] PluginManage:196 - Search for loadable plugins [exclusion list=, ]
2025-09-18 14:52:40,321 [INFO] PluginManage:310 - Check plugin analytics
2025-09-18 14:52:45,414 [INFO] AnalyticsPlugin:253 - Accepted Software Licenses: STM32CubeMX.6.15.0
2025-09-18 14:52:45,414 [INFO] AnalyticsPlugin:255 - Accepted CMSIS Pack Licenses: 
2025-09-18 14:52:45,414 [INFO] AnalyticsPlugin:257 - Accepted Firmware Licenses: FW.F7.1.17.0,FW.F4.1.28.0
2025-09-18 14:52:45,416 [INFO] PluginManage:359 - Loaded plugin analytics (category:tool,tabindex:-1)
2025-09-18 14:52:45,417 [INFO] PluginManage:310 - Check plugin cadmodel
2025-09-18 14:52:45,421 [INFO] CADModel:105 - Init CAD model plugin
2025-09-18 14:52:45,421 [INFO] PluginManage:359 - Loaded plugin cadmodel (category:power,tabindex:5)
2025-09-18 14:52:45,421 [INFO] PluginManage:310 - Check plugin clock
2025-09-18 14:52:45,429 [INFO] PluginManage:359 - Loaded plugin clock (category:base,tabindex:2)
2025-09-18 14:52:45,429 [INFO] PluginManage:310 - Check plugin ddr
2025-09-18 14:52:45,430 [INFO] PluginManage:359 - Loaded plugin ddr (category:tool,tabindex:6)
2025-09-18 14:52:45,431 [INFO] PluginManage:310 - Check plugin filemanager
2025-09-18 14:52:45,554 [INFO] PluginManage:359 - Loaded plugin filemanager (category:base,tabindex:10)
2025-09-18 14:52:45,555 [INFO] PluginManage:310 - Check plugin ipmanager
2025-09-18 14:52:45,560 [INFO] PluginManage:359 - Loaded plugin ipmanager (category:base,tabindex:5)
2025-09-18 14:52:45,560 [INFO] PluginManage:310 - Check plugin lpbam
2025-09-18 14:52:45,567 [INFO] PluginManage:359 - Loaded plugin lpbam (category:base,tabindex:0)
2025-09-18 14:52:45,567 [INFO] PluginManage:310 - Check plugin memorymap
2025-09-18 14:52:45,578 [INFO] PluginManage:359 - Loaded plugin memorymap (category:base,tabindex:4)
2025-09-18 14:52:45,578 [INFO] PluginManage:310 - Check plugin pinoutandconfiguration
2025-09-18 14:52:45,585 [INFO] PluginManage:359 - Loaded plugin pinoutandconfiguration (category:base,tabindex:1)
2025-09-18 14:52:45,585 [INFO] PluginManage:310 - Check plugin pinoutconfig
2025-09-18 14:52:45,653 [WARN] SupportedApi:132 - Cannot load RTOS API schema: s4s-elt-must-match.1: The content of 'definitions' must match (annotation?, (simpleType | complexType)?, (unique | key | keyref)*)). A problem was found starting at: attribute.
2025-09-18 14:52:45,768 [INFO] PluginManage:359 - Loaded plugin pinoutconfig (category:base,tabindex:0)
2025-09-18 14:52:45,768 [INFO] PluginManage:310 - Check plugin power
2025-09-18 14:52:45,777 [INFO] PluginManage:359 - Loaded plugin power (category:power,tabindex:4)
2025-09-18 14:52:45,777 [INFO] PluginManage:310 - Check plugin projectmanager
2025-09-18 14:52:45,790 [INFO] PluginManage:359 - Loaded plugin projectmanager (category:projectmanager,tabindex:4)
2025-09-18 14:52:45,792 [INFO] PluginManage:310 - Check plugin rif
2025-09-18 14:52:45,800 [INFO] PluginManage:359 - Loaded plugin rif (category:base,tabindex:3)
2025-09-18 14:52:45,801 [INFO] PluginManage:310 - Check plugin thirdparty
2025-09-18 14:52:45,917 [INFO] PluginManage:359 - Loaded plugin thirdparty (category:base,tabindex:-1)
2025-09-18 14:52:45,917 [WARN] IntegrityCheckThread:84 - waiting for thirdparty lock release [integrity check]
2025-09-18 14:52:45,918 [INFO] PluginManage:310 - Check plugin tools
2025-09-18 14:52:45,918 [INFO] IntegrityCheckThread:86 - entering critical section [integrity check]
2025-09-18 14:52:45,918 [INFO] ThirdPartyUpdaterWithRetryManager:70 - Updater plugin not ready yet. [1/15]
2025-09-18 14:52:45,920 [INFO] PluginManage:359 - Loaded plugin tools (category:base,tabindex:7)
2025-09-18 14:52:45,920 [INFO] PluginManage:310 - Check plugin tutovideos
2025-09-18 14:52:46,089 [INFO] PluginManage:359 - Loaded plugin tutovideos (category:base,tabindex:-1)
2025-09-18 14:52:46,089 [INFO] PluginManage:310 - Check plugin updater
2025-09-18 14:52:46,106 [INFO] PluginManage:359 - Loaded plugin updater (category:base,tabindex:12)
2025-09-18 14:52:46,106 [INFO] PluginManage:310 - Check plugin userauth
2025-09-18 14:52:46,110 [INFO] UserAuth:118 - Init User Auth plugin
2025-09-18 14:52:46,111 [INFO] PluginManage:359 - Loaded plugin userauth (category:base,tabindex:14)
2025-09-18 14:52:46,111 [INFO] PluginManage:283 - PluginManage : Loaded plugins [18]
2025-09-18 14:52:46,271 [INFO] PinOutPanel:1589 - setPackage(No Configuration,No Configuration)
2025-09-18 14:52:46,339 [INFO] CADModel:165 - CPN selected for project level
2025-09-18 14:52:46,339 [INFO] CADModel:114 - Register for checkConnection events
2025-09-18 14:52:46,354 [INFO] IPUIPlugin:80 - create IPUIPlugin
2025-09-18 14:52:46,354 [INFO] PluginManager:220 - loadIPPluginJar : add adc
2025-09-18 14:52:46,357 [INFO] IPUIPlugin:80 - create IPUIPlugin
2025-09-18 14:52:46,357 [INFO] PluginManager:220 - loadIPPluginJar : add aes
2025-09-18 14:52:46,359 [INFO] IPUIPlugin:80 - create IPUIPlugin
2025-09-18 14:52:46,359 [INFO] PluginManager:220 - loadIPPluginJar : add can
2025-09-18 14:52:46,359 [INFO] IPUIPlugin:80 - create IPUIPlugin
2025-09-18 14:52:46,359 [INFO] PluginManager:220 - loadIPPluginJar : add comp
2025-09-18 14:52:46,362 [INFO] IPUIPlugin:80 - create IPUIPlugin
2025-09-18 14:52:46,362 [INFO] PluginManager:220 - loadIPPluginJar : add cryp
2025-09-18 14:52:46,365 [INFO] IPUIPlugin:80 - create IPUIPlugin
2025-09-18 14:52:46,365 [INFO] PluginManager:220 - loadIPPluginJar : add ddr_ctrl_phy
2025-09-18 14:52:46,367 [INFO] IPUIPlugin:80 - create IPUIPlugin
2025-09-18 14:52:46,367 [INFO] PluginManager:220 - loadIPPluginJar : add dfsdm
2025-09-18 14:52:46,372 [INFO] IPUIPlugin:80 - create IPUIPlugin
2025-09-18 14:52:46,372 [INFO] PluginManager:220 - loadIPPluginJar : add dma
2025-09-18 14:52:46,374 [INFO] IPUIPlugin:80 - create IPUIPlugin
2025-09-18 14:52:46,374 [INFO] PluginManager:220 - loadIPPluginJar : add dma3
2025-09-18 14:52:46,376 [INFO] IPUIPlugin:80 - create IPUIPlugin
2025-09-18 14:52:46,376 [INFO] PluginManager:220 - loadIPPluginJar : add extmemmanager
2025-09-18 14:52:46,378 [INFO] IPUIPlugin:80 - create IPUIPlugin
2025-09-18 14:52:46,378 [INFO] PluginManager:220 - loadIPPluginJar : add fatfs
2025-09-18 14:52:46,382 [INFO] IPUIPlugin:80 - create IPUIPlugin
2025-09-18 14:52:46,382 [INFO] PluginManager:220 - loadIPPluginJar : add fmc
2025-09-18 14:52:46,387 [INFO] IPUIPlugin:80 - create IPUIPlugin
2025-09-18 14:52:46,387 [INFO] PluginManager:220 - loadIPPluginJar : add freertos
2025-09-18 14:52:46,388 [INFO] IPUIPlugin:80 - create IPUIPlugin
2025-09-18 14:52:46,388 [INFO] PluginManager:220 - loadIPPluginJar : add genericplugin
2025-09-18 14:52:46,389 [INFO] IPUIPlugin:80 - create IPUIPlugin
2025-09-18 14:52:46,389 [INFO] PluginManager:220 - loadIPPluginJar : add gfxmmu
2025-09-18 14:52:46,392 [INFO] IPUIPlugin:80 - create IPUIPlugin
2025-09-18 14:52:46,392 [INFO] PluginManager:220 - loadIPPluginJar : add gic
2025-09-18 14:52:46,395 [INFO] IPUIPlugin:80 - create IPUIPlugin
2025-09-18 14:52:46,395 [INFO] PluginManager:220 - loadIPPluginJar : add gpio
2025-09-18 14:52:46,397 [INFO] IPUIPlugin:80 - create IPUIPlugin
2025-09-18 14:52:46,398 [INFO] PluginManager:220 - loadIPPluginJar : add gtzc
2025-09-18 14:52:46,399 [INFO] IPUIPlugin:80 - create IPUIPlugin
2025-09-18 14:52:46,399 [INFO] PluginManager:220 - loadIPPluginJar : add hash
2025-09-18 14:52:46,401 [INFO] IPUIPlugin:80 - create IPUIPlugin
2025-09-18 14:52:46,402 [INFO] PluginManager:220 - loadIPPluginJar : add i2c
2025-09-18 14:52:46,404 [INFO] IPUIPlugin:80 - create IPUIPlugin
2025-09-18 14:52:46,404 [INFO] PluginManager:220 - loadIPPluginJar : add i2s
2025-09-18 14:52:46,406 [INFO] IPUIPlugin:80 - create IPUIPlugin
2025-09-18 14:52:46,406 [INFO] PluginManager:220 - loadIPPluginJar : add i3c
2025-09-18 14:52:46,409 [INFO] IPUIPlugin:80 - create IPUIPlugin
2025-09-18 14:52:46,409 [INFO] PluginManager:220 - loadIPPluginJar : add ipddr
2025-09-18 14:52:46,416 [INFO] IPUIPlugin:80 - create IPUIPlugin
2025-09-18 14:52:46,416 [INFO] PluginManager:220 - loadIPPluginJar : add linkedlist
2025-09-18 14:52:46,419 [INFO] IPUIPlugin:80 - create IPUIPlugin
2025-09-18 14:52:46,419 [INFO] PluginManager:220 - loadIPPluginJar : add lorawan
2025-09-18 14:52:46,421 [INFO] IPUIPlugin:80 - create IPUIPlugin
2025-09-18 14:52:46,421 [INFO] PluginManager:220 - loadIPPluginJar : add ltdc
2025-09-18 14:52:46,426 [INFO] IPUIPlugin:80 - create IPUIPlugin
2025-09-18 14:52:46,426 [INFO] PluginManager:220 - loadIPPluginJar : add mdma
2025-09-18 14:52:46,428 [INFO] IPUIPlugin:80 - create IPUIPlugin
2025-09-18 14:52:46,429 [INFO] PluginManager:220 - loadIPPluginJar : add nvic
2025-09-18 14:52:46,432 [INFO] IPUIPlugin:80 - create IPUIPlugin
2025-09-18 14:52:46,432 [INFO] PluginManager:220 - loadIPPluginJar : add opamp
2025-09-18 14:52:46,434 [INFO] IPUIPlugin:80 - create IPUIPlugin
2025-09-18 14:52:46,435 [INFO] PluginManager:220 - loadIPPluginJar : add openamp
2025-09-18 14:52:46,437 [INFO] IPUIPlugin:80 - create IPUIPlugin
2025-09-18 14:52:46,437 [INFO] PluginManager:220 - loadIPPluginJar : add pdm2pcm
2025-09-18 14:52:46,441 [INFO] IPUIPlugin:80 - create IPUIPlugin
2025-09-18 14:52:46,443 [INFO] PluginManager:220 - loadIPPluginJar : add plateformsettings
2025-09-18 14:52:46,444 [INFO] IPUIPlugin:80 - create IPUIPlugin
2025-09-18 14:52:46,445 [INFO] PluginManager:220 - loadIPPluginJar : add quadspi
2025-09-18 14:52:46,446 [INFO] IPUIPlugin:80 - create IPUIPlugin
2025-09-18 14:52:46,447 [INFO] PluginManager:220 - loadIPPluginJar : add radio
2025-09-18 14:52:46,450 [INFO] IPUIPlugin:80 - create IPUIPlugin
2025-09-18 14:52:46,450 [INFO] PluginManager:220 - loadIPPluginJar : add resmgrutility
2025-09-18 14:52:46,454 [INFO] IPUIPlugin:80 - create IPUIPlugin
2025-09-18 14:52:46,454 [INFO] PluginManager:220 - loadIPPluginJar : add sai
2025-09-18 14:52:46,455 [INFO] IPUIPlugin:80 - create IPUIPlugin
2025-09-18 14:52:46,455 [INFO] PluginManager:220 - loadIPPluginJar : add spi
2025-09-18 14:52:46,460 [INFO] IPUIPlugin:80 - create IPUIPlugin
2025-09-18 14:52:46,460 [INFO] PluginManager:220 - loadIPPluginJar : add stm32_wpan
2025-09-18 14:52:46,462 [INFO] IPUIPlugin:80 - create IPUIPlugin
2025-09-18 14:52:46,462 [INFO] PluginManager:220 - loadIPPluginJar : add tim
2025-09-18 14:52:46,465 [INFO] IPUIPlugin:80 - create IPUIPlugin
2025-09-18 14:52:46,465 [INFO] PluginManager:220 - loadIPPluginJar : add touchsensing
2025-09-18 14:52:46,468 [INFO] IPUIPlugin:80 - create IPUIPlugin
2025-09-18 14:52:46,468 [INFO] PluginManager:220 - loadIPPluginJar : add tracer_emb
2025-09-18 14:52:46,469 [INFO] IPUIPlugin:80 - create IPUIPlugin
2025-09-18 14:52:46,470 [INFO] PluginManager:220 - loadIPPluginJar : add ts
2025-09-18 14:52:46,471 [INFO] IPUIPlugin:80 - create IPUIPlugin
2025-09-18 14:52:46,471 [INFO] PluginManager:220 - loadIPPluginJar : add tsc
2025-09-18 14:52:46,472 [INFO] IPUIPlugin:80 - create IPUIPlugin
2025-09-18 14:52:46,473 [INFO] PluginManager:220 - loadIPPluginJar : add ucpd
2025-09-18 14:52:46,474 [INFO] IPUIPlugin:80 - create IPUIPlugin
2025-09-18 14:52:46,474 [INFO] PluginManager:220 - loadIPPluginJar : add usart
2025-09-18 14:52:46,477 [INFO] IPUIPlugin:80 - create IPUIPlugin
2025-09-18 14:52:46,478 [INFO] PluginManager:220 - loadIPPluginJar : add usbx
2025-09-18 14:52:46,594 [FATAL] Updater:351 - Updater called before beeing initialized
2025-09-18 14:52:46,612 [INFO] RulesReader:64 - Compatibility file has been processed (317 Rules)
2025-09-18 14:52:46,619 [INFO] RulesReader:64 - Compatibility file has been processed (317 Rules)
2025-09-18 14:52:46,626 [INFO] CADModel:165 - CPN selected for project level
2025-09-18 14:52:46,626 [INFO] CADModel:114 - Register for checkConnection events
2025-09-18 14:52:46,626 [FATAL] Updater:351 - Updater called before beeing initialized
2025-09-18 14:52:46,626 [ERROR] CADModel:125 - Updater not yet initialized, retry later 
2025-09-18 14:52:46,732 [FATAL] Updater:351 - Updater called before beeing initialized
2025-09-18 14:52:46,733 [INFO] CADModel:165 - CPN selected for project level
2025-09-18 14:52:46,734 [INFO] CADModel:114 - Register for checkConnection events
2025-09-18 14:52:46,734 [FATAL] Updater:351 - Updater called before beeing initialized
2025-09-18 14:52:46,734 [ERROR] CADModel:125 - Updater not yet initialized, retry later 
2025-09-18 14:52:46,736 [FATAL] Updater:351 - Updater called before beeing initialized
2025-09-18 14:52:46,816 [FATAL] Updater:351 - Updater called before beeing initialized
2025-09-18 14:52:46,818 [INFO] DbMcusAds:53 - JSON generation date=Tue Jul 08 15:14:27 ICT 2025 (1751962467633)
2025-09-18 14:52:46,819 [FATAL] Updater:351 - Updater called before beeing initialized
2025-09-18 14:52:46,845 [WARN] DetailPanel:346 - Failed to get advertising image, set to default
2025-09-18 14:52:46,902 [FATAL] Updater:351 - Updater called before beeing initialized
2025-09-18 14:52:46,903 [FATAL] Updater:351 - Updater called before beeing initialized
2025-09-18 14:52:46,903 [FATAL] Updater:351 - Updater called before beeing initialized
2025-09-18 14:52:46,904 [WARN] DetailPanel:346 - Failed to get advertising image, set to default
2025-09-18 14:52:46,904 [FATAL] Updater:351 - Updater called before beeing initialized
2025-09-18 14:52:46,935 [ERROR] Updater:1198 - MainUpdater not yet initialized. External WinMGr cannot be set.
2025-09-18 14:52:46,937 [INFO] Updater:1134 - Updater Version found : 6.15.0
2025-09-18 14:52:46,953 [INFO] ApplicationProperties:184 - Using Application install path: E:\STM32CubeIDE_1.19.0\STM32CubeIDE\plugins\com.st.stm32cube.common.mx_6.15.0.202507011659
2025-09-18 14:52:47,248 [INFO] MainUpdater:2872 - connection check result : 10
2025-09-18 14:52:47,249 [INFO] MainUpdater:289 - Updater Check For Update Now.
2025-09-18 14:52:47,249 [INFO] MicroXplorer:498 - Change Database Version : DB.6.0.150
2025-09-18 14:52:47,261 [INFO] McuFinderGlobals:63 - Set McuFinder mode to 2 (CubeIDE integrated)
2025-09-18 14:52:47,262 [INFO] UserAuth:487 - Internet connection configuration mode: 1
2025-09-18 14:52:47,288 [INFO] JxBrowserEngine:152 - Initiate JxBrowser Engine with user profile folder
2025-09-18 14:52:47,408 [INFO] CheckServerUpdateThread:120 - End of CheckServer Thread
2025-09-18 14:52:48,116 [INFO] WebApp:169 - Instantiating new browser for Auth
2025-09-18 14:52:48,672 [INFO] WebApp:463 - Apply proxy settings
2025-09-18 14:52:48,672 [INFO] WebApp:548 - Chromium requires no authentication
2025-09-18 14:52:48,680 [INFO] WebApp:491 - Direct internet connection detected
2025-09-18 14:52:48,700 [INFO] WebApp:900 - Register for checkConnection events
2025-09-18 14:52:48,700 [INFO] WebApp:463 - Apply proxy settings
2025-09-18 14:52:48,700 [INFO] WebApp:548 - Chromium requires no authentication
2025-09-18 14:52:48,701 [INFO] WebApp:491 - Direct internet connection detected
2025-09-18 14:52:48,848 [INFO] WebApp:225 - Starting web application
2025-09-18 14:52:48,848 [INFO] WebApp:593 - Web application path used E:\STM32CubeIDE_1.19.0\STM32CubeIDE\plugins\com.st.stm32cube.common.mx_6.15.0.202507011659\db\plugins\mcufinder\reactClient1\index.html
2025-09-18 14:52:48,918 [INFO] UserAuth:487 - Internet connection configuration mode: 1
2025-09-18 14:52:49,076 [INFO] WebApp:191 - Connection restablished
2025-09-18 14:52:49,144 [WARN] PackLoader:240 - Cannot read IP mode file for STMicroelectronics.FP-SNS-MOTENVWB1.1.4.0
2025-09-18 14:52:49,154 [WARN] PackLoader:240 - Cannot read IP mode file for STMicroelectronics.FP-ATR-ASTRA1.2.0.2
2025-09-18 14:52:49,165 [WARN] PackLoader:240 - Cannot read IP mode file for STMicroelectronics.X-CUBE-SMBUS.2.1.0
2025-09-18 14:52:49,169 [WARN] PackLoader:240 - Cannot read IP mode file for STMicroelectronics.X-CUBE-ST60.1.0.0
2025-09-18 14:52:49,208 [WARN] PackLoader:240 - Cannot read IP mode file for STMicroelectronics.X-CUBE-AZRTOS-F7.1.1.0
2025-09-18 14:52:49,261 [WARN] PackLoader:240 - Cannot read IP mode file for Infineon.AIROC-Wi-Fi-Bluetooth-STM32.1.7.1
2025-09-18 14:52:49,288 [WARN] PackLoader:240 - Cannot read IP mode file for STMicroelectronics.X-CUBE-AZRTOS-H7.3.4.0
2025-09-18 14:52:49,298 [WARN] PackLoader:240 - Cannot read IP mode file for STMicroelectronics.X-CUBE-DISPLAY.3.0.0
2025-09-18 14:52:49,310 [WARN] PackLoader:240 - Cannot read IP mode file for STMicroelectronics.X-CUBE-NFC10.1.0.0
2025-09-18 14:52:49,317 [WARN] PackLoader:240 - Cannot read IP mode file for emotas.I-CUBE-CANOPEN.1.3.0
2025-09-18 14:52:49,324 [WARN] PackLoader:240 - Cannot read IP mode file for STMicroelectronics.FP-SNS-STBOX1.2.1.0
2025-09-18 14:52:49,330 [WARN] PackLoader:240 - Cannot read IP mode file for STMicroelectronics.FP-SNS-SMARTAG2.1.2.0
2025-09-18 14:52:49,335 [WARN] PackLoader:240 - Cannot read IP mode file for STMicroelectronics.FP-SNS-FLIGHT1.5.1.0
2025-09-18 14:52:49,344 [INFO] LogOutputStream:77 - [STDOUT_REDIRECT] 1 : Invalid condition id : UX_CORESTACK_Condition cause : null
2025-09-18 14:52:49,344 [INFO] LogOutputStream:77 - [STDOUT_REDIRECT] 1 : Invalid condition id : UX_CORESTACK_Condition cause : null
2025-09-18 14:52:49,345 [INFO] LogOutputStream:77 - [STDOUT_REDIRECT] 1 : Invalid condition id : UX_CORESTACK_Condition cause : null
2025-09-18 14:52:49,346 [INFO] LogOutputStream:77 - [STDOUT_REDIRECT] 1 : Invalid condition id : UX_CORESTACK_Condition cause : null
2025-09-18 14:52:49,347 [INFO] LogOutputStream:77 - [STDOUT_REDIRECT] 1 : Invalid condition id : UX_CORESTACK_Condition cause : null
2025-09-18 14:52:49,350 [WARN] PackLoader:240 - Cannot read IP mode file for STMicroelectronics.X-CUBE-AZRTOS-WL.2.0.0
2025-09-18 14:52:49,356 [WARN] PackLoader:240 - Cannot read IP mode file for STMicroelectronics.FP-SNS-MOTENV1.5.0.0
2025-09-18 14:52:49,364 [WARN] PackLoader:240 - Cannot read IP mode file for WES.I-CUBE-Cesium.1.3.0
2025-09-18 14:52:49,369 [WARN] PackLoader:240 - Cannot read IP mode file for STMicroelectronics.X-CUBE-BLE2.3.3.0
2025-09-18 14:52:49,375 [WARN] PackLoader:240 - Cannot read IP mode file for STMicroelectronics.X-CUBE-NFC9.1.0.0
2025-09-18 14:52:49,381 [WARN] PackLoader:240 - Cannot read IP mode file for wolfSSL.I-CUBE-wolfSSL.5.8.0
2025-09-18 14:52:49,385 [WARN] PackLoader:240 - Cannot read IP mode file for wolfSSL.I-CUBE-wolfSSL.5.8.2
2025-09-18 14:52:49,389 [WARN] PackLoader:240 - Cannot read IP mode file for STMicroelectronics.X-CUBE-BLE1.7.1.0
2025-09-18 14:52:49,395 [WARN] PackLoader:240 - Cannot read IP mode file for wolfSSL.I-CUBE-wolfMQTT.1.19.2
2025-09-18 14:52:49,399 [WARN] PackLoader:240 - Cannot read IP mode file for STMicroelectronics.X-CUBE-EEPRMA1.5.2.0
2025-09-18 14:52:49,404 [WARN] PackLoader:240 - Cannot read IP mode file for STMicroelectronics.X-CUBE-AI.10.1.0
2025-09-18 14:52:49,415 [WARN] PackLoader:240 - Cannot read IP mode file for STMicroelectronics.X-CUBE-AZRTOS-G0.1.1.0
2025-09-18 14:52:49,421 [WARN] PackLoader:240 - Cannot read IP mode file for STMicroelectronics.X-CUBE-SAFEA1.1.2.2
2025-09-18 14:52:49,426 [WARN] PackLoader:240 - Cannot read IP mode file for STMicroelectronics.X-CUBE-NFC4.3.0.0
2025-09-18 14:52:49,436 [WARN] PackLoader:240 - Cannot read IP mode file for EmbeddedOffice.I-CUBE-FS-RTOS.1.0.1
2025-09-18 14:52:49,441 [WARN] PackLoader:240 - Cannot read IP mode file for STMicroelectronics.X-CUBE-WB05N.2.0.0
2025-09-18 14:52:49,445 [WARN] PackLoader:240 - Cannot read IP mode file for wolfSSL.I-CUBE-wolfTPM.3.8.0
2025-09-18 14:52:49,451 [WARN] PackLoader:240 - Cannot read IP mode file for STMicroelectronics.X-CUBE-TCPP.4.2.0
2025-09-18 14:52:49,456 [WARN] PackLoader:240 - Cannot read IP mode file for RealThread.X-CUBE-RT-Thread_Nano.4.1.1
2025-09-18 14:52:49,462 [WARN] PackLoader:240 - Cannot read IP mode file for STMicroelectronics.FP-ATR-SIGFOX1.3.2.0
2025-09-18 14:52:49,467 [WARN] PackLoader:240 - Cannot read IP mode file for ITTIA_DB.I-CUBE-ITTIADB.8.9.0
2025-09-18 14:52:49,472 [WARN] PackLoader:240 - Cannot read IP mode file for STMicroelectronics.X-CUBE-ST67W61.1.0.0
2025-09-18 14:52:49,476 [WARN] PackLoader:240 - Cannot read IP mode file for STMicroelectronics.X-CUBE-AI.10.2.0
2025-09-18 14:52:49,496 [WARN] PackLoader:240 - Cannot read IP mode file for SEGGER.I-CUBE-embOS.1.3.1
2025-09-18 14:52:49,530 [WARN] PackLoader:240 - Cannot read IP mode file for STMicroelectronics.X-CUBE-ALGOBUILD.1.4.0
2025-09-18 14:52:49,561 [WARN] PackLoader:240 - Cannot read IP mode file for STMicroelectronics.X-CUBE-MEMS1.11.3.0
2025-09-18 14:52:49,644 [WARN] PackLoader:240 - Cannot read IP mode file for STMicroelectronics.X-CUBE-PM33A1.1.0.0
2025-09-18 14:52:49,653 [WARN] PackLoader:240 - Cannot read IP mode file for STMicroelectronics.X-CUBE-AZRTOS-F4.1.1.0
2025-09-18 14:52:49,659 [WARN] PackLoader:240 - Cannot read IP mode file for Avnet-IotConnect.X-CUBE-IoTC-DA16k-PMOD.1.0.0
2025-09-18 14:52:49,664 [WARN] PackLoader:240 - Cannot read IP mode file for STMicroelectronics.X-CUBE-ISPU.2.1.0
2025-09-18 14:52:49,667 [WARN] PackLoader:240 - Cannot read IP mode file for STMicroelectronics.X-CUBE-NFC12.1.0.0
2025-09-18 14:52:49,675 [WARN] PackLoader:240 - Cannot read IP mode file for STMicroelectronics.X-CUBE-AZRTOS-L5.2.0.0
2025-09-18 14:52:49,681 [WARN] PackLoader:240 - Cannot read IP mode file for STMicroelectronics.X-CUBE-NFC6.3.1.0
2025-09-18 14:52:49,687 [WARN] PackLoader:240 - Cannot read IP mode file for STMicroelectronics.X-CUBE-FREERTOS.1.3.1
2025-09-18 14:52:49,692 [WARN] PackLoader:240 - Cannot read IP mode file for STMicroelectronics.FP-SNS-STAIOTCFT.1.0.0
2025-09-18 14:52:49,701 [WARN] PackLoader:240 - Cannot read IP mode file for STMicroelectronics.X-CUBE-DPower.1.3.0
2025-09-18 14:52:49,717 [WARN] ConditionMgr:438 - getConditionDescription Invalid condition id : LAN8742 Phy interface Condition cause : null
2025-09-18 14:52:49,718 [WARN] PackLoader:240 - Cannot read IP mode file for STMicroelectronics.X-CUBE-AZRTOS-L4.2.0.0
2025-09-18 14:52:49,719 [WARN] ConditionMgr:1044 - genDependencies : Invalid condition id : LAN8742 Phy interface Condition cause : null
2025-09-18 14:52:49,720 [WARN] ConditionMgr:1044 - genDependencies : Invalid condition id : LAN8742 Phy interface Condition cause : null
2025-09-18 14:52:49,721 [WARN] ConditionMgr:1044 - genDependencies : Invalid condition id : LAN8742 Phy interface Condition cause : null
2025-09-18 14:52:49,727 [WARN] PackLoader:240 - Cannot read IP mode file for STMicroelectronics.X-CUBE-SFXS2LP1.4.0.0
2025-09-18 14:52:49,737 [WARN] PackLoader:240 - Cannot read IP mode file for STMicroelectronics.X-CUBE-BLEMGR.4.1.0
2025-09-18 14:52:49,771 [WARN] ConditionMgr:438 - getConditionDescription Invalid condition id : UX DEVICE CLASS RTOS Condition cause : null
2025-09-18 14:52:49,771 [WARN] ConditionMgr:438 - getConditionDescription Invalid condition id : UX DEVICE CLASS RTOS Condition cause : null
2025-09-18 14:52:49,773 [WARN] PackLoader:240 - Cannot read IP mode file for STMicroelectronics.X-CUBE-AZRTOS-WB.2.0.0
2025-09-18 14:52:49,774 [WARN] ConditionMgr:1044 - genDependencies : Invalid condition id : UX DEVICE CLASS RTOS Condition cause : null
2025-09-18 14:52:49,775 [WARN] ConditionMgr:1044 - genDependencies : Invalid condition id : UX DEVICE CLASS RTOS Condition cause : null
2025-09-18 14:52:49,775 [WARN] ConditionMgr:1044 - genDependencies : Invalid condition id : UX DEVICE CLASS RTOS Condition cause : null
2025-09-18 14:52:49,775 [WARN] ConditionMgr:1044 - genDependencies : Invalid condition id : UX DEVICE CLASS RTOS Condition cause : null
2025-09-18 14:52:49,775 [WARN] ConditionMgr:1044 - genDependencies : Invalid condition id : UX DEVICE CLASS RTOS Condition cause : null
2025-09-18 14:52:49,781 [WARN] PackLoader:240 - Cannot read IP mode file for STMicroelectronics.X-CUBE-GNSS1.7.0.1
2025-09-18 14:52:49,787 [WARN] PackLoader:240 - Cannot read IP mode file for STMicroelectronics.X-CUBE-TOUCHGFX.4.25.0
2025-09-18 14:52:49,793 [WARN] PackLoader:240 - Cannot read IP mode file for STMicroelectronics.FP-SNS-STBOX1.2.0.0
2025-09-18 14:52:49,799 [WARN] ConditionMgr:438 - getConditionDescription Invalid condition id : Cortex-A Device cause : null
2025-09-18 14:52:49,842 [WARN] ConditionMgr:1044 - genDependencies : Invalid condition id : Cortex-A Device cause : null
2025-09-18 14:52:49,842 [WARN] ConditionMgr:1044 - genDependencies : Invalid condition id : Cortex-A Device cause : null
2025-09-18 14:52:49,842 [WARN] ConditionMgr:1044 - genDependencies : Invalid condition id : Cortex-A Device cause : null
2025-09-18 14:52:49,850 [WARN] PackLoader:240 - Cannot read IP mode file for STMicroelectronics.X-CUBE-SUBG2.5.0.0
2025-09-18 14:52:49,867 [WARN] PackLoader:240 - Cannot read IP mode file for STMicroelectronics.X-CUBE-AZRTOS-H7RS.1.1.0
2025-09-18 14:52:49,872 [WARN] PackLoader:240 - Cannot read IP mode file for Cesanta.I-CUBE-Mongoose.7.13.0
2025-09-18 14:52:49,879 [WARN] PackLoader:240 - Cannot read IP mode file for STMicroelectronics.X-CUBE-AZRTOS-G4.2.0.0
2025-09-18 14:52:49,883 [WARN] PackLoader:240 - Cannot read IP mode file for wolfSSL.I-CUBE-wolfSSH.1.4.20
2025-09-18 14:52:49,888 [WARN] PackLoader:240 - Cannot read IP mode file for STMicroelectronics.X-CUBE-NFC7.2.0.0
2025-09-18 14:52:49,896 [WARN] PackLoader:240 - Cannot read IP mode file for STMicroelectronics.X-CUBE-IPS.3.1.0
2025-09-18 14:52:49,903 [WARN] PackLoader:240 - Cannot read IP mode file for STMicroelectronics.X-CUBE-ALS.1.0.2
2025-09-18 14:52:49,909 [WARN] PackLoader:240 - Cannot read IP mode file for STMicroelectronics.X-CUBE-STSE01.1.0.0
2025-09-18 14:52:49,914 [WARN] PackLoader:240 - Cannot read IP mode file for portGmbH.I-Cube-SoM-uGOAL.1.1.0
2025-09-18 14:52:49,923 [WARN] PackLoader:240 - Cannot read IP mode file for STMicroelectronics.X-CUBE-TOF1.3.4.3
2025-09-18 14:52:49,928 [INFO] ThirdParty:978 - Integrity check success = true
2025-09-18 14:52:49,928 [INFO] IntegrityCheckThread:100 - exiting critical section [integrity check]
2025-09-18 14:52:49,928 [INFO] IntegrityCheckThread:103 - End integrity checks thread
2025-09-18 14:53:01,683 [INFO] McuFinderGlobals:63 - Set McuFinder mode to 2 (CubeIDE integrated)
2025-09-18 14:53:01,687 [INFO] MainUpdater:2872 - connection check result : 10
2025-09-18 14:53:01,687 [INFO] MainUpdater:2872 - connection check result : 10
2025-09-18 14:53:01,713 [INFO] MicroXplorer:468 - Change Database Path : 
2025-09-18 14:53:01,713 [INFO] MicroXplorer:498 - Change Database Version : DB.6.0.150
2025-09-18 14:53:01,721 [WARN] ThirdParty:871 - waiting for thirdparty lock release [close project]
2025-09-18 14:53:01,721 [INFO] ThirdParty:873 - entering critical section [close project]
2025-09-18 14:53:01,722 [INFO] ThirdParty:883 - exiting critical section [close project]
2025-09-18 14:53:01,723 [INFO] PinOutPanel:1589 - setPackage(No Configuration,No Configuration)
2025-09-18 14:53:01,724 [INFO] UtilMem:75 - Begin LoadConfig() Used Memory: 170123496 Bytes (304087040)
2025-09-18 14:53:01,725 [INFO] MicroXplorer:468 - Change Database Path : 
2025-09-18 14:53:01,725 [INFO] MicroXplorer:498 - Change Database Version : DB.6.0.150
2025-09-18 14:53:01,725 [INFO] OpenFileManager:355 - Change cursor
2025-09-18 14:53:01,744 [INFO] Mcu:2029 - Initializing MCU STM32F767ZITx STM32F767ZITx STM32F767ZIT6
2025-09-18 14:53:03,612 [INFO] Context:786 - Trying to add GPIOservice into a context  which must be forbidden
2025-09-18 14:53:04,067 [INFO] ImportTextPane:234 - (OptionalMessage_ERROR) Pin35 (VP_RIF_VS_RIF1) cannot be retrieved for this MCU
2025-09-18 14:53:04,153 [INFO] RtosManager:558 - Registered RTOS mode: class=CMSIS, group=RTOS, mode=CMSIS_V1, owner=FREERTOS
2025-09-18 14:53:04,153 [INFO] RtosManager:558 - Registered RTOS mode: class=CMSIS, group=RTOS2, mode=CMSIS_V2, owner=FREERTOS
2025-09-18 14:53:04,153 [INFO] RtosManager:558 - Registered RTOS mode: class=RTOS, group=Core, mode=CMSIS_V1, owner=FREERTOS
2025-09-18 14:53:04,153 [INFO] RtosManager:558 - Registered RTOS mode: class=RTOS, group=Core, mode=CMSIS_V2, owner=FREERTOS
2025-09-18 14:53:04,153 [WARN] ModelIntegratedComponent:184 - Missing modes for component STMicroelectronics:FreeRTOS:0.0.1:STMicroelectronics:RTOS:FreeRTOS:Core:::10.2.0:
2025-09-18 14:53:04,167 [WARN] ModelIntegratedComponent:63 - No mode defined for component null
2025-09-18 14:53:04,167 [WARN] ModelIntegratedComponent:63 - No mode defined for component null
2025-09-18 14:53:04,167 [WARN] ModelIntegratedComponent:63 - No mode defined for component null
2025-09-18 14:53:04,167 [WARN] ModelIntegratedComponent:63 - No mode defined for component null
2025-09-18 14:53:04,167 [WARN] ModelIntegratedComponent:63 - No mode defined for component null
2025-09-18 14:53:04,167 [WARN] ModelIntegratedComponent:63 - No mode defined for component null
2025-09-18 14:53:04,167 [WARN] ModelIntegratedComponent:63 - No mode defined for component null
2025-09-18 14:53:04,167 [WARN] ModelIntegratedComponent:63 - No mode defined for component null
2025-09-18 14:53:04,167 [WARN] ModelIntegratedComponent:63 - No mode defined for component null
2025-09-18 14:53:04,167 [WARN] ModelIntegratedComponent:63 - No mode defined for component null
2025-09-18 14:53:04,167 [WARN] ModelIntegratedComponent:63 - No mode defined for component null
2025-09-18 14:53:04,167 [WARN] ModelIntegratedComponent:63 - No mode defined for component null
2025-09-18 14:53:04,167 [WARN] ModelIntegratedComponent:63 - No mode defined for component null
2025-09-18 14:53:04,167 [WARN] ModelIntegratedComponent:63 - No mode defined for component null
2025-09-18 14:53:04,167 [WARN] ModelIntegratedComponent:63 - No mode defined for component null
2025-09-18 14:53:04,167 [WARN] ModelIntegratedComponent:63 - No mode defined for component null
2025-09-18 14:53:04,167 [WARN] ModelIntegratedComponent:63 - No mode defined for component null
2025-09-18 14:53:04,167 [WARN] ModelIntegratedComponent:63 - No mode defined for component null
2025-09-18 14:53:04,167 [WARN] ModelIntegratedComponent:63 - No mode defined for component null
2025-09-18 14:53:04,167 [WARN] ModelIntegratedComponent:63 - No mode defined for component null
2025-09-18 14:53:04,167 [WARN] ModelIntegratedComponent:63 - No mode defined for component null
2025-09-18 14:53:04,167 [WARN] ModelIntegratedComponent:63 - No mode defined for component null
2025-09-18 14:53:04,167 [WARN] ModelIntegratedComponent:63 - No mode defined for component null
2025-09-18 14:53:04,167 [WARN] ModelIntegratedComponent:63 - No mode defined for component null
2025-09-18 14:53:04,167 [WARN] ModelIntegratedComponent:63 - No mode defined for component null
2025-09-18 14:53:04,167 [WARN] ModelIntegratedComponent:63 - No mode defined for component null
2025-09-18 14:53:04,167 [WARN] ModelIntegratedComponent:63 - No mode defined for component null
2025-09-18 14:53:04,167 [WARN] ModelIntegratedComponent:63 - No mode defined for component null
2025-09-18 14:53:04,167 [WARN] ModelIntegratedComponent:63 - No mode defined for component null
2025-09-18 14:53:04,167 [WARN] ModelIntegratedComponent:63 - No mode defined for component null
2025-09-18 14:53:04,167 [WARN] ModelIntegratedComponent:63 - No mode defined for component null
2025-09-18 14:53:04,168 [WARN] ModelIntegratedComponent:63 - No mode defined for component null
2025-09-18 14:53:04,168 [WARN] ModelIntegratedComponent:63 - No mode defined for component null
2025-09-18 14:53:04,168 [WARN] ModelIntegratedComponent:63 - No mode defined for component null
2025-09-18 14:53:04,168 [WARN] ModelIntegratedComponent:63 - No mode defined for component null
2025-09-18 14:53:04,168 [WARN] ModelPack:524 - Component already loaded: STMicroelectronics:HAL Drivers:0.0.0:STMicroelectronics:Device:STMicro_Driver:XSPI:HAL::0.0.1:HAL_XSPI
2025-09-18 14:53:04,219 [INFO] ThirdPartyModel:298 - Start build external matchings
2025-09-18 14:53:04,417 [INFO] ThirdPartyModel:316 - End build external matchings
2025-09-18 14:53:04,430 [INFO] ImportTextPane:234 - (OptionalMessage_ERROR) IP (RCC) : Invalid parameter (48MHZClocksFreq_Value)
2025-09-18 14:53:04,430 [INFO] ImportTextPane:234 - (OptionalMessage_ERROR) IP (RCC) : Invalid parameter (ADC12outputFreq_Value)
2025-09-18 14:53:04,430 [INFO] ImportTextPane:234 - (OptionalMessage_ERROR) IP (RCC) : Invalid parameter (ADC34outputFreq_Value)
2025-09-18 14:53:04,431 [INFO] ImportTextPane:234 - (OptionalMessage_ERROR) IP (RCC) : Invalid parameter (FamilyName)
2025-09-18 14:53:04,431 [INFO] ImportTextPane:234 - (OptionalMessage_ERROR) IP (RCC) : Invalid parameter (I2SClocksFreq_Value)
2025-09-18 14:53:04,431 [INFO] ImportTextPane:234 - (OptionalMessage_ERROR) IP (RCC) : Invalid parameter (LCDTFToutputFreq_Value)
2025-09-18 14:53:04,431 [INFO] ImportTextPane:234 - (OptionalMessage_ERROR) IP (RCC) : Invalid parameter (MCOFreq_Value)
2025-09-18 14:53:04,432 [INFO] ImportTextPane:234 - (OptionalMessage_ERROR) IP (RCC) : Invalid parameter (PLLMCOFreq_Value)
2025-09-18 14:53:04,432 [INFO] ImportTextPane:234 - (OptionalMessage_ERROR) IP (RCC) : Invalid parameter (PLLMUL)
2025-09-18 14:53:04,432 [INFO] ImportTextPane:234 - (OptionalMessage_ERROR) IP (RCC) : Invalid parameter (PRESCALERUSB)
2025-09-18 14:53:04,432 [INFO] ImportTextPane:234 - (OptionalMessage_ERROR) IP (RCC) : Invalid parameter (RTCHSEDivFreq_Value)
2025-09-18 14:53:04,432 [INFO] ImportTextPane:234 - (OptionalMessage_ERROR) IP (RCC) : Parameter (SDMMC2Freq_Value) has invalid value (216000000)
2025-09-18 14:53:04,432 [INFO] ImportTextPane:234 - (OptionalMessage_ERROR) IP (RCC) : Parameter (SDMMCFreq_Value) has invalid value (216000000)
2025-09-18 14:53:04,432 [INFO] ImportTextPane:234 - (OptionalMessage_ERROR) IP (RCC) : Invalid parameter (SYSCLKSourceVirtual)
2025-09-18 14:53:04,432 [INFO] ImportTextPane:234 - (OptionalMessage_ERROR) IP (RCC) : Invalid parameter (TIM15Freq_Value)
2025-09-18 14:53:04,432 [INFO] ImportTextPane:234 - (OptionalMessage_ERROR) IP (RCC) : Invalid parameter (TIM16Freq_Value)
2025-09-18 14:53:04,432 [INFO] ImportTextPane:234 - (OptionalMessage_ERROR) IP (RCC) : Invalid parameter (TIM17Freq_Value)
2025-09-18 14:53:04,432 [INFO] ImportTextPane:234 - (OptionalMessage_ERROR) IP (RCC) : Invalid parameter (TIM1Freq_Value)
2025-09-18 14:53:04,433 [INFO] ImportTextPane:234 - (OptionalMessage_ERROR) IP (RCC) : Invalid parameter (TIM20Freq_Value)
2025-09-18 14:53:04,433 [INFO] ImportTextPane:234 - (OptionalMessage_ERROR) IP (RCC) : Invalid parameter (TIM2Freq_Value)
2025-09-18 14:53:04,433 [INFO] ImportTextPane:234 - (OptionalMessage_ERROR) IP (RCC) : Invalid parameter (TIM3Freq_Value)
2025-09-18 14:53:04,433 [INFO] ImportTextPane:234 - (OptionalMessage_ERROR) IP (RCC) : Invalid parameter (TIM8Freq_Value)
2025-09-18 14:53:04,434 [INFO] ImportTextPane:234 - (OptionalMessage_ERROR) IP (RCC) : Invalid parameter (VCOOutput2Freq_Value)
2025-09-18 14:53:04,434 [INFO] ImportTextPane:234 - (OptionalMessage_ERROR) IP (RCC) : Invalid parameter (VcooutputI2S)
2025-09-18 14:53:05,153 [INFO] ApiDb:581 - Connected to CubeFinder SQLite database (C:\Users\nphis\.stmcufinder\plugins\mcufinder\mcu\cube-finder-db.db)
2025-09-18 14:53:05,222 [INFO] ApiDb:668 - CubeFinder database Data Model version=2.1
2025-09-18 14:53:05,222 [INFO] ApiDb:669 - CubeFinder database Configuration version=3.0.39
2025-09-18 14:53:05,222 [INFO] ApiDb:670 - CubeFinder database generation date=2025-08-25 (1756130511)
2025-09-18 14:53:05,223 [INFO] ApiDb:671 - CubeFinder database FW Pack versions=[FP-ATR-ASTRA1_V2.0.0, FP-SNS-FLIGHT1_V5.1.0, FP-SNS-MOTENV1_V5.0.0, FP-SNS-MOTENVWB1_V1.4.0, FP-SNS-SMARTAG2_V1.2.0, FP-SNS-STBOX1_V2.1.0, STM32Cube_FW_C0_V1.4.0, STM32Cube_FW_F4_V1.28.3, STM32Cube_FW_F7_V1.17.4, STM32Cube_FW_G0_V1.6.2, STM32Cube_FW_G4_V1.6.1, STM32Cube_FW_H5_V1.5.0, STM32Cube_FW_H7RS_V1.2.0, STM32Cube_FW_H7_V1.12.1, STM32Cube_FW_L0_V1.12.2, STM32Cube_FW_L4_V1.18.1, STM32Cube_FW_L5_V1.5.1, STM32Cube_FW_N6_V1.2.0, STM32Cube_FW_U0_V1.3.0, STM32Cube_FW_U3_V1.2.0, STM32Cube_FW_U5_V1.8.0, STM32Cube_FW_WB0_V1.3.0, STM32Cube_FW_WBA_V1.7.0, STM32Cube_FW_WB_V1.23.0, STM32Cube_FW_WL3_V1.2.0, STM32Cube_FW_WL_V1.3.1, X-CUBE-ALGOBUILD_V1.4.0, X-CUBE-ALS_V1.0.2, X-CUBE-AZRTOS-F4_V1.1.0, X-CUBE-AZRTOS-F7_V1.1.0, X-CUBE-AZRTOS-G0_V1.1.0, X-CUBE-AZRTOS-G4_V2.0.0, X-CUBE-AZRTOS-H7RS_V1.1.0, X-CUBE-AZRTOS-H7_V3.4.0, X-CUBE-AZRTOS-L4_V2.0.0, X-CUBE-AZRTOS-L5_V2.0.0, X-CUBE-AZRTOS-WB_V2.0.0, X-CUBE-AZRTOS-WL_V2.0.0, X-CUBE-BLE1_V7.1.0, X-CUBE-BLE2_V3.3.0, X-CUBE-BLEMGR_V4.1.0, X-CUBE-EEPRMA1_V5.2.0, X-CUBE-FREERTOS_V1.3.1, X-CUBE-GNSS1_V6.0.0, X-CUBE-MEMS1_V11.3.0, X-CUBE-NFC4_V3.0.0, X-CUBE-NFC7_V2.0.0, X-CUBE-SFXS2LP1_V4.0.0, X-CUBE-ST67W61_V1.0.0, X-CUBE-SUBG2_V5.0.0, X-CUBE-TOF1_V3.4.3]
2025-09-18 14:53:05,304 [INFO] DbBoardsSqlite:226 - include board P-NUCLEO-WB55-NUCLEO as a kit item of type 'Nucleo-64'
2025-09-18 14:53:05,304 [INFO] DbBoardsSqlite:226 - include board P-NUCLEO-WB55-USBDONGLE as a kit item of type 'Nucleo USB Dongle'
2025-09-18 14:53:05,305 [INFO] DbBoardsSqlite:226 - include board STEVAL-IDP005V1 as a kit item of type 'Evaluation Board'
2025-09-18 14:53:05,305 [INFO] DbBoardsSqlite:226 - include board STEVAL-IDP005V2 as a kit item of type 'Evaluation Board'
2025-09-18 14:53:05,655 [INFO] ApiDb:240 - Found 880 in-development CPN: [B-G473E-ZEST1S, B-WB1M-WPAN1, B-WBA5M-WPAN, B-WL5M-SUBG1, NUCLEO-C031C6, NUCLEO-C051C8, NUCLEO-C071RB, NUCLEO-C092RC, NUCLEO-H503RB, NUCLEO-H533RE, NUCLEO-H563ZI, NUCLEO-H7S3L8, NUCLEO-N657X0-Q, NUCLEO-U031R8, NUCLEO-U083RC, NUCLEO-U385RG-Q, NUCLEO-U545RE-Q, NUCLEO-U5A5ZJ-Q, NUCLEO-WB05KZ, NUCLEO-WB07CC, NUCLEO-WB09KE, NUCLEO-WBA52CG, NUCLEO-WBA55CG, NUCLEO-WL33CC1, NUCLEO-WL33CC2, STEVAL-PROTEUS1, STEVAL-SMARTAG2, STEVAL-STWINBX1, STM320518-EVAL, STM32C0116-DK, STM32C011D6Y3TR, STM32C011D6Y6TR, STM32C011F4P3, STM32C011F4P6, STM32C011F4U3, STM32C011F4U6TR, STM32C011F6P3, STM32C011F6P6, STM32C011F6U3, STM32C011F6U6TR, STM32C011J4M3, STM32C011J4M6, STM32C011J6M3, STM32C011J6M6, STM32C0316-DK, STM32C031C4T3, STM32C031C4T6, STM32C031C4U3, STM32C031C4U6, STM32C031C6T3, STM32C031C6T6, STM32C031C6U3, STM32C031C6U6, STM32C031F4P3, STM32C031F4P6, STM32C031F6P3, STM32C031F6P6, STM32C031G4U3, STM32C031G4U6, STM32C031G6U3, STM32C031G6U6, STM32C031K4T3, STM32C031K4T6, STM32C031K4U3, STM32C031K4U6, STM32C031K6T3, STM32C031K6T6, STM32C031K6U3, STM32C031K6U6, STM32C051C6T6, STM32C051C6U6, STM32C051C8T6, STM32C051C8U6, STM32C051D8Y6TR, STM32C051F6P6, STM32C051F8P6, STM32C051G6U6, STM32C051G8U6, STM32C051K6T6, STM32C051K6U6, STM32C051K8T6, STM32C071C8T6, STM32C071C8T6N, STM32C071C8U6, STM32C071C8U6N, STM32C071CBT6, STM32C071CBT6N, STM32C071CBU6, STM32C071CBU6N, STM32C071F8P6, STM32C071F8P6N, STM32C071FBP6, STM32C071FBP6N, STM32C071FBY6TR, STM32C071G8U6, STM32C071G8U6N, STM32C071GBU6, STM32C071GBU6N, STM32C071K8T6, STM32C071K8T6N, STM32C071K8U6, STM32C071K8U6N, STM32C071KBT6, STM32C071KBT6N, STM32C071KBU6, STM32C071KBU6N, STM32C071R8T6, STM32C071R8T6N, STM32C071RBI6N, STM32C071RBT6, STM32C071RBT6N, STM32C091CBT6, STM32C091CBU6, STM32C091CCT6, STM32C091CCU6, STM32C091ECY6TR, STM32C091FBP6, STM32C091FCP6, STM32C091GBU6, STM32C091GCU6, STM32C091KBT6, STM32C091KBU6, STM32C091KCT6, STM32C091KCU6, STM32C091RBT6, STM32C091RCI6, STM32C091RCT6, STM32C092CBT6, STM32C092CBU6, STM32C092CCT6, STM32C092CCU6, STM32C092ECY6TR, STM32C092FBP6, STM32C092FCP6, STM32C092GBU6, STM32C092GCU6, STM32C092KBT6, STM32C092KBU6, STM32C092KCT6, STM32C092KCU6, STM32C092RBT6, STM32C092RCI6, STM32C092RCT6, STM32G071K8TXN, STM32G071K8UXN, STM32G081GBU6N, STM32G081KBT6N, STM32G081KBUXN, STM32G0B1CCT6N, STM32G0B1KCT6, STM32G0B1NEY6TR, STM32G0B1RCT6N, STM32G0C1CCT6, STM32G0C1CCT6N, STM32G0C1CCU6N, STM32G0C1CET6N, STM32G0C1CEU6N, STM32G0C1KCT6, STM32G0C1NEY6TR, STM32G0C1RCI6N, STM32G0C1RCT6N, STM32G0C1REI6N, STM32G0C1RET6N, STM32G0C1VCI6, STM32G0C1VEI6, STM32G411C6T3, STM32G411C6T6, STM32G411C6U3, STM32G411C6U6, STM32G411C8T3, STM32G411C8T6, STM32G411C8U3, STM32G411C8U6, STM32G411CBT3, STM32G411CBT6, STM32G411CBU3, STM32G411CBU6, STM32G411K6T3, STM32G411K6T6, STM32G411K6U3, STM32G411K6U6, STM32G411K8T3, STM32G411K8T6, STM32G411K8U3, STM32G411K8U6, STM32G411KBT3, STM32G411KBT6, STM32G411KBU3, STM32G411KBU6, STM32G411M6T3, STM32G411M6T6, STM32G411M8T3, STM32G411M8T6, STM32G411MBT3, STM32G411MBT6, STM32G411R6T3, STM32G411R6T6, STM32G411R8T3, STM32G411R8T6, STM32G411RBT3, STM32G411RBT6, STM32G414CBT3, STM32G414CBT6, STM32G414CBU3, STM32G414CBU6, STM32G414CCT3, STM32G414CCT6, STM32G414CCU3, STM32G414CCU6, STM32G414MBT3, STM32G414MBT6, STM32G414MCT3, STM32G414MCT6, STM32G414RBT3, STM32G414RBT6, STM32G414RCT3, STM32G414RCT6, STM32G414VBT3, STM32G414VBT6, STM32G414VCT3, STM32G414VCT6, STM32G431CBT3Z, STM32G431RBT3Z, STM32G471CCT6, STM32G471CCU6, STM32G471CET3, STM32G471CET6, STM32G471CEU3, STM32G471CEU6, STM32G471MCT6, STM32G471MET3, STM32G471MET6, STM32G471MEY6TR, STM32G471QCT6, STM32G471QET3, STM32G471RCT6, STM32G471RET3, STM32G471RET6, STM32G471VCH6, STM32G471VCI6, STM32G471VCT6, STM32G471VEH3, STM32G471VEH6, STM32G471VEI3, STM32G471VEI6, STM32G471VET3, STM32G471VET6, STM32G473QET3Z, STM32G473RET3Z, STM32G474CCT6, STM32G491RET3Z, STM32H503CBT6, STM32H503CBU6, STM32H503EBY6TR, STM32H503KBU6, STM32H503RBT6, STM32H523CCT6, STM32H523CCU6, STM32H523CET6, STM32H523CEU6, STM32H523HEY6TR, STM32H523RCT6, STM32H523RET6, STM32H523VCI6, STM32H523VCT6, STM32H523VEI6, STM32H523VET6, STM32H523ZCJ6, STM32H523ZCT6, STM32H523ZEJ6, STM32H523ZET6, STM32H533CET6, STM32H533CEU6, STM32H533HEY6TR, STM32H533RET6, STM32H533VEI6, STM32H533VET6, STM32H533ZEJ6, STM32H533ZET6, STM32H562AGI6, STM32H562AII6, STM32H562IGK6, STM32H562IGT6, STM32H562IIK6, STM32H562IIT6, STM32H562RGT6, STM32H562RGV6, STM32H562RIT6, STM32H562RIV6, STM32H562VGT6, STM32H562VIT6, STM32H562ZGT6, STM32H562ZIT6, STM32H563AGI6, STM32H563AII3Q, STM32H563AII6, STM32H563IGK6, STM32H563IGT6, STM32H563IIK3Q, STM32H563IIK6, STM32H563IIT3Q, STM32H563IIT6, STM32H563MIY3QTR, STM32H563RGT6, STM32H563RGV6, STM32H563RIT6, STM32H563RIV6, STM32H563VGT6, STM32H563VIT3Q, STM32H563VIT6, STM32H563ZGT6, STM32H563ZIT3Q, STM32H563ZIT6, STM32H573AII3Q, STM32H573AII6, STM32H573I-DK, STM32H573IIK3Q, STM32H573IIK6, STM32H573IIT3Q, STM32H573IIT6, STM32H573MIY3QTR, STM32H573RIT6, STM32H573RIV6, STM32H573VIT3Q, STM32H573VIT6, STM32H573ZIT3Q, STM32H573ZIT6, STM32H7R3A8I6, STM32H7R3I8K6, STM32H7R3I8T6, STM32H7R3L8H6, STM32H7R3L8H6H, STM32H7R3R8V6, STM32H7R3V8H6, STM32H7R3V8T6, STM32H7R3V8Y6TR, STM32H7R3Z8J6, STM32H7R3Z8T6, STM32H7R7A8I6, STM32H7R7I8K6, STM32H7R7I8T6, STM32H7R7L8H6, STM32H7R7L8H6H, STM32H7R7Z8J6, STM32H7S3A8I6, STM32H7S3I8K6, STM32H7S3I8T6, STM32H7S3L8H6, STM32H7S3L8H6H, STM32H7S3R8V6, STM32H7S3V8H6, STM32H7S3V8T6, STM32H7S3V8Y6TR, STM32H7S3Z8J6, STM32H7S3Z8T6, STM32H7S78-DK, STM32H7S7A8I6, STM32H7S7I8K6, STM32H7S7I8T6, STM32H7S7L8H6, STM32H7S7L8H6H, STM32H7S7Z8J6, STM32L4R5QGI6STR, STM32MP131AAE3, STM32MP131AAF3, STM32MP131AAG3, STM32MP131CAE3, STM32MP131CAF3, STM32MP131CAG3, STM32MP131DAE7, STM32MP131DAF7, STM32MP131DAG7, STM32MP131FAE7, STM32MP131FAF7, STM32MP131FAG7, STM32MP133AAE3, STM32MP133AAF3, STM32MP133AAG3, STM32MP133CAE3, STM32MP133CAF3, STM32MP133CAG3, STM32MP133DAE7, STM32MP133DAF7, STM32MP133DAG7, STM32MP133FAE7, STM32MP133FAF7, STM32MP133FAG7, STM32MP135AAE3, STM32MP135AAF3, STM32MP135AAG3, STM32MP135CAE3, STM32MP135CAF3, STM32MP135CAG3, STM32MP135DAE7, STM32MP135DAF7, STM32MP135DAG7, STM32MP135F-DK, STM32MP135FAE7, STM32MP135FAF7, STM32MP135FAF7T, STM32MP135FAF7U, STM32MP135FAG7, STM32MP211AAL3, STM32MP211AAM3, STM32MP211AAN3, STM32MP211AAO3, STM32MP211CAL3, STM32MP211CAM3, STM32MP211CAN3, STM32MP211CAO3, STM32MP211DAL3, STM32MP211DAM3, STM32MP211DAN3, STM32MP211DAO3, STM32MP211FAL3, STM32MP211FAM3, STM32MP211FAN3, STM32MP211FAO3, STM32MP213AAL3, STM32MP213AAM3, STM32MP213AAN3, STM32MP213AAO3, STM32MP213CAL3, STM32MP213CAM3, STM32MP213CAN3, STM32MP213CAO3, STM32MP213DAL3, STM32MP213DAM3, STM32MP213DAN3, STM32MP213DAO3, STM32MP213FAL3, STM32MP213FAM3, STM32MP213FAN3, STM32MP213FAO3, STM32MP215AAL3, STM32MP215AAM3, STM32MP215AAN3, STM32MP215AAO3, STM32MP215CAL3, STM32MP215CAM3, STM32MP215CAN3, STM32MP215CAO3, STM32MP215DAL3, STM32MP215DAM3, STM32MP215DAN3, STM32MP215DAO3, STM32MP215F-DK, STM32MP215FAL3, STM32MP215FAM3, STM32MP215FAN3, STM32MP215FAO3, STM32MP231AAJ3, STM32MP231AAK3, STM32MP231AAL3, STM32MP231CAJ3, STM32MP231CAK3, STM32MP231CAL3, STM32MP231DAJ3, STM32MP231DAK3, STM32MP231DAL3, STM32MP231FAJ3, STM32MP231FAK3, STM32MP231FAL3, STM32MP233AAJ3, STM32MP233AAK3, STM32MP233AAL3, STM32MP233CAJ3, STM32MP233CAK3, STM32MP233CAL3, STM32MP233DAJ3, STM32MP233DAK3, STM32MP233DAL3, STM32MP233FAJ3, STM32MP233FAK3, STM32MP233FAL3, STM32MP235AAJ3, STM32MP235AAK3, STM32MP235AAL3, STM32MP235CAJ3, STM32MP235CAK3, STM32MP235CAL3, STM32MP235DAJ3, STM32MP235DAK3, STM32MP235DAL3, STM32MP235FAJ3, STM32MP235FAK3, STM32MP235FAL3, STM32MP251AAI3, STM32MP251AAK3, STM32MP251AAL3, STM32MP251CAI3, STM32MP251CAK3, STM32MP251CAL3, STM32MP251DAI3, STM32MP251DAK3, STM32MP251DAL3, STM32MP251FAI3, STM32MP251FAK3, STM32MP251FAL3, STM32MP253AAI3, STM32MP253AAK3, STM32MP253AAL3, STM32MP253CAI3, STM32MP253CAK3, STM32MP253CAL3, STM32MP253DAI3, STM32MP253DAK3, STM32MP253DAL3, STM32MP253FAI3, STM32MP253FAK3, STM32MP253FAL3, STM32MP255AAI3, STM32MP255AAK3, STM32MP255AAL3, STM32MP255CAI3, STM32MP255CAK3, STM32MP255CAL3, STM32MP255DAI3, STM32MP255DAK3, STM32MP255DAL3, STM32MP255FAI3, STM32MP255FAK3, STM32MP255FAL3, STM32MP257AAI3, STM32MP257AAK3, STM32MP257AAL3, STM32MP257CAI3, STM32MP257CAK3, STM32MP257CAL3, STM32MP257DAI3, STM32MP257DAK3, STM32MP257DAL3, STM32MP257F-DK, STM32MP257F-EV1, STM32MP257FAI3, STM32MP257FAK3, STM32MP257FAL3, STM32N645A0H3Q, STM32N645B0H3Q, STM32N645I0H3Q, STM32N645L0H3Q, STM32N645X0H3Q, STM32N645Z0H3Q, STM32N647A0H3Q, STM32N647B0H3Q, STM32N647I0H3Q, STM32N647L0H3Q, STM32N647X0H3Q, STM32N647Z0H3Q, STM32N655A0H3Q, STM32N655B0H3Q, STM32N655I0H3Q, STM32N655L0H3Q, STM32N655X0H3Q, STM32N655Z0H3Q, STM32N6570-DK, STM32N657A0H3Q, STM32N657B0H3Q, STM32N657I0H3Q, STM32N657L0H3Q, STM32N657X0H3Q, STM32N657Z0H3Q, STM32U031C6T6, STM32U031C6U6, STM32U031C8T6, STM32U031C8U6, STM32U031F4P6, STM32U031F6P6, STM32U031F8P6, STM32U031G6Y6TR, STM32U031G8Y6TR, STM32U031K4U6, STM32U031K6U6, STM32U031K8U6, STM32U031R6I6, STM32U031R6T6, STM32U031R8I6, STM32U031R8T6, STM32U073C8T6, STM32U073C8U6, STM32U073CBT6, STM32U073CBU6, STM32U073CCT6, STM32U073CCU6, STM32U073H8Y6TR, STM32U073HBY6TR, STM32U073HCY6TR, STM32U073K8U6, STM32U073KBU6, STM32U073KCU6, STM32U073M8I6, STM32U073M8T6, STM32U073MBI6, STM32U073MBT6, STM32U073MCI6, STM32U073MCT6, STM32U073R8I6, STM32U073R8T6, STM32U073RBI6, STM32U073RBT6, STM32U073RCI6, STM32U073RCT6, STM32U083C-DK, STM32U083CCT6, STM32U083CCU6, STM32U083HCY6TR, STM32U083KCU6, STM32U083MCI6, STM32U083MCT6, STM32U083RCI6, STM32U083RCT6, STM32U375CET6, STM32U375CET6Q, STM32U375CEU6, STM32U375CEU6Q, STM32U375CEY6QTR, STM32U375CGT6, STM32U375CGT6Q, STM32U375CGU6, STM32U375CGU6Q, STM32U375CGY6QTR, STM32U375KEU6, STM32U375KGU6, STM32U375REI6, STM32U375REI6Q, STM32U375RET6, STM32U375RET6Q, STM32U375REY6GTR, STM32U375REY6QTR, STM32U375RGI6, STM32U375RGI6Q, STM32U375RGT6, STM32U375RGT6Q, STM32U375RGY6GTR, STM32U375RGY6QTR, STM32U375VEI6, STM32U375VEI6Q, STM32U375VET6, STM32U375VET6Q, STM32U375VGI6, STM32U375VGI6Q, STM32U375VGT6, STM32U375VGT6Q, STM32U385CGT6, STM32U385CGT6Q, STM32U385CGU6, STM32U385CGU6Q, STM32U385CGY6QTR, STM32U385KGU6, STM32U385RGI6, STM32U385RGI6Q, STM32U385RGT6, STM32U385RGT6Q, STM32U385RGY6GTR, STM32U385RGY6QTR, STM32U385VGI6, STM32U385VGI6Q, STM32U385VGT6, STM32U385VGT6Q, STM32U535CBT6, STM32U535CBT6Q, STM32U535CBU6, STM32U535CBU6Q, STM32U535CCT6, STM32U535CCT6Q, STM32U535CCU6, STM32U535CCU6Q, STM32U535CET6, STM32U535CET6Q, STM32U535CEU6, STM32U535CEU6Q, STM32U535JEY6QTR, STM32U535NCY6QTR, STM32U535NEY6QTR, STM32U535RBI6, STM32U535RBI6Q, STM32U535RBT6, STM32U535RBT6Q, STM32U535RCI6, STM32U535RCI6Q, STM32U535RCT6, STM32U535RCT6Q, STM32U535REI6, STM32U535REI6Q, STM32U535RET6, STM32U535RET6Q, STM32U535VCI6, STM32U535VCI6Q, STM32U535VCT6, STM32U535VCT6Q, STM32U535VEI6, STM32U535VEI6Q, STM32U535VET6, STM32U535VET6Q, STM32U545CET6, STM32U545CET6Q, STM32U545CEU6, STM32U545CEU6Q, STM32U545JEY6QTR, STM32U545NEY6QTR, STM32U545REI6, STM32U545REI6Q, STM32U545RET6, STM32U545RET6Q, STM32U545VEI6, STM32U545VEI6Q, STM32U545VET6, STM32U545VET6Q, STM32U595AIH6, STM32U595AIH6Q, STM32U595AJH6, STM32U595AJH6Q, STM32U595QII6, STM32U595QII6Q, STM32U595QJI6, STM32U595QJI6Q, STM32U595RIT6, STM32U595RIT6Q, STM32U595RJT6, STM32U595RJT6Q, STM32U595VIT6, STM32U595VIT6Q, STM32U595VJT6, STM32U595VJT6Q, STM32U595ZIT6, STM32U595ZIT6Q, STM32U595ZIY6QTR, STM32U595ZJT6, STM32U595ZJT6Q, STM32U595ZJY6QTR, STM32U599BJY6QTR, STM32U599NIH6Q, STM32U599NJH6Q, STM32U599VIT6Q, STM32U599VJT6, STM32U599VJT6Q, STM32U599ZIT6Q, STM32U599ZIY6QTR, STM32U599ZJT6Q, STM32U599ZJY6QTR, STM32U5A5AJH6, STM32U5A5AJH6Q, STM32U5A5QII3Q , STM32U5A5QJI6, STM32U5A5QJI6Q, STM32U5A5RJT6, STM32U5A5RJT6Q, STM32U5A5VJT6, STM32U5A5VJT6Q, STM32U5A5ZJT6, STM32U5A5ZJT6Q, STM32U5A5ZJY6QTR, STM32U5A9BJY6QTR, STM32U5A9J-DK, STM32U5A9NJH6Q, STM32U5A9VJT6Q, STM32U5A9ZJT6Q, STM32U5A9ZJY6QTR, STM32U5F7VIT6, STM32U5F7VIT6Q, STM32U5F7VJT6, STM32U5F7VJT6Q, STM32U5F9BJY6QTR, STM32U5F9NJH6Q, STM32U5F9VIT6Q, STM32U5F9VJT6Q, STM32U5F9ZIJ6QTR, STM32U5F9ZIT6Q, STM32U5F9ZJJ6QTR, STM32U5F9ZJT6Q, STM32U5G7VJT6, STM32U5G7VJT6Q, STM32U5G9BJY6QTR, STM32U5G9J-DK1, STM32U5G9J-DK2, STM32U5G9NJH6Q, STM32U5G9VJT6Q, STM32U5G9ZJJ6QTR, STM32U5G9ZJT6Q, STM32WB05KZV6TR, STM32WB05KZV7TR, STM32WB05TZF6TR, STM32WB05TZF7TR, STM32WB06CCF6TR, STM32WB06CCF7TR, STM32WB06CCV6TR, STM32WB06CCV7TR, STM32WB06KCV6TR, STM32WB06KCV7TR, STM32WB07CCF6TR, STM32WB07CCF7TR, STM32WB07CCV6TR, STM32WB07CCV7TR, STM32WB07KCV6TR, STM32WB07KCV7TR, STM32WB09KEV6TR, STM32WB09KEV7TR, STM32WB09TEF6TR, STM32WB09TEF7TR, STM32WB1MMCH6, STM32WBA50KGU6, STM32WBA50KGU6TR, STM32WBA52CEU6, STM32WBA52CEU6TR, STM32WBA52CEU7, STM32WBA52CEU7TR, STM32WBA52CGU6, STM32WBA52CGU6TR, STM32WBA52CGU6U, STM32WBA52CGU7, STM32WBA52CGU7TR, STM32WBA52KEU6, STM32WBA52KEU6TR, STM32WBA52KGU6, STM32WBA52KGU6TR, STM32WBA54CEU6, STM32WBA54CEU6TR, STM32WBA54CEU7, STM32WBA54CEU7TR, STM32WBA54CGU6, STM32WBA54CGU6TR, STM32WBA54CGU7, STM32WBA54CGU7TR, STM32WBA54KEU6, STM32WBA54KEU6TR, STM32WBA54KEU7, STM32WBA54KEU7TR, STM32WBA54KGU6, STM32WBA54KGU6TR, STM32WBA54KGU7, STM32WBA54KGU7TR, STM32WBA55CEU6, STM32WBA55CEU6TR, STM32WBA55CEU7, STM32WBA55CEU7TR, STM32WBA55CGU6, STM32WBA55CGU6TR, STM32WBA55CGU6U, STM32WBA55CGU7, STM32WBA55CGU7TR, STM32WBA55G-DK1, STM32WBA55HEF6, STM32WBA55HEF7, STM32WBA55HGF6, STM32WBA55HGF7, STM32WBA55UEI6, STM32WBA55UEI6TR, STM32WBA55UEI7, STM32WBA55UEI7TR, STM32WBA55UGI6, STM32WBA55UGI6TR, STM32WBA55UGI7, STM32WBA55UGI7TR, STM32WBA5MMGH6TR, STM32WBA62MGF6, STM32WBA62MIF6, STM32WBA65MGF7, STM32WBA65MIF6, STM32WBA65MIF7, STM32WL30K8V6, STM32WL30KBV6, STM32WL31C8V6, STM32WL31CBV6, STM32WL31K8V6, STM32WL31KBV6, STM32WL33C8V6, STM32WL33C8V6X, STM32WL33CBV6, STM32WL33CBV6X, STM32WL33CCV6, STM32WL33CCV6A, STM32WL33CCV6X, STM32WL33K8V7, STM32WL33K8V7X, STM32WL33KBV7 , STM32WL33KBV7X, STM32WL33KCV7, STM32WL33KCV7X, STM32WL5MOCH6, STM32WL5MOCH6TR]
2025-09-18 14:53:05,729 [INFO] BoardInfo:889 - No configuration file found for board P-NUCLEO-WB55
2025-09-18 14:53:05,729 [INFO] DbBoards:161 - Kit is not supported: P-NUCLEO-WB55
2025-09-18 14:53:05,731 [INFO] BoardInfo:889 - No configuration file found for board STEVAL-BFA001V1B
2025-09-18 14:53:05,732 [INFO] DbBoards:161 - Kit is not supported: STEVAL-BFA001V1B
2025-09-18 14:53:05,732 [INFO] BoardInfo:889 - No configuration file found for board STEVAL-BFA001V2B
2025-09-18 14:53:05,732 [INFO] DbBoards:161 - Kit is not supported: STEVAL-BFA001V2B
2025-09-18 14:53:05,797 [INFO] DbBoards:168 - Found 212 boards, 209 are supported
2025-09-18 14:53:05,797 [INFO] DbBoards:169 - Found 212 boards, 43 of them is supported for  Bsp
2025-09-18 14:53:05,800 [INFO] ApiDb:668 - CubeFinder database Data Model version=2.1
2025-09-18 14:53:05,800 [INFO] ApiDb:669 - CubeFinder database Configuration version=3.0.39
2025-09-18 14:53:05,800 [INFO] ApiDb:670 - CubeFinder database generation date=2025-08-25 (1756130511)
2025-09-18 14:53:05,800 [INFO] ApiDb:671 - CubeFinder database FW Pack versions=[FP-ATR-ASTRA1_V2.0.0, FP-SNS-FLIGHT1_V5.1.0, FP-SNS-MOTENV1_V5.0.0, FP-SNS-MOTENVWB1_V1.4.0, FP-SNS-SMARTAG2_V1.2.0, FP-SNS-STBOX1_V2.1.0, STM32Cube_FW_C0_V1.4.0, STM32Cube_FW_F4_V1.28.3, STM32Cube_FW_F7_V1.17.4, STM32Cube_FW_G0_V1.6.2, STM32Cube_FW_G4_V1.6.1, STM32Cube_FW_H5_V1.5.0, STM32Cube_FW_H7RS_V1.2.0, STM32Cube_FW_H7_V1.12.1, STM32Cube_FW_L0_V1.12.2, STM32Cube_FW_L4_V1.18.1, STM32Cube_FW_L5_V1.5.1, STM32Cube_FW_N6_V1.2.0, STM32Cube_FW_U0_V1.3.0, STM32Cube_FW_U3_V1.2.0, STM32Cube_FW_U5_V1.8.0, STM32Cube_FW_WB0_V1.3.0, STM32Cube_FW_WBA_V1.7.0, STM32Cube_FW_WB_V1.23.0, STM32Cube_FW_WL3_V1.2.0, STM32Cube_FW_WL_V1.3.1, X-CUBE-ALGOBUILD_V1.4.0, X-CUBE-ALS_V1.0.2, X-CUBE-AZRTOS-F4_V1.1.0, X-CUBE-AZRTOS-F7_V1.1.0, X-CUBE-AZRTOS-G0_V1.1.0, X-CUBE-AZRTOS-G4_V2.0.0, X-CUBE-AZRTOS-H7RS_V1.1.0, X-CUBE-AZRTOS-H7_V3.4.0, X-CUBE-AZRTOS-L4_V2.0.0, X-CUBE-AZRTOS-L5_V2.0.0, X-CUBE-AZRTOS-WB_V2.0.0, X-CUBE-AZRTOS-WL_V2.0.0, X-CUBE-BLE1_V7.1.0, X-CUBE-BLE2_V3.3.0, X-CUBE-BLEMGR_V4.1.0, X-CUBE-EEPRMA1_V5.2.0, X-CUBE-FREERTOS_V1.3.1, X-CUBE-GNSS1_V6.0.0, X-CUBE-MEMS1_V11.3.0, X-CUBE-NFC4_V3.0.0, X-CUBE-NFC7_V2.0.0, X-CUBE-SFXS2LP1_V4.0.0, X-CUBE-ST67W61_V1.0.0, X-CUBE-SUBG2_V5.0.0, X-CUBE-TOF1_V3.4.3]
2025-09-18 14:53:07,167 [INFO] ApiDb:240 - Found 880 in-development CPN: [B-G473E-ZEST1S, B-WB1M-WPAN1, B-WBA5M-WPAN, B-WL5M-SUBG1, NUCLEO-C031C6, NUCLEO-C051C8, NUCLEO-C071RB, NUCLEO-C092RC, NUCLEO-H503RB, NUCLEO-H533RE, NUCLEO-H563ZI, NUCLEO-H7S3L8, NUCLEO-N657X0-Q, NUCLEO-U031R8, NUCLEO-U083RC, NUCLEO-U385RG-Q, NUCLEO-U545RE-Q, NUCLEO-U5A5ZJ-Q, NUCLEO-WB05KZ, NUCLEO-WB07CC, NUCLEO-WB09KE, NUCLEO-WBA52CG, NUCLEO-WBA55CG, NUCLEO-WL33CC1, NUCLEO-WL33CC2, STEVAL-PROTEUS1, STEVAL-SMARTAG2, STEVAL-STWINBX1, STM320518-EVAL, STM32C0116-DK, STM32C011D6Y3TR, STM32C011D6Y6TR, STM32C011F4P3, STM32C011F4P6, STM32C011F4U3, STM32C011F4U6TR, STM32C011F6P3, STM32C011F6P6, STM32C011F6U3, STM32C011F6U6TR, STM32C011J4M3, STM32C011J4M6, STM32C011J6M3, STM32C011J6M6, STM32C0316-DK, STM32C031C4T3, STM32C031C4T6, STM32C031C4U3, STM32C031C4U6, STM32C031C6T3, STM32C031C6T6, STM32C031C6U3, STM32C031C6U6, STM32C031F4P3, STM32C031F4P6, STM32C031F6P3, STM32C031F6P6, STM32C031G4U3, STM32C031G4U6, STM32C031G6U3, STM32C031G6U6, STM32C031K4T3, STM32C031K4T6, STM32C031K4U3, STM32C031K4U6, STM32C031K6T3, STM32C031K6T6, STM32C031K6U3, STM32C031K6U6, STM32C051C6T6, STM32C051C6U6, STM32C051C8T6, STM32C051C8U6, STM32C051D8Y6TR, STM32C051F6P6, STM32C051F8P6, STM32C051G6U6, STM32C051G8U6, STM32C051K6T6, STM32C051K6U6, STM32C051K8T6, STM32C071C8T6, STM32C071C8T6N, STM32C071C8U6, STM32C071C8U6N, STM32C071CBT6, STM32C071CBT6N, STM32C071CBU6, STM32C071CBU6N, STM32C071F8P6, STM32C071F8P6N, STM32C071FBP6, STM32C071FBP6N, STM32C071FBY6TR, STM32C071G8U6, STM32C071G8U6N, STM32C071GBU6, STM32C071GBU6N, STM32C071K8T6, STM32C071K8T6N, STM32C071K8U6, STM32C071K8U6N, STM32C071KBT6, STM32C071KBT6N, STM32C071KBU6, STM32C071KBU6N, STM32C071R8T6, STM32C071R8T6N, STM32C071RBI6N, STM32C071RBT6, STM32C071RBT6N, STM32C091CBT6, STM32C091CBU6, STM32C091CCT6, STM32C091CCU6, STM32C091ECY6TR, STM32C091FBP6, STM32C091FCP6, STM32C091GBU6, STM32C091GCU6, STM32C091KBT6, STM32C091KBU6, STM32C091KCT6, STM32C091KCU6, STM32C091RBT6, STM32C091RCI6, STM32C091RCT6, STM32C092CBT6, STM32C092CBU6, STM32C092CCT6, STM32C092CCU6, STM32C092ECY6TR, STM32C092FBP6, STM32C092FCP6, STM32C092GBU6, STM32C092GCU6, STM32C092KBT6, STM32C092KBU6, STM32C092KCT6, STM32C092KCU6, STM32C092RBT6, STM32C092RCI6, STM32C092RCT6, STM32G071K8TXN, STM32G071K8UXN, STM32G081GBU6N, STM32G081KBT6N, STM32G081KBUXN, STM32G0B1CCT6N, STM32G0B1KCT6, STM32G0B1NEY6TR, STM32G0B1RCT6N, STM32G0C1CCT6, STM32G0C1CCT6N, STM32G0C1CCU6N, STM32G0C1CET6N, STM32G0C1CEU6N, STM32G0C1KCT6, STM32G0C1NEY6TR, STM32G0C1RCI6N, STM32G0C1RCT6N, STM32G0C1REI6N, STM32G0C1RET6N, STM32G0C1VCI6, STM32G0C1VEI6, STM32G411C6T3, STM32G411C6T6, STM32G411C6U3, STM32G411C6U6, STM32G411C8T3, STM32G411C8T6, STM32G411C8U3, STM32G411C8U6, STM32G411CBT3, STM32G411CBT6, STM32G411CBU3, STM32G411CBU6, STM32G411K6T3, STM32G411K6T6, STM32G411K6U3, STM32G411K6U6, STM32G411K8T3, STM32G411K8T6, STM32G411K8U3, STM32G411K8U6, STM32G411KBT3, STM32G411KBT6, STM32G411KBU3, STM32G411KBU6, STM32G411M6T3, STM32G411M6T6, STM32G411M8T3, STM32G411M8T6, STM32G411MBT3, STM32G411MBT6, STM32G411R6T3, STM32G411R6T6, STM32G411R8T3, STM32G411R8T6, STM32G411RBT3, STM32G411RBT6, STM32G414CBT3, STM32G414CBT6, STM32G414CBU3, STM32G414CBU6, STM32G414CCT3, STM32G414CCT6, STM32G414CCU3, STM32G414CCU6, STM32G414MBT3, STM32G414MBT6, STM32G414MCT3, STM32G414MCT6, STM32G414RBT3, STM32G414RBT6, STM32G414RCT3, STM32G414RCT6, STM32G414VBT3, STM32G414VBT6, STM32G414VCT3, STM32G414VCT6, STM32G431CBT3Z, STM32G431RBT3Z, STM32G471CCT6, STM32G471CCU6, STM32G471CET3, STM32G471CET6, STM32G471CEU3, STM32G471CEU6, STM32G471MCT6, STM32G471MET3, STM32G471MET6, STM32G471MEY6TR, STM32G471QCT6, STM32G471QET3, STM32G471RCT6, STM32G471RET3, STM32G471RET6, STM32G471VCH6, STM32G471VCI6, STM32G471VCT6, STM32G471VEH3, STM32G471VEH6, STM32G471VEI3, STM32G471VEI6, STM32G471VET3, STM32G471VET6, STM32G473QET3Z, STM32G473RET3Z, STM32G474CCT6, STM32G491RET3Z, STM32H503CBT6, STM32H503CBU6, STM32H503EBY6TR, STM32H503KBU6, STM32H503RBT6, STM32H523CCT6, STM32H523CCU6, STM32H523CET6, STM32H523CEU6, STM32H523HEY6TR, STM32H523RCT6, STM32H523RET6, STM32H523VCI6, STM32H523VCT6, STM32H523VEI6, STM32H523VET6, STM32H523ZCJ6, STM32H523ZCT6, STM32H523ZEJ6, STM32H523ZET6, STM32H533CET6, STM32H533CEU6, STM32H533HEY6TR, STM32H533RET6, STM32H533VEI6, STM32H533VET6, STM32H533ZEJ6, STM32H533ZET6, STM32H562AGI6, STM32H562AII6, STM32H562IGK6, STM32H562IGT6, STM32H562IIK6, STM32H562IIT6, STM32H562RGT6, STM32H562RGV6, STM32H562RIT6, STM32H562RIV6, STM32H562VGT6, STM32H562VIT6, STM32H562ZGT6, STM32H562ZIT6, STM32H563AGI6, STM32H563AII3Q, STM32H563AII6, STM32H563IGK6, STM32H563IGT6, STM32H563IIK3Q, STM32H563IIK6, STM32H563IIT3Q, STM32H563IIT6, STM32H563MIY3QTR, STM32H563RGT6, STM32H563RGV6, STM32H563RIT6, STM32H563RIV6, STM32H563VGT6, STM32H563VIT3Q, STM32H563VIT6, STM32H563ZGT6, STM32H563ZIT3Q, STM32H563ZIT6, STM32H573AII3Q, STM32H573AII6, STM32H573I-DK, STM32H573IIK3Q, STM32H573IIK6, STM32H573IIT3Q, STM32H573IIT6, STM32H573MIY3QTR, STM32H573RIT6, STM32H573RIV6, STM32H573VIT3Q, STM32H573VIT6, STM32H573ZIT3Q, STM32H573ZIT6, STM32H7R3A8I6, STM32H7R3I8K6, STM32H7R3I8T6, STM32H7R3L8H6, STM32H7R3L8H6H, STM32H7R3R8V6, STM32H7R3V8H6, STM32H7R3V8T6, STM32H7R3V8Y6TR, STM32H7R3Z8J6, STM32H7R3Z8T6, STM32H7R7A8I6, STM32H7R7I8K6, STM32H7R7I8T6, STM32H7R7L8H6, STM32H7R7L8H6H, STM32H7R7Z8J6, STM32H7S3A8I6, STM32H7S3I8K6, STM32H7S3I8T6, STM32H7S3L8H6, STM32H7S3L8H6H, STM32H7S3R8V6, STM32H7S3V8H6, STM32H7S3V8T6, STM32H7S3V8Y6TR, STM32H7S3Z8J6, STM32H7S3Z8T6, STM32H7S78-DK, STM32H7S7A8I6, STM32H7S7I8K6, STM32H7S7I8T6, STM32H7S7L8H6, STM32H7S7L8H6H, STM32H7S7Z8J6, STM32L4R5QGI6STR, STM32MP131AAE3, STM32MP131AAF3, STM32MP131AAG3, STM32MP131CAE3, STM32MP131CAF3, STM32MP131CAG3, STM32MP131DAE7, STM32MP131DAF7, STM32MP131DAG7, STM32MP131FAE7, STM32MP131FAF7, STM32MP131FAG7, STM32MP133AAE3, STM32MP133AAF3, STM32MP133AAG3, STM32MP133CAE3, STM32MP133CAF3, STM32MP133CAG3, STM32MP133DAE7, STM32MP133DAF7, STM32MP133DAG7, STM32MP133FAE7, STM32MP133FAF7, STM32MP133FAG7, STM32MP135AAE3, STM32MP135AAF3, STM32MP135AAG3, STM32MP135CAE3, STM32MP135CAF3, STM32MP135CAG3, STM32MP135DAE7, STM32MP135DAF7, STM32MP135DAG7, STM32MP135F-DK, STM32MP135FAE7, STM32MP135FAF7, STM32MP135FAF7T, STM32MP135FAF7U, STM32MP135FAG7, STM32MP211AAL3, STM32MP211AAM3, STM32MP211AAN3, STM32MP211AAO3, STM32MP211CAL3, STM32MP211CAM3, STM32MP211CAN3, STM32MP211CAO3, STM32MP211DAL3, STM32MP211DAM3, STM32MP211DAN3, STM32MP211DAO3, STM32MP211FAL3, STM32MP211FAM3, STM32MP211FAN3, STM32MP211FAO3, STM32MP213AAL3, STM32MP213AAM3, STM32MP213AAN3, STM32MP213AAO3, STM32MP213CAL3, STM32MP213CAM3, STM32MP213CAN3, STM32MP213CAO3, STM32MP213DAL3, STM32MP213DAM3, STM32MP213DAN3, STM32MP213DAO3, STM32MP213FAL3, STM32MP213FAM3, STM32MP213FAN3, STM32MP213FAO3, STM32MP215AAL3, STM32MP215AAM3, STM32MP215AAN3, STM32MP215AAO3, STM32MP215CAL3, STM32MP215CAM3, STM32MP215CAN3, STM32MP215CAO3, STM32MP215DAL3, STM32MP215DAM3, STM32MP215DAN3, STM32MP215DAO3, STM32MP215F-DK, STM32MP215FAL3, STM32MP215FAM3, STM32MP215FAN3, STM32MP215FAO3, STM32MP231AAJ3, STM32MP231AAK3, STM32MP231AAL3, STM32MP231CAJ3, STM32MP231CAK3, STM32MP231CAL3, STM32MP231DAJ3, STM32MP231DAK3, STM32MP231DAL3, STM32MP231FAJ3, STM32MP231FAK3, STM32MP231FAL3, STM32MP233AAJ3, STM32MP233AAK3, STM32MP233AAL3, STM32MP233CAJ3, STM32MP233CAK3, STM32MP233CAL3, STM32MP233DAJ3, STM32MP233DAK3, STM32MP233DAL3, STM32MP233FAJ3, STM32MP233FAK3, STM32MP233FAL3, STM32MP235AAJ3, STM32MP235AAK3, STM32MP235AAL3, STM32MP235CAJ3, STM32MP235CAK3, STM32MP235CAL3, STM32MP235DAJ3, STM32MP235DAK3, STM32MP235DAL3, STM32MP235FAJ3, STM32MP235FAK3, STM32MP235FAL3, STM32MP251AAI3, STM32MP251AAK3, STM32MP251AAL3, STM32MP251CAI3, STM32MP251CAK3, STM32MP251CAL3, STM32MP251DAI3, STM32MP251DAK3, STM32MP251DAL3, STM32MP251FAI3, STM32MP251FAK3, STM32MP251FAL3, STM32MP253AAI3, STM32MP253AAK3, STM32MP253AAL3, STM32MP253CAI3, STM32MP253CAK3, STM32MP253CAL3, STM32MP253DAI3, STM32MP253DAK3, STM32MP253DAL3, STM32MP253FAI3, STM32MP253FAK3, STM32MP253FAL3, STM32MP255AAI3, STM32MP255AAK3, STM32MP255AAL3, STM32MP255CAI3, STM32MP255CAK3, STM32MP255CAL3, STM32MP255DAI3, STM32MP255DAK3, STM32MP255DAL3, STM32MP255FAI3, STM32MP255FAK3, STM32MP255FAL3, STM32MP257AAI3, STM32MP257AAK3, STM32MP257AAL3, STM32MP257CAI3, STM32MP257CAK3, STM32MP257CAL3, STM32MP257DAI3, STM32MP257DAK3, STM32MP257DAL3, STM32MP257F-DK, STM32MP257F-EV1, STM32MP257FAI3, STM32MP257FAK3, STM32MP257FAL3, STM32N645A0H3Q, STM32N645B0H3Q, STM32N645I0H3Q, STM32N645L0H3Q, STM32N645X0H3Q, STM32N645Z0H3Q, STM32N647A0H3Q, STM32N647B0H3Q, STM32N647I0H3Q, STM32N647L0H3Q, STM32N647X0H3Q, STM32N647Z0H3Q, STM32N655A0H3Q, STM32N655B0H3Q, STM32N655I0H3Q, STM32N655L0H3Q, STM32N655X0H3Q, STM32N655Z0H3Q, STM32N6570-DK, STM32N657A0H3Q, STM32N657B0H3Q, STM32N657I0H3Q, STM32N657L0H3Q, STM32N657X0H3Q, STM32N657Z0H3Q, STM32U031C6T6, STM32U031C6U6, STM32U031C8T6, STM32U031C8U6, STM32U031F4P6, STM32U031F6P6, STM32U031F8P6, STM32U031G6Y6TR, STM32U031G8Y6TR, STM32U031K4U6, STM32U031K6U6, STM32U031K8U6, STM32U031R6I6, STM32U031R6T6, STM32U031R8I6, STM32U031R8T6, STM32U073C8T6, STM32U073C8U6, STM32U073CBT6, STM32U073CBU6, STM32U073CCT6, STM32U073CCU6, STM32U073H8Y6TR, STM32U073HBY6TR, STM32U073HCY6TR, STM32U073K8U6, STM32U073KBU6, STM32U073KCU6, STM32U073M8I6, STM32U073M8T6, STM32U073MBI6, STM32U073MBT6, STM32U073MCI6, STM32U073MCT6, STM32U073R8I6, STM32U073R8T6, STM32U073RBI6, STM32U073RBT6, STM32U073RCI6, STM32U073RCT6, STM32U083C-DK, STM32U083CCT6, STM32U083CCU6, STM32U083HCY6TR, STM32U083KCU6, STM32U083MCI6, STM32U083MCT6, STM32U083RCI6, STM32U083RCT6, STM32U375CET6, STM32U375CET6Q, STM32U375CEU6, STM32U375CEU6Q, STM32U375CEY6QTR, STM32U375CGT6, STM32U375CGT6Q, STM32U375CGU6, STM32U375CGU6Q, STM32U375CGY6QTR, STM32U375KEU6, STM32U375KGU6, STM32U375REI6, STM32U375REI6Q, STM32U375RET6, STM32U375RET6Q, STM32U375REY6GTR, STM32U375REY6QTR, STM32U375RGI6, STM32U375RGI6Q, STM32U375RGT6, STM32U375RGT6Q, STM32U375RGY6GTR, STM32U375RGY6QTR, STM32U375VEI6, STM32U375VEI6Q, STM32U375VET6, STM32U375VET6Q, STM32U375VGI6, STM32U375VGI6Q, STM32U375VGT6, STM32U375VGT6Q, STM32U385CGT6, STM32U385CGT6Q, STM32U385CGU6, STM32U385CGU6Q, STM32U385CGY6QTR, STM32U385KGU6, STM32U385RGI6, STM32U385RGI6Q, STM32U385RGT6, STM32U385RGT6Q, STM32U385RGY6GTR, STM32U385RGY6QTR, STM32U385VGI6, STM32U385VGI6Q, STM32U385VGT6, STM32U385VGT6Q, STM32U535CBT6, STM32U535CBT6Q, STM32U535CBU6, STM32U535CBU6Q, STM32U535CCT6, STM32U535CCT6Q, STM32U535CCU6, STM32U535CCU6Q, STM32U535CET6, STM32U535CET6Q, STM32U535CEU6, STM32U535CEU6Q, STM32U535JEY6QTR, STM32U535NCY6QTR, STM32U535NEY6QTR, STM32U535RBI6, STM32U535RBI6Q, STM32U535RBT6, STM32U535RBT6Q, STM32U535RCI6, STM32U535RCI6Q, STM32U535RCT6, STM32U535RCT6Q, STM32U535REI6, STM32U535REI6Q, STM32U535RET6, STM32U535RET6Q, STM32U535VCI6, STM32U535VCI6Q, STM32U535VCT6, STM32U535VCT6Q, STM32U535VEI6, STM32U535VEI6Q, STM32U535VET6, STM32U535VET6Q, STM32U545CET6, STM32U545CET6Q, STM32U545CEU6, STM32U545CEU6Q, STM32U545JEY6QTR, STM32U545NEY6QTR, STM32U545REI6, STM32U545REI6Q, STM32U545RET6, STM32U545RET6Q, STM32U545VEI6, STM32U545VEI6Q, STM32U545VET6, STM32U545VET6Q, STM32U595AIH6, STM32U595AIH6Q, STM32U595AJH6, STM32U595AJH6Q, STM32U595QII6, STM32U595QII6Q, STM32U595QJI6, STM32U595QJI6Q, STM32U595RIT6, STM32U595RIT6Q, STM32U595RJT6, STM32U595RJT6Q, STM32U595VIT6, STM32U595VIT6Q, STM32U595VJT6, STM32U595VJT6Q, STM32U595ZIT6, STM32U595ZIT6Q, STM32U595ZIY6QTR, STM32U595ZJT6, STM32U595ZJT6Q, STM32U595ZJY6QTR, STM32U599BJY6QTR, STM32U599NIH6Q, STM32U599NJH6Q, STM32U599VIT6Q, STM32U599VJT6, STM32U599VJT6Q, STM32U599ZIT6Q, STM32U599ZIY6QTR, STM32U599ZJT6Q, STM32U599ZJY6QTR, STM32U5A5AJH6, STM32U5A5AJH6Q, STM32U5A5QII3Q , STM32U5A5QJI6, STM32U5A5QJI6Q, STM32U5A5RJT6, STM32U5A5RJT6Q, STM32U5A5VJT6, STM32U5A5VJT6Q, STM32U5A5ZJT6, STM32U5A5ZJT6Q, STM32U5A5ZJY6QTR, STM32U5A9BJY6QTR, STM32U5A9J-DK, STM32U5A9NJH6Q, STM32U5A9VJT6Q, STM32U5A9ZJT6Q, STM32U5A9ZJY6QTR, STM32U5F7VIT6, STM32U5F7VIT6Q, STM32U5F7VJT6, STM32U5F7VJT6Q, STM32U5F9BJY6QTR, STM32U5F9NJH6Q, STM32U5F9VIT6Q, STM32U5F9VJT6Q, STM32U5F9ZIJ6QTR, STM32U5F9ZIT6Q, STM32U5F9ZJJ6QTR, STM32U5F9ZJT6Q, STM32U5G7VJT6, STM32U5G7VJT6Q, STM32U5G9BJY6QTR, STM32U5G9J-DK1, STM32U5G9J-DK2, STM32U5G9NJH6Q, STM32U5G9VJT6Q, STM32U5G9ZJJ6QTR, STM32U5G9ZJT6Q, STM32WB05KZV6TR, STM32WB05KZV7TR, STM32WB05TZF6TR, STM32WB05TZF7TR, STM32WB06CCF6TR, STM32WB06CCF7TR, STM32WB06CCV6TR, STM32WB06CCV7TR, STM32WB06KCV6TR, STM32WB06KCV7TR, STM32WB07CCF6TR, STM32WB07CCF7TR, STM32WB07CCV6TR, STM32WB07CCV7TR, STM32WB07KCV6TR, STM32WB07KCV7TR, STM32WB09KEV6TR, STM32WB09KEV7TR, STM32WB09TEF6TR, STM32WB09TEF7TR, STM32WB1MMCH6, STM32WBA50KGU6, STM32WBA50KGU6TR, STM32WBA52CEU6, STM32WBA52CEU6TR, STM32WBA52CEU7, STM32WBA52CEU7TR, STM32WBA52CGU6, STM32WBA52CGU6TR, STM32WBA52CGU6U, STM32WBA52CGU7, STM32WBA52CGU7TR, STM32WBA52KEU6, STM32WBA52KEU6TR, STM32WBA52KGU6, STM32WBA52KGU6TR, STM32WBA54CEU6, STM32WBA54CEU6TR, STM32WBA54CEU7, STM32WBA54CEU7TR, STM32WBA54CGU6, STM32WBA54CGU6TR, STM32WBA54CGU7, STM32WBA54CGU7TR, STM32WBA54KEU6, STM32WBA54KEU6TR, STM32WBA54KEU7, STM32WBA54KEU7TR, STM32WBA54KGU6, STM32WBA54KGU6TR, STM32WBA54KGU7, STM32WBA54KGU7TR, STM32WBA55CEU6, STM32WBA55CEU6TR, STM32WBA55CEU7, STM32WBA55CEU7TR, STM32WBA55CGU6, STM32WBA55CGU6TR, STM32WBA55CGU6U, STM32WBA55CGU7, STM32WBA55CGU7TR, STM32WBA55G-DK1, STM32WBA55HEF6, STM32WBA55HEF7, STM32WBA55HGF6, STM32WBA55HGF7, STM32WBA55UEI6, STM32WBA55UEI6TR, STM32WBA55UEI7, STM32WBA55UEI7TR, STM32WBA55UGI6, STM32WBA55UGI6TR, STM32WBA55UGI7, STM32WBA55UGI7TR, STM32WBA5MMGH6TR, STM32WBA62MGF6, STM32WBA62MIF6, STM32WBA65MGF7, STM32WBA65MIF6, STM32WBA65MIF7, STM32WL30K8V6, STM32WL30KBV6, STM32WL31C8V6, STM32WL31CBV6, STM32WL31K8V6, STM32WL31KBV6, STM32WL33C8V6, STM32WL33C8V6X, STM32WL33CBV6, STM32WL33CBV6X, STM32WL33CCV6, STM32WL33CCV6A, STM32WL33CCV6X, STM32WL33K8V7, STM32WL33K8V7X, STM32WL33KBV7 , STM32WL33KBV7X, STM32WL33KCV7, STM32WL33KCV7X, STM32WL5MOCH6, STM32WL5MOCH6TR]
2025-09-18 14:53:07,171 [INFO] DbMcus:218 - Found 4801 MCUs, 4801 are supported
2025-09-18 14:53:07,172 [INFO] ApiDb:423 - Load user favorites file C:\Users\nphis/.stm32cubeide/favorites.mcus.txt: 1 item(s)
2025-09-18 14:53:07,172 [INFO] ApiDb:427 - User favorites MCUs=[STM32F767ZIT6]
2025-09-18 14:53:07,172 [INFO] DbMcus:224 - Set 1 / 1 favorites MCUs
2025-09-18 14:53:07,469 [INFO] ApiDb:423 - Load user favorites file C:\Users\nphis/.stm32cubeide/favorites.boards.txt: 1 item(s)
2025-09-18 14:53:07,470 [INFO] ApiDb:427 - User favorites Boards=[NUCLEO-F767ZI]
2025-09-18 14:53:07,470 [INFO] DbBoards:198 - Set 1 / 1 favorites Boards
2025-09-18 14:53:07,555 [INFO] UtilMem:75 - End LoadConfig() Used Memory: 277771496 Bytes (426770432)
2025-09-18 14:53:07,670 [WARN] ThirdParty:833 - waiting for thirdparty lock release [change project]
2025-09-18 14:53:07,670 [INFO] ThirdParty:835 - entering critical section [change project]
2025-09-18 14:53:07,670 [INFO] ThirdParty:1030 - CMSIS Pack Vendor :STMicroelectronics X-CUBE-PM33A1 1.0.0
2025-09-18 14:53:07,670 [INFO] ThirdParty:1030 - CMSIS Pack Vendor :STMicroelectronics USBPD 4.1
2025-09-18 14:53:07,670 [INFO] ThirdParty:1030 - CMSIS Pack Vendor :STMicroelectronics X-CUBE-NFC9 1.0.0
2025-09-18 14:53:07,670 [INFO] ThirdParty:1030 - CMSIS Pack Vendor :wolfSSL I-CUBE-wolfSSL 5.8.0
2025-09-18 14:53:07,670 [INFO] ThirdParty:1030 - CMSIS Pack Vendor :STMicroelectronics USB_HOST 2.0.0
2025-09-18 14:53:07,670 [INFO] ThirdParty:1030 - CMSIS Pack Vendor :STMicroelectronics FP-SNS-MOTENVWB1 1.4.0
2025-09-18 14:53:07,670 [INFO] ThirdParty:1030 - CMSIS Pack Vendor :STMicroelectronics X-CUBE-AZRTOS-F4 1.1.0
2025-09-18 14:53:07,670 [INFO] ThirdParty:1030 - CMSIS Pack Vendor :STMicroelectronics LIBJPEG 8.0.0
2025-09-18 14:53:07,670 [INFO] ThirdParty:1030 - CMSIS Pack Vendor :STMicroelectronics FP-ATR-ASTRA1 2.0.2
2025-09-18 14:53:07,670 [INFO] ThirdParty:1030 - CMSIS Pack Vendor :wolfSSL I-CUBE-wolfSSL 5.8.2
2025-09-18 14:53:07,670 [INFO] ThirdParty:1030 - CMSIS Pack Vendor :STMicroelectronics X-CUBE-BLE1 7.1.0
2025-09-18 14:53:07,670 [INFO] ThirdParty:1030 - CMSIS Pack Vendor :Avnet-IotConnect X-CUBE-IoTC-DA16k-PMOD 1.0.0
2025-09-18 14:53:07,670 [INFO] ThirdParty:1030 - CMSIS Pack Vendor :STMicroelectronics X-CUBE-SMBUS 2.1.0
2025-09-18 14:53:07,670 [INFO] ThirdParty:1030 - CMSIS Pack Vendor :wolfSSL I-CUBE-wolfMQTT 1.19.2
2025-09-18 14:53:07,670 [INFO] ThirdParty:1030 - CMSIS Pack Vendor :STMicroelectronics USB_DEVICE 3.0.0
2025-09-18 14:53:07,670 [INFO] ThirdParty:1030 - CMSIS Pack Vendor :STMicroelectronics X-CUBE-ISPU 2.1.0
2025-09-18 14:53:07,670 [INFO] ThirdParty:1030 - CMSIS Pack Vendor :STMicroelectronics X-CUBE-EEPRMA1 5.2.0
2025-09-18 14:53:07,671 [INFO] ThirdParty:1030 - CMSIS Pack Vendor :STMicroelectronics X-CUBE-BLEMGR 4.1.0
2025-09-18 14:53:07,671 [INFO] ThirdParty:1030 - CMSIS Pack Vendor :STMicroelectronics X-CUBE-AZRTOS-WB 2.0.0
2025-09-18 14:53:07,671 [INFO] ThirdParty:1030 - CMSIS Pack Vendor :STMicroelectronics X-CUBE-ST60 1.0.0
2025-09-18 14:53:07,671 [INFO] ThirdParty:1030 - CMSIS Pack Vendor :STMicroelectronics X-CUBE-GNSS1 7.0.1
2025-09-18 14:53:07,671 [INFO] ThirdParty:1030 - CMSIS Pack Vendor :STMicroelectronics X-CUBE-NFC12 1.0.0
2025-09-18 14:53:07,671 [INFO] ThirdParty:1030 - CMSIS Pack Vendor :STMicroelectronics X-CUBE-AZRTOS-F7 1.1.0
2025-09-18 14:53:07,671 [INFO] ThirdParty:1030 - CMSIS Pack Vendor :STMicroelectronics X-CUBE-AZRTOS-L5 2.0.0
2025-09-18 14:53:07,671 [INFO] ThirdParty:1030 - CMSIS Pack Vendor :STMicroelectronics X-CUBE-TOUCHGFX 4.25.0
2025-09-18 14:53:07,671 [INFO] ThirdParty:1030 - CMSIS Pack Vendor :STMicroelectronics USB_DEVICE 2.0.0
2025-09-18 14:53:07,671 [INFO] ThirdParty:1030 - CMSIS Pack Vendor :STMicroelectronics X-CUBE-NFC6 3.1.0
2025-09-18 14:53:07,671 [INFO] ThirdParty:1030 - CMSIS Pack Vendor :STMicroelectronics X-CUBE-AI 10.1.0
2025-09-18 14:53:07,671 [INFO] ThirdParty:1030 - CMSIS Pack Vendor :STMicroelectronics FP-SNS-STBOX1 2.0.0
2025-09-18 14:53:07,671 [INFO] ThirdParty:1030 - CMSIS Pack Vendor :quantropi X-CUBE-qispace-sdk-base 2.1.0
2025-09-18 14:53:07,671 [INFO] ThirdParty:1030 - CMSIS Pack Vendor :STMicroelectronics FreeRTOS 0.0.1
2025-09-18 14:53:07,671 [INFO] ThirdParty:1030 - CMSIS Pack Vendor :STMicroelectronics X-CUBE-AZRTOS-G0 1.1.0
2025-09-18 14:53:07,671 [INFO] ThirdParty:1030 - CMSIS Pack Vendor :STMicroelectronics X-CUBE-SAFEA1 1.2.2
2025-09-18 14:53:07,671 [INFO] ThirdParty:1030 - CMSIS Pack Vendor :STMicroelectronics X-CUBE-NFC4 3.0.0
2025-09-18 14:53:07,671 [INFO] ThirdParty:1030 - CMSIS Pack Vendor :STMicroelectronics X-CUBE-SUBG2 5.0.0
2025-09-18 14:53:07,671 [INFO] ThirdParty:1030 - CMSIS Pack Vendor :STMicroelectronics X-CUBE-AZRTOS-H7RS 1.1.0
2025-09-18 14:53:07,671 [INFO] ThirdParty:1030 - CMSIS Pack Vendor :STMicroelectronics STM32_WPAN 1.0.0
2025-09-18 14:53:07,671 [INFO] ThirdParty:1030 - CMSIS Pack Vendor :EmbeddedOffice I-CUBE-FS-RTOS 1.0.1
2025-09-18 14:53:07,671 [INFO] ThirdParty:1030 - CMSIS Pack Vendor :STMicroelectronics lwIP 2.0.3
2025-09-18 14:53:07,671 [INFO] ThirdParty:1030 - CMSIS Pack Vendor :Cesanta I-CUBE-Mongoose 7.13.0
2025-09-18 14:53:07,671 [INFO] ThirdParty:1030 - CMSIS Pack Vendor :STMicroelectronics USB_HOST 1.0.0
2025-09-18 14:53:07,671 [INFO] ThirdParty:1030 - CMSIS Pack Vendor :Infineon AIROC-Wi-Fi-Bluetooth-STM32 1.7.1
2025-09-18 14:53:07,671 [INFO] ThirdParty:1030 - CMSIS Pack Vendor :STMicroelectronics X-CUBE-AZRTOS-G4 2.0.0
2025-09-18 14:53:07,671 [INFO] ThirdParty:1030 - CMSIS Pack Vendor :STMicroelectronics X-CUBE-WB05N 2.0.0
2025-09-18 14:53:07,671 [INFO] ThirdParty:1030 - CMSIS Pack Vendor :STMicroelectronics PDM2PCM 3.1.0
2025-09-18 14:53:07,671 [INFO] ThirdParty:1030 - CMSIS Pack Vendor :STMicroelectronics PDM2PCM 3.3.0
2025-09-18 14:53:07,671 [INFO] ThirdParty:1030 - CMSIS Pack Vendor :wolfSSL I-CUBE-wolfTPM 3.8.0
2025-09-18 14:53:07,671 [INFO] ThirdParty:1030 - CMSIS Pack Vendor :STMicroelectronics X-CUBE-AZRTOS-H7 3.4.0
2025-09-18 14:53:07,671 [INFO] ThirdParty:1030 - CMSIS Pack Vendor :STMicroelectronics X-CUBE-DISPLAY 3.0.0
2025-09-18 14:53:07,671 [INFO] ThirdParty:1030 - CMSIS Pack Vendor :wolfSSL I-CUBE-wolfSSH 1.4.20
2025-09-18 14:53:07,671 [INFO] ThirdParty:1030 - CMSIS Pack Vendor :STMicroelectronics X-CUBE-NFC7 2.0.0
2025-09-18 14:53:07,671 [INFO] ThirdParty:1030 - CMSIS Pack Vendor :STMicroelectronics X-CUBE-TCPP 4.2.0
2025-09-18 14:53:07,671 [INFO] ThirdParty:1030 - CMSIS Pack Vendor :RealThread X-CUBE-RT-Thread_Nano 4.1.1
2025-09-18 14:53:07,671 [INFO] ThirdParty:1030 - CMSIS Pack Vendor :STMicroelectronics FP-ATR-SIGFOX1 3.2.0
2025-09-18 14:53:07,671 [INFO] ThirdParty:1030 - CMSIS Pack Vendor :STMicroelectronics X-CUBE-NFC10 1.0.0
2025-09-18 14:53:07,671 [INFO] ThirdParty:1030 - CMSIS Pack Vendor :STMicroelectronics X-CUBE-FREERTOS 1.3.1
2025-09-18 14:53:07,671 [INFO] ThirdParty:1030 - CMSIS Pack Vendor :STMicroelectronics HAL Drivers 0.0.0
2025-09-18 14:53:07,671 [INFO] ThirdParty:1030 - CMSIS Pack Vendor :STMicroelectronics MBEDTLS 2.16.2
2025-09-18 14:53:07,671 [INFO] ThirdParty:1030 - CMSIS Pack Vendor :STMicroelectronics X-CUBE-IPS 3.1.0
2025-09-18 14:53:07,671 [INFO] ThirdParty:1030 - CMSIS Pack Vendor :STMicroelectronics X-CUBE-ALS 1.0.2
2025-09-18 14:53:07,671 [INFO] ThirdParty:1030 - CMSIS Pack Vendor :emotas I-CUBE-CANOPEN 1.3.0
2025-09-18 14:53:07,671 [INFO] ThirdParty:1030 - CMSIS Pack Vendor :STMicroelectronics MBEDTLS 2.14.1
2025-09-18 14:53:07,671 [INFO] ThirdParty:1030 - CMSIS Pack Vendor :ITTIA_DB I-CUBE-ITTIADB 8.9.0
2025-09-18 14:53:07,671 [INFO] ThirdParty:1030 - CMSIS Pack Vendor :STMicroelectronics X-CUBE-STSE01 1.0.0
2025-09-18 14:53:07,671 [INFO] ThirdParty:1030 - CMSIS Pack Vendor :portGmbH I-Cube-SoM-uGOAL 1.1.0
2025-09-18 14:53:07,671 [INFO] ThirdParty:1030 - CMSIS Pack Vendor :STMicroelectronics X-CUBE-ST67W61 1.0.0
2025-09-18 14:53:07,671 [INFO] ThirdParty:1030 - CMSIS Pack Vendor :STMicroelectronics FP-SNS-STBOX1 2.1.0
2025-09-18 14:53:07,671 [INFO] ThirdParty:1030 - CMSIS Pack Vendor :STMicroelectronics X-CUBE-AI 10.2.0
2025-09-18 14:53:07,672 [INFO] ThirdParty:1030 - CMSIS Pack Vendor :STMicroelectronics FP-SNS-STAIOTCFT 1.0.0
2025-09-18 14:53:07,672 [INFO] ThirdParty:1030 - CMSIS Pack Vendor :STMicroelectronics ThreadX 1.0.0
2025-09-18 14:53:07,672 [INFO] ThirdParty:1030 - CMSIS Pack Vendor :STMicroelectronics FP-SNS-SMARTAG2 1.2.0
2025-09-18 14:53:07,672 [INFO] ThirdParty:1030 - CMSIS Pack Vendor :STMicroelectronics FP-SNS-FLIGHT1 5.1.0
2025-09-18 14:53:07,672 [INFO] ThirdParty:1030 - CMSIS Pack Vendor :STMicroelectronics X-CUBE-AZRTOS-WL 2.0.0
2025-09-18 14:53:07,672 [INFO] ThirdParty:1030 - CMSIS Pack Vendor :SEGGER I-CUBE-embOS 1.3.1
2025-09-18 14:53:07,672 [INFO] ThirdParty:1030 - CMSIS Pack Vendor :STMicroelectronics X-CUBE-ALGOBUILD 1.4.0
2025-09-18 14:53:07,672 [INFO] ThirdParty:1030 - CMSIS Pack Vendor :STMicroelectronics X-CUBE-DPower 1.3.0
2025-09-18 14:53:07,672 [INFO] ThirdParty:1030 - CMSIS Pack Vendor :STMicroelectronics X-CUBE-MEMS1 11.3.0
2025-09-18 14:53:07,672 [INFO] ThirdParty:1030 - CMSIS Pack Vendor :STMicroelectronics FP-SNS-MOTENV1 5.0.0
2025-09-18 14:53:07,672 [INFO] ThirdParty:1030 - CMSIS Pack Vendor :STMicroelectronics USB_DEVICE 1.0.0
2025-09-18 14:53:07,672 [INFO] ThirdParty:1030 - CMSIS Pack Vendor :STMicroelectronics X-CUBE-AZRTOS-L4 2.0.0
2025-09-18 14:53:07,672 [INFO] ThirdParty:1030 - CMSIS Pack Vendor :STMicroelectronics ThreadX 0.0.2
2025-09-18 14:53:07,672 [INFO] ThirdParty:1030 - CMSIS Pack Vendor :WES I-CUBE-Cesium 1.3.0
2025-09-18 14:53:07,672 [INFO] ThirdParty:1030 - CMSIS Pack Vendor :STMicroelectronics lwIP 2.1.2
2025-09-18 14:53:07,672 [INFO] ThirdParty:1030 - CMSIS Pack Vendor :STMicroelectronics X-CUBE-SFXS2LP1 4.0.0
2025-09-18 14:53:07,672 [INFO] ThirdParty:1030 - CMSIS Pack Vendor :STMicroelectronics X-CUBE-BLE2 3.3.0
2025-09-18 14:53:07,672 [INFO] ThirdParty:1030 - CMSIS Pack Vendor :STMicroelectronics X-CUBE-TOF1 3.4.3
2025-09-18 14:53:07,672 [INFO] ThirdParty:1030 - CMSIS Pack Vendor :STMicroelectronics PDM2PCM 3.2.0
2025-09-18 14:53:07,672 [INFO] ThirdParty:841 - exiting critical section [change project]
2025-09-18 14:53:08,221 [INFO] PinOutPanel:1589 - setPackage(No Configuration,No Configuration)
2025-09-18 14:53:08,222 [INFO] PinOutPanel:1589 - setPackage(STM32F767ZITx,LQFP144)
2025-09-18 14:53:08,789 [INFO] UtilMem:75 - Before build in PCC Used Memory: 353650080 Bytes (426770432)
2025-09-18 14:53:09,607 [INFO] UtilMem:75 - After build in PCC Used Memory: 273829968 Bytes (426770432)
2025-09-18 14:53:09,638 [INFO] IPUIPlugin:80 - create IPUIPlugin
2025-09-18 14:53:09,638 [INFO] IPUIPlugin:80 - create IPUIPlugin
2025-09-18 14:53:09,638 [INFO] IPUIPlugin:80 - create IPUIPlugin
2025-09-18 14:53:09,638 [INFO] IPUIPlugin:80 - create IPUIPlugin
2025-09-18 14:53:09,638 [INFO] IPUIPlugin:80 - create IPUIPlugin
2025-09-18 14:53:09,638 [INFO] IPUIPlugin:80 - create IPUIPlugin
2025-09-18 14:53:09,638 [INFO] IPUIPlugin:80 - create IPUIPlugin
2025-09-18 14:53:09,638 [INFO] IPUIPlugin:80 - create IPUIPlugin
2025-09-18 14:53:09,638 [INFO] IPUIPlugin:80 - create IPUIPlugin
2025-09-18 14:53:09,638 [INFO] IPUIPlugin:80 - create IPUIPlugin
2025-09-18 14:53:09,638 [INFO] IPUIPlugin:80 - create IPUIPlugin
2025-09-18 14:53:09,638 [INFO] IPUIPlugin:80 - create IPUIPlugin
2025-09-18 14:53:09,638 [INFO] IPUIPlugin:80 - create IPUIPlugin
2025-09-18 14:53:09,639 [INFO] IPUIPlugin:80 - create IPUIPlugin
2025-09-18 14:53:09,639 [INFO] IPUIPlugin:80 - create IPUIPlugin
2025-09-18 14:53:09,639 [INFO] IPUIPlugin:80 - create IPUIPlugin
2025-09-18 14:53:09,639 [INFO] IPUIPlugin:80 - create IPUIPlugin
2025-09-18 14:53:09,639 [INFO] IPUIPlugin:80 - create IPUIPlugin
2025-09-18 14:53:09,639 [INFO] IPUIPlugin:80 - create IPUIPlugin
2025-09-18 14:53:09,639 [INFO] IPUIPlugin:80 - create IPUIPlugin
2025-09-18 14:53:09,639 [INFO] IPUIPlugin:80 - create IPUIPlugin
2025-09-18 14:53:09,639 [INFO] IPUIPlugin:80 - create IPUIPlugin
2025-09-18 14:53:09,639 [INFO] IPUIPlugin:80 - create IPUIPlugin
2025-09-18 14:53:09,639 [INFO] IPUIPlugin:80 - create IPUIPlugin
2025-09-18 14:53:09,639 [INFO] IPUIPlugin:80 - create IPUIPlugin
2025-09-18 14:53:09,639 [INFO] IPUIPlugin:80 - create IPUIPlugin
2025-09-18 14:53:09,639 [INFO] IPUIPlugin:80 - create IPUIPlugin
2025-09-18 14:53:09,639 [INFO] IPUIPlugin:80 - create IPUIPlugin
2025-09-18 14:53:09,640 [INFO] IPUIPlugin:80 - create IPUIPlugin
2025-09-18 14:53:09,640 [INFO] IPUIPlugin:80 - create IPUIPlugin
2025-09-18 14:53:09,640 [INFO] IPUIPlugin:80 - create IPUIPlugin
2025-09-18 14:53:09,641 [INFO] IPUIPlugin:80 - create IPUIPlugin
2025-09-18 14:53:09,641 [INFO] IPUIPlugin:80 - create IPUIPlugin
2025-09-18 14:53:09,641 [INFO] IPUIPlugin:80 - create IPUIPlugin
2025-09-18 14:53:09,641 [INFO] IPUIPlugin:80 - create IPUIPlugin
2025-09-18 14:53:09,641 [INFO] IPUIPlugin:80 - create IPUIPlugin
2025-09-18 14:53:09,641 [INFO] IPUIPlugin:80 - create IPUIPlugin
2025-09-18 14:53:09,642 [INFO] IPUIPlugin:80 - create IPUIPlugin
2025-09-18 14:53:09,642 [INFO] IPUIPlugin:80 - create IPUIPlugin
2025-09-18 14:53:09,642 [INFO] IPUIPlugin:80 - create IPUIPlugin
2025-09-18 14:53:09,642 [INFO] IPUIPlugin:80 - create IPUIPlugin
2025-09-18 14:53:09,642 [INFO] IPUIPlugin:80 - create IPUIPlugin
2025-09-18 14:53:09,642 [INFO] IPUIPlugin:80 - create IPUIPlugin
2025-09-18 14:53:09,643 [INFO] IPUIPlugin:80 - create IPUIPlugin
2025-09-18 14:53:09,643 [INFO] IPUIPlugin:80 - create IPUIPlugin
2025-09-18 14:53:09,643 [INFO] IPUIPlugin:80 - create IPUIPlugin
2025-09-18 14:53:09,643 [INFO] IPUIPlugin:80 - create IPUIPlugin
2025-09-18 14:53:09,643 [INFO] IPUIPlugin:80 - create IPUIPlugin
2025-09-18 14:53:09,643 [INFO] IPUIPlugin:80 - create IPUIPlugin
2025-09-18 14:53:09,643 [INFO] IPUIPlugin:80 - create IPUIPlugin
2025-09-18 14:53:09,644 [INFO] IPUIPlugin:80 - create IPUIPlugin
2025-09-18 14:53:09,644 [INFO] IPUIPlugin:80 - create IPUIPlugin
2025-09-18 14:53:09,644 [INFO] IPUIPlugin:80 - create IPUIPlugin
2025-09-18 14:53:09,644 [INFO] IPUIPlugin:80 - create IPUIPlugin
2025-09-18 14:53:09,644 [INFO] IPUIPlugin:80 - create IPUIPlugin
2025-09-18 14:53:09,644 [INFO] IPUIPlugin:80 - create IPUIPlugin
2025-09-18 14:53:09,644 [INFO] IPUIPlugin:80 - create IPUIPlugin
2025-09-18 14:53:09,645 [INFO] IPUIPlugin:80 - create IPUIPlugin
2025-09-18 14:53:09,645 [INFO] IPUIPlugin:80 - create IPUIPlugin
2025-09-18 14:53:09,645 [INFO] IPUIPlugin:80 - create IPUIPlugin
2025-09-18 14:53:09,645 [INFO] IPUIPlugin:80 - create IPUIPlugin
2025-09-18 14:53:09,645 [INFO] IPUIPlugin:80 - create IPUIPlugin
2025-09-18 14:53:09,645 [INFO] IPUIPlugin:80 - create IPUIPlugin
2025-09-18 14:53:09,645 [INFO] IPUIPlugin:80 - create IPUIPlugin
2025-09-18 14:53:09,646 [INFO] IPUIPlugin:80 - create IPUIPlugin
2025-09-18 14:53:09,646 [INFO] IPUIPlugin:80 - create IPUIPlugin
2025-09-18 14:53:09,646 [INFO] IPUIPlugin:80 - create IPUIPlugin
2025-09-18 14:53:09,646 [INFO] IPUIPlugin:80 - create IPUIPlugin
2025-09-18 14:53:09,646 [INFO] IPUIPlugin:80 - create IPUIPlugin
2025-09-18 14:53:09,646 [INFO] IPUIPlugin:80 - create IPUIPlugin
2025-09-18 14:53:09,647 [INFO] IPUIPlugin:80 - create IPUIPlugin
2025-09-18 14:53:09,647 [INFO] IPUIPlugin:80 - create IPUIPlugin
2025-09-18 14:53:09,648 [INFO] IPUIPlugin:80 - create IPUIPlugin
2025-09-18 14:53:09,648 [INFO] IPUIPlugin:80 - create IPUIPlugin
2025-09-18 14:53:09,648 [INFO] IPUIPlugin:80 - create IPUIPlugin
2025-09-18 14:53:09,649 [INFO] IPUIPlugin:80 - create IPUIPlugin
2025-09-18 14:53:09,649 [INFO] IPUIPlugin:80 - create IPUIPlugin
2025-09-18 14:53:09,649 [INFO] IPUIPlugin:80 - create IPUIPlugin
2025-09-18 14:53:09,650 [INFO] IPUIPlugin:80 - create IPUIPlugin
2025-09-18 14:53:09,804 [INFO] ApiDbMcu:532 - Load IP Config File for PDM2PCM
2025-09-18 14:53:10,106 [INFO] CADModel:165 - CPN selected for project levelSTM32F767ZIT6
2025-09-18 14:53:10,106 [INFO] CADModel:114 - Register for checkConnection events
2025-09-18 14:53:10,144 [INFO] OpenFileManager:386 - Restore cursor
2025-09-18 14:53:15,011 [INFO] Gpio:278 - dependency for GPIO [ADC1, RCC, SYS, USART3, USB_OTG_FS]
2025-09-18 15:05:13,717 [INFO] Gpio:278 - dependency for GPIO [ADC1, RCC, SYS, USART3, USB_OTG_FS]
2025-09-18 15:05:59,994 [INFO] NvicIntPanel:101 - NVIC parent = com.st.microxplorer.plugins.ip.nvic.MultiNvicIntPanel[,0,0,0x0,invalid,layout=javax.swing.BoxLayout,alignmentX=0.0,alignmentY=0.0,border=,flags=9,maximumSize=,minimumSize=,preferredSize=]
2025-09-18 15:07:13,783 [INFO] UtilMem:75 - End SaveConfig() Used Memory: 400256616 Bytes (1017118720)
2025-09-18 15:07:14,250 [INFO] UtilMem:75 - End SaveConfig() Used Memory: 453209672 Bytes (1017118720)
2025-09-18 15:07:14,648 [INFO] BlockDiagram:2775 - set Specific Code input for plugin: TIM1_8F77
2025-09-18 15:07:14,648 [INFO] BlockDiagram:2775 - set Specific Code input for plugin: TIM1_8F77
2025-09-18 15:07:14,648 [INFO] BlockDiagram:2775 - set Specific Code input for plugin: SYS
2025-09-18 15:07:14,648 [INFO] BlockDiagram:2775 - set Specific Code input for plugin: ADC
2025-09-18 15:07:14,648 [INFO] BlockDiagram:2775 - set Specific Code input for plugin: RCC
2025-09-18 15:07:14,648 [INFO] BlockDiagram:2775 - set Specific Code input for plugin: USB_OTG_FS
2025-09-18 15:07:14,648 [INFO] BlockDiagram:2775 - set Specific Code input for plugin: NVIC
2025-09-18 15:07:14,648 [INFO] BlockDiagram:2775 - set Specific Code input for plugin: USART
2025-09-18 15:07:14,649 [INFO] BlockDiagram:2775 - set Specific Code input for plugin: GPIO
2025-09-18 15:07:14,651 [INFO] CodeGenerator:892 - code generatio: config db path: E:\STM32CubeIDE_1.19.0\STM32CubeIDE\plugins\com.st.stm32cube.common.mx_6.15.0.202507011659\\db\
2025-09-18 15:07:14,808 [INFO] CodeEngine:265 - oldGeneratedFile, E:\STM32CubeIDE\Project\MXTmpFiles\license.tmp_save
2025-09-18 15:07:15,144 [INFO] CodeEngine:289 - Generated code: E:\STM32CubeIDE\Project\MXTmpFiles\license.tmp
2025-09-18 15:07:15,231 [INFO] CodeEngine:265 - oldGeneratedFile, E:\STM32CubeIDE\Project\Core\Src\gpio.c_save
2025-09-18 15:07:15,381 [INFO] CodeEngine:289 - Generated code: E:\STM32CubeIDE\Project\Core\Src\gpio.c
2025-09-18 15:07:15,386 [INFO] CodeEngine:265 - oldGeneratedFile, E:\STM32CubeIDE\Project\Core\Inc\gpio.h_save
2025-09-18 15:07:15,447 [INFO] CodeEngine:289 - Generated code: E:\STM32CubeIDE\Project\Core\Inc\gpio.h
2025-09-18 15:07:15,856 [WARN] IPConfigManager:3238 - Warning: the RefConfig PWREx_EnableUSBVoltageDetector is not available in your config.xml file
2025-09-18 15:07:15,871 [INFO] CodeEngine:265 - oldGeneratedFile, E:\STM32CubeIDE\Project\Core\Src\adc.c_save
2025-09-18 15:07:16,012 [INFO] CodeEngine:289 - Generated code: E:\STM32CubeIDE\Project\Core\Src\adc.c
2025-09-18 15:07:16,017 [INFO] CodeEngine:265 - oldGeneratedFile, E:\STM32CubeIDE\Project\Core\Inc\adc.h_save
2025-09-18 15:07:16,078 [INFO] CodeEngine:289 - Generated code: E:\STM32CubeIDE\Project\Core\Inc\adc.h
2025-09-18 15:07:16,085 [INFO] CodeEngine:265 - oldGeneratedFile, E:\STM32CubeIDE\Project\MXTmpFiles\cortex.tmp_save
2025-09-18 15:07:16,165 [INFO] CodeEngine:289 - Generated code: E:\STM32CubeIDE\Project\MXTmpFiles\cortex.tmp
2025-09-18 15:07:16,180 [INFO] CodeEngine:265 - oldGeneratedFile, E:\STM32CubeIDE\Project\Core\Src\tim.c_save
2025-09-18 15:07:16,308 [INFO] CodeEngine:289 - Generated code: E:\STM32CubeIDE\Project\Core\Src\tim.c
2025-09-18 15:07:16,312 [INFO] CodeEngine:265 - oldGeneratedFile, E:\STM32CubeIDE\Project\Core\Inc\tim.h_save
2025-09-18 15:07:16,379 [INFO] CodeEngine:289 - Generated code: E:\STM32CubeIDE\Project\Core\Inc\tim.h
2025-09-18 15:07:16,386 [INFO] CodeEngine:265 - oldGeneratedFile, E:\STM32CubeIDE\Project\Core\Src\usart.c_save
2025-09-18 15:07:16,491 [INFO] CodeEngine:289 - Generated code: E:\STM32CubeIDE\Project\Core\Src\usart.c
2025-09-18 15:07:16,496 [INFO] CodeEngine:265 - oldGeneratedFile, E:\STM32CubeIDE\Project\Core\Inc\usart.h_save
2025-09-18 15:07:16,536 [INFO] CodeEngine:289 - Generated code: E:\STM32CubeIDE\Project\Core\Inc\usart.h
2025-09-18 15:07:16,542 [INFO] CodeEngine:265 - oldGeneratedFile, E:\STM32CubeIDE\Project\Core\Src\usb_otg.c_save
2025-09-18 15:07:16,651 [INFO] CodeEngine:289 - Generated code: E:\STM32CubeIDE\Project\Core\Src\usb_otg.c
2025-09-18 15:07:16,655 [INFO] CodeEngine:265 - oldGeneratedFile, E:\STM32CubeIDE\Project\Core\Inc\usb_otg.h_save
2025-09-18 15:07:16,703 [INFO] CodeEngine:289 - Generated code: E:\STM32CubeIDE\Project\Core\Inc\usb_otg.h
2025-09-18 15:07:16,716 [INFO] CodeEngine:265 - oldGeneratedFile, E:\STM32CubeIDE\Project\Core\Src\stm32f7xx_it.c_save
2025-09-18 15:07:16,849 [INFO] CodeEngine:289 - Generated code: E:\STM32CubeIDE\Project\Core\Src\stm32f7xx_it.c
2025-09-18 15:07:16,853 [INFO] CodeEngine:265 - oldGeneratedFile, E:\STM32CubeIDE\Project\Core\Inc\stm32f7xx_it.h_save
2025-09-18 15:07:16,911 [INFO] CodeEngine:289 - Generated code: E:\STM32CubeIDE\Project\Core\Inc\stm32f7xx_it.h
2025-09-18 15:07:16,924 [INFO] CodeEngine:265 - oldGeneratedFile, E:\STM32CubeIDE\Project\Core\Src\stm32f7xx_hal_msp.c_save
2025-09-18 15:07:17,020 [INFO] CodeEngine:289 - Generated code: E:\STM32CubeIDE\Project\Core\Src\stm32f7xx_hal_msp.c
2025-09-18 15:07:17,024 [INFO] CodeEngine:265 - oldGeneratedFile, E:\STM32CubeIDE\Project\MXTmpFiles\system.tmp_save
2025-09-18 15:07:17,065 [INFO] CodeEngine:289 - Generated code: E:\STM32CubeIDE\Project\MXTmpFiles\system.tmp
2025-09-18 15:07:17,073 [INFO] CodeEngine:321 - oldGeneratedFile, E:\STM32CubeIDE\Project\Core\Inc\stm32f7xx_hal_conf.h_save
2025-09-18 15:07:17,179 [INFO] CodeEngine:345 - Generated code: E:\STM32CubeIDE\Project\Core\Inc\stm32f7xx_hal_conf.h
2025-09-18 15:07:17,213 [INFO] ApiDbMcu:532 - Load IP Config File for ADC1
2025-09-18 15:07:17,221 [INFO] ApiDbMcu:532 - Load IP Config File for TIM1
2025-09-18 15:07:17,230 [INFO] ApiDbMcu:532 - Load IP Config File for TIM2
2025-09-18 15:07:17,233 [INFO] ApiDbMcu:532 - Load IP Config File for USART3
2025-09-18 15:07:17,235 [INFO] ApiDbMcu:532 - Load IP Config File for USB_OTG_FS
2025-09-18 15:07:17,237 [INFO] ApiDbMcu:532 - Load IP Config File for RCC
2025-09-18 15:07:17,246 [INFO] CodeEngine:265 - oldGeneratedFile, E:\STM32CubeIDE\Project\Core\Inc\main.h_save
2025-09-18 15:07:17,358 [INFO] CodeEngine:289 - Generated code: E:\STM32CubeIDE\Project\Core\Inc\main.h
2025-09-18 15:07:17,362 [INFO] CodeEngine:265 - oldGeneratedFile, E:\STM32CubeIDE\Project\Core\Src\main.c_save
2025-09-18 15:07:17,476 [INFO] CodeEngine:289 - Generated code: E:\STM32CubeIDE\Project\Core\Src\main.c
2025-09-18 15:07:17,736 [INFO] ProjectBuilder:3606 - Time for Copy HAL[1] : 152mS.
2025-09-18 15:07:17,739 [INFO] ProjectBuilder:5216 - Project Generator version: 4.7.0-B52
2025-09-18 15:07:17,788 [INFO] ConfigFileManager:1595 - The Die is : DIE451
2025-09-18 15:07:17,795 [INFO] ApiDbMcu:532 - Load IP Config File for FATFS
2025-09-18 15:07:17,798 [INFO] ApiDbMcu:532 - Load IP Config File for FREERTOS
2025-09-18 15:07:17,800 [INFO] ApiDbMcu:532 - Load IP Config File for LIBJPEG
2025-09-18 15:07:17,805 [INFO] ApiDbMcu:532 - Load IP Config File for LWIP
2025-09-18 15:07:17,811 [INFO] ApiDbMcu:532 - Load IP Config File for MBEDTLS
2025-09-18 15:07:17,816 [INFO] ApiDbMcu:532 - Load IP Config File for USB_DEVICE
2025-09-18 15:07:17,818 [INFO] ApiDbMcu:532 - Load IP Config File for USB_HOST
2025-09-18 15:07:18,108 [INFO] LogOutputStream:77 - [STDOUT_REDIRECT] 
2025-09-18 15:07:18,643 [INFO] ProjectBuilder:5496 - Time for Generating toolchain IDE Files: 903mS.
2025-09-18 15:07:18,643 [INFO] ProjectBuilder:3463 - Time for Copy CMSIS : 0mS.
2025-09-18 15:07:18,645 [INFO] ProjectBuilder:3463 - Time for Copy CMSIS : 1mS.
2025-09-18 15:44:51,722 [INFO] UtilMem:75 - End SaveConfig() Used Memory: 559609192 Bytes (1031798784)
2025-09-18 15:44:51,973 [INFO] BlockDiagram:2775 - set Specific Code input for plugin: TIM1_8F77
2025-09-18 15:44:51,973 [INFO] BlockDiagram:2775 - set Specific Code input for plugin: TIM1_8F77
2025-09-18 15:44:51,973 [INFO] BlockDiagram:2775 - set Specific Code input for plugin: SYS
2025-09-18 15:44:51,974 [INFO] BlockDiagram:2775 - set Specific Code input for plugin: ADC
2025-09-18 15:44:51,974 [INFO] BlockDiagram:2775 - set Specific Code input for plugin: RCC
2025-09-18 15:44:51,974 [INFO] BlockDiagram:2775 - set Specific Code input for plugin: USB_OTG_FS
2025-09-18 15:44:51,974 [INFO] BlockDiagram:2775 - set Specific Code input for plugin: NVIC
2025-09-18 15:44:51,974 [INFO] BlockDiagram:2775 - set Specific Code input for plugin: USART
2025-09-18 15:44:51,975 [INFO] BlockDiagram:2775 - set Specific Code input for plugin: GPIO
2025-09-18 15:44:51,976 [INFO] CodeGenerator:892 - code generatio: config db path: E:\STM32CubeIDE_1.19.0\STM32CubeIDE\plugins\com.st.stm32cube.common.mx_6.15.0.202507011659\\db\
2025-09-18 15:44:52,067 [INFO] CodeEngine:265 - oldGeneratedFile, E:\STM32CubeIDE\Project\MXTmpFiles\license.tmp_save
2025-09-18 15:44:52,232 [INFO] CodeEngine:289 - Generated code: E:\STM32CubeIDE\Project\MXTmpFiles\license.tmp
2025-09-18 15:44:52,297 [INFO] CodeEngine:265 - oldGeneratedFile, E:\STM32CubeIDE\Project\Core\Src\gpio.c_save
2025-09-18 15:44:52,418 [INFO] CodeEngine:289 - Generated code: E:\STM32CubeIDE\Project\Core\Src\gpio.c
2025-09-18 15:44:52,422 [INFO] CodeEngine:265 - oldGeneratedFile, E:\STM32CubeIDE\Project\Core\Inc\gpio.h_save
2025-09-18 15:44:52,483 [INFO] CodeEngine:289 - Generated code: E:\STM32CubeIDE\Project\Core\Inc\gpio.h
2025-09-18 15:44:52,746 [WARN] IPConfigManager:3238 - Warning: the RefConfig PWREx_EnableUSBVoltageDetector is not available in your config.xml file
2025-09-18 15:44:52,760 [INFO] CodeEngine:265 - oldGeneratedFile, E:\STM32CubeIDE\Project\Core\Src\adc.c_save
2025-09-18 15:44:52,910 [INFO] CodeEngine:289 - Generated code: E:\STM32CubeIDE\Project\Core\Src\adc.c
2025-09-18 15:44:52,914 [INFO] CodeEngine:265 - oldGeneratedFile, E:\STM32CubeIDE\Project\Core\Inc\adc.h_save
2025-09-18 15:44:52,960 [INFO] CodeEngine:289 - Generated code: E:\STM32CubeIDE\Project\Core\Inc\adc.h
2025-09-18 15:44:52,966 [INFO] CodeEngine:265 - oldGeneratedFile, E:\STM32CubeIDE\Project\MXTmpFiles\cortex.tmp_save
2025-09-18 15:44:53,045 [INFO] CodeEngine:289 - Generated code: E:\STM32CubeIDE\Project\MXTmpFiles\cortex.tmp
2025-09-18 15:44:53,060 [INFO] CodeEngine:265 - oldGeneratedFile, E:\STM32CubeIDE\Project\Core\Src\tim.c_save
2025-09-18 15:44:53,161 [INFO] CodeEngine:289 - Generated code: E:\STM32CubeIDE\Project\Core\Src\tim.c
2025-09-18 15:44:53,164 [INFO] CodeEngine:265 - oldGeneratedFile, E:\STM32CubeIDE\Project\Core\Inc\tim.h_save
2025-09-18 15:44:53,206 [INFO] CodeEngine:289 - Generated code: E:\STM32CubeIDE\Project\Core\Inc\tim.h
2025-09-18 15:44:53,214 [INFO] CodeEngine:265 - oldGeneratedFile, E:\STM32CubeIDE\Project\Core\Src\usart.c_save
2025-09-18 15:44:53,313 [INFO] CodeEngine:289 - Generated code: E:\STM32CubeIDE\Project\Core\Src\usart.c
2025-09-18 15:44:53,316 [INFO] CodeEngine:265 - oldGeneratedFile, E:\STM32CubeIDE\Project\Core\Inc\usart.h_save
2025-09-18 15:44:53,360 [INFO] CodeEngine:289 - Generated code: E:\STM32CubeIDE\Project\Core\Inc\usart.h
2025-09-18 15:44:53,367 [INFO] CodeEngine:265 - oldGeneratedFile, E:\STM32CubeIDE\Project\Core\Src\usb_otg.c_save
2025-09-18 15:44:53,469 [INFO] CodeEngine:289 - Generated code: E:\STM32CubeIDE\Project\Core\Src\usb_otg.c
2025-09-18 15:44:53,472 [INFO] CodeEngine:265 - oldGeneratedFile, E:\STM32CubeIDE\Project\Core\Inc\usb_otg.h_save
2025-09-18 15:44:53,514 [INFO] CodeEngine:289 - Generated code: E:\STM32CubeIDE\Project\Core\Inc\usb_otg.h
2025-09-18 15:44:53,528 [INFO] CodeEngine:265 - oldGeneratedFile, E:\STM32CubeIDE\Project\Core\Src\stm32f7xx_it.c_save
2025-09-18 15:44:53,714 [INFO] CodeEngine:289 - Generated code: E:\STM32CubeIDE\Project\Core\Src\stm32f7xx_it.c
2025-09-18 15:44:53,718 [INFO] CodeEngine:265 - oldGeneratedFile, E:\STM32CubeIDE\Project\Core\Inc\stm32f7xx_it.h_save
2025-09-18 15:44:53,767 [INFO] CodeEngine:289 - Generated code: E:\STM32CubeIDE\Project\Core\Inc\stm32f7xx_it.h
2025-09-18 15:44:53,781 [INFO] CodeEngine:265 - oldGeneratedFile, E:\STM32CubeIDE\Project\Core\Src\stm32f7xx_hal_msp.c_save
2025-09-18 15:44:53,883 [INFO] CodeEngine:289 - Generated code: E:\STM32CubeIDE\Project\Core\Src\stm32f7xx_hal_msp.c
2025-09-18 15:44:53,886 [INFO] CodeEngine:265 - oldGeneratedFile, E:\STM32CubeIDE\Project\MXTmpFiles\system.tmp_save
2025-09-18 15:44:53,922 [INFO] CodeEngine:289 - Generated code: E:\STM32CubeIDE\Project\MXTmpFiles\system.tmp
2025-09-18 15:44:53,930 [INFO] CodeEngine:321 - oldGeneratedFile, E:\STM32CubeIDE\Project\Core\Inc\stm32f7xx_hal_conf.h_save
2025-09-18 15:44:54,035 [INFO] CodeEngine:345 - Generated code: E:\STM32CubeIDE\Project\Core\Inc\stm32f7xx_hal_conf.h
2025-09-18 15:44:54,061 [INFO] CodeEngine:265 - oldGeneratedFile, E:\STM32CubeIDE\Project\Core\Inc\main.h_save
2025-09-18 15:44:54,159 [INFO] CodeEngine:289 - Generated code: E:\STM32CubeIDE\Project\Core\Inc\main.h
2025-09-18 15:44:54,164 [INFO] CodeEngine:265 - oldGeneratedFile, E:\STM32CubeIDE\Project\Core\Src\main.c_save
2025-09-18 15:44:54,239 [INFO] CodeEngine:289 - Generated code: E:\STM32CubeIDE\Project\Core\Src\main.c
2025-09-18 15:44:54,500 [INFO] ProjectBuilder:3606 - Time for Copy HAL[1] : 113mS.
2025-09-18 15:44:54,504 [INFO] ProjectBuilder:5216 - Project Generator version: 4.7.0-B52
2025-09-18 15:44:54,552 [INFO] ConfigFileManager:1595 - The Die is : DIE451
2025-09-18 15:44:55,054 [INFO] ProjectBuilder:5496 - Time for Generating toolchain IDE Files: 550mS.
2025-09-18 15:44:55,055 [INFO] ProjectBuilder:3463 - Time for Copy CMSIS : 1mS.
2025-09-18 15:44:55,056 [INFO] ProjectBuilder:3463 - Time for Copy CMSIS : 0mS.
2025-09-18 15:46:06,426 [INFO] NvicIntPanel:101 - NVIC parent = com.st.microxplorer.plugins.ip.nvic.MultiNvicIntPanel[,0,0,0x0,invalid,layout=javax.swing.BoxLayout,alignmentX=0.0,alignmentY=0.0,border=,flags=9,maximumSize=,minimumSize=,preferredSize=]
2025-09-18 15:46:12,560 [INFO] NvicIntPanel:101 - NVIC parent = com.st.microxplorer.plugins.ip.nvic.MultiNvicIntPanel[,0,0,0x0,invalid,layout=javax.swing.BoxLayout,alignmentX=0.0,alignmentY=0.0,border=,flags=9,maximumSize=,minimumSize=,preferredSize=]
2025-09-18 15:46:15,035 [INFO] NvicIntPanel:101 - NVIC parent = com.st.microxplorer.plugins.ip.nvic.MultiNvicIntPanel[,0,0,0x0,invalid,layout=javax.swing.BoxLayout,alignmentX=0.0,alignmentY=0.0,border=,flags=9,maximumSize=,minimumSize=,preferredSize=]
2025-09-18 15:46:20,194 [INFO] NvicIntPanel:101 - NVIC parent = com.st.microxplorer.plugins.ip.nvic.MultiNvicIntPanel[,0,0,0x0,invalid,layout=javax.swing.BoxLayout,alignmentX=0.0,alignmentY=0.0,border=,flags=9,maximumSize=,minimumSize=,preferredSize=]
2025-09-18 15:46:24,377 [INFO] UtilMem:75 - End SaveConfig() Used Memory: 873091776 Bytes (1031798784)
2025-09-18 15:46:24,745 [INFO] UtilMem:75 - End SaveConfig() Used Memory: 921852608 Bytes (1031798784)
2025-09-18 15:46:24,895 [INFO] BlockDiagram:2775 - set Specific Code input for plugin: TIM1_8F77
2025-09-18 15:46:24,895 [INFO] BlockDiagram:2775 - set Specific Code input for plugin: TIM1_8F77
2025-09-18 15:46:24,895 [INFO] BlockDiagram:2775 - set Specific Code input for plugin: SYS
2025-09-18 15:46:24,895 [INFO] BlockDiagram:2775 - set Specific Code input for plugin: ADC
2025-09-18 15:46:24,895 [INFO] BlockDiagram:2775 - set Specific Code input for plugin: RCC
2025-09-18 15:46:24,895 [INFO] BlockDiagram:2775 - set Specific Code input for plugin: USB_OTG_FS
2025-09-18 15:46:24,895 [INFO] BlockDiagram:2775 - set Specific Code input for plugin: NVIC
2025-09-18 15:46:24,895 [INFO] BlockDiagram:2775 - set Specific Code input for plugin: USART
2025-09-18 15:46:24,896 [INFO] BlockDiagram:2775 - set Specific Code input for plugin: GPIO
2025-09-18 15:46:24,896 [INFO] CodeGenerator:892 - code generatio: config db path: E:\STM32CubeIDE_1.19.0\STM32CubeIDE\plugins\com.st.stm32cube.common.mx_6.15.0.202507011659\\db\
2025-09-18 15:46:24,963 [INFO] CodeEngine:265 - oldGeneratedFile, E:\STM32CubeIDE\Project\MXTmpFiles\license.tmp_save
2025-09-18 15:46:25,030 [INFO] CodeEngine:289 - Generated code: E:\STM32CubeIDE\Project\MXTmpFiles\license.tmp
2025-09-18 15:46:25,067 [INFO] CodeEngine:265 - oldGeneratedFile, E:\STM32CubeIDE\Project\Core\Src\gpio.c_save
2025-09-18 15:46:25,147 [INFO] CodeEngine:289 - Generated code: E:\STM32CubeIDE\Project\Core\Src\gpio.c
2025-09-18 15:46:25,151 [INFO] CodeEngine:265 - oldGeneratedFile, E:\STM32CubeIDE\Project\Core\Inc\gpio.h_save
2025-09-18 15:46:25,195 [INFO] CodeEngine:289 - Generated code: E:\STM32CubeIDE\Project\Core\Inc\gpio.h
2025-09-18 15:46:25,422 [WARN] IPConfigManager:3238 - Warning: the RefConfig PWREx_EnableUSBVoltageDetector is not available in your config.xml file
2025-09-18 15:46:25,433 [INFO] CodeEngine:265 - oldGeneratedFile, E:\STM32CubeIDE\Project\Core\Src\adc.c_save
2025-09-18 15:46:25,522 [INFO] CodeEngine:289 - Generated code: E:\STM32CubeIDE\Project\Core\Src\adc.c
2025-09-18 15:46:25,526 [INFO] CodeEngine:265 - oldGeneratedFile, E:\STM32CubeIDE\Project\Core\Inc\adc.h_save
2025-09-18 15:46:25,563 [INFO] CodeEngine:289 - Generated code: E:\STM32CubeIDE\Project\Core\Inc\adc.h
2025-09-18 15:46:25,568 [INFO] CodeEngine:265 - oldGeneratedFile, E:\STM32CubeIDE\Project\MXTmpFiles\cortex.tmp_save
2025-09-18 15:46:25,635 [INFO] CodeEngine:289 - Generated code: E:\STM32CubeIDE\Project\MXTmpFiles\cortex.tmp
2025-09-18 15:46:25,642 [INFO] CodeEngine:265 - oldGeneratedFile, E:\STM32CubeIDE\Project\Core\Src\tim.c_save
2025-09-18 15:46:25,757 [INFO] CodeEngine:289 - Generated code: E:\STM32CubeIDE\Project\Core\Src\tim.c
2025-09-18 15:46:25,760 [INFO] CodeEngine:265 - oldGeneratedFile, E:\STM32CubeIDE\Project\Core\Inc\tim.h_save
2025-09-18 15:46:25,797 [INFO] CodeEngine:289 - Generated code: E:\STM32CubeIDE\Project\Core\Inc\tim.h
2025-09-18 15:46:25,802 [INFO] CodeEngine:265 - oldGeneratedFile, E:\STM32CubeIDE\Project\Core\Src\usart.c_save
2025-09-18 15:46:25,888 [INFO] CodeEngine:289 - Generated code: E:\STM32CubeIDE\Project\Core\Src\usart.c
2025-09-18 15:46:25,892 [INFO] CodeEngine:265 - oldGeneratedFile, E:\STM32CubeIDE\Project\Core\Inc\usart.h_save
2025-09-18 15:46:25,936 [INFO] CodeEngine:289 - Generated code: E:\STM32CubeIDE\Project\Core\Inc\usart.h
2025-09-18 15:46:25,941 [INFO] CodeEngine:265 - oldGeneratedFile, E:\STM32CubeIDE\Project\Core\Src\usb_otg.c_save
2025-09-18 15:46:26,029 [INFO] CodeEngine:289 - Generated code: E:\STM32CubeIDE\Project\Core\Src\usb_otg.c
2025-09-18 15:46:26,033 [INFO] CodeEngine:265 - oldGeneratedFile, E:\STM32CubeIDE\Project\Core\Inc\usb_otg.h_save
2025-09-18 15:46:26,068 [INFO] CodeEngine:289 - Generated code: E:\STM32CubeIDE\Project\Core\Inc\usb_otg.h
2025-09-18 15:46:26,078 [INFO] CodeEngine:265 - oldGeneratedFile, E:\STM32CubeIDE\Project\Core\Src\stm32f7xx_it.c_save
2025-09-18 15:46:26,163 [INFO] CodeEngine:289 - Generated code: E:\STM32CubeIDE\Project\Core\Src\stm32f7xx_it.c
2025-09-18 15:46:26,166 [INFO] CodeEngine:265 - oldGeneratedFile, E:\STM32CubeIDE\Project\Core\Inc\stm32f7xx_it.h_save
2025-09-18 15:46:26,210 [INFO] CodeEngine:289 - Generated code: E:\STM32CubeIDE\Project\Core\Inc\stm32f7xx_it.h
2025-09-18 15:46:26,221 [INFO] CodeEngine:265 - oldGeneratedFile, E:\STM32CubeIDE\Project\Core\Src\stm32f7xx_hal_msp.c_save
2025-09-18 15:46:26,311 [INFO] CodeEngine:289 - Generated code: E:\STM32CubeIDE\Project\Core\Src\stm32f7xx_hal_msp.c
2025-09-18 15:46:26,313 [INFO] CodeEngine:265 - oldGeneratedFile, E:\STM32CubeIDE\Project\MXTmpFiles\system.tmp_save
2025-09-18 15:46:26,348 [INFO] CodeEngine:289 - Generated code: E:\STM32CubeIDE\Project\MXTmpFiles\system.tmp
2025-09-18 15:46:26,355 [INFO] CodeEngine:321 - oldGeneratedFile, E:\STM32CubeIDE\Project\Core\Inc\stm32f7xx_hal_conf.h_save
2025-09-18 15:46:26,459 [INFO] CodeEngine:345 - Generated code: E:\STM32CubeIDE\Project\Core\Inc\stm32f7xx_hal_conf.h
2025-09-18 15:46:26,480 [INFO] CodeEngine:265 - oldGeneratedFile, E:\STM32CubeIDE\Project\Core\Inc\main.h_save
2025-09-18 15:46:26,558 [INFO] CodeEngine:289 - Generated code: E:\STM32CubeIDE\Project\Core\Inc\main.h
2025-09-18 15:46:26,562 [INFO] CodeEngine:265 - oldGeneratedFile, E:\STM32CubeIDE\Project\Core\Src\main.c_save
2025-09-18 15:46:26,625 [INFO] CodeEngine:289 - Generated code: E:\STM32CubeIDE\Project\Core\Src\main.c
2025-09-18 15:46:26,840 [INFO] ProjectBuilder:3606 - Time for Copy HAL[1] : 92mS.
2025-09-18 15:46:26,842 [INFO] ProjectBuilder:5216 - Project Generator version: 4.7.0-B52
2025-09-18 15:46:26,882 [INFO] ConfigFileManager:1595 - The Die is : DIE451
2025-09-18 15:46:27,266 [INFO] ProjectBuilder:5496 - Time for Generating toolchain IDE Files: 424mS.
2025-09-18 15:46:27,266 [INFO] ProjectBuilder:3463 - Time for Copy CMSIS : 0mS.
2025-09-18 15:46:27,268 [INFO] ProjectBuilder:3463 - Time for Copy CMSIS : 0mS.
